fname,class_name,label,split
OBJ001_001.jpg,OBJ001,0,train
OBJ001_002.jpg,OBJ001,0,test
OBJ001_003.jpg,OBJ001,0,train
OBJ001_004.jpg,OBJ001,0,test
OBJ001_005.jpg,OBJ001,0,train
OBJ001_006.jpg,OBJ001,0,val
OBJ001_007.jpg,OBJ001,0,train
OBJ001_008.jpg,OBJ001,0,train
OBJ001_009.jpg,OBJ001,0,train
OBJ001_010.jpg,OBJ001,0,train
OBJ001_011.jpg,OBJ001,0,train
OBJ001_012.jpg,OBJ001,0,train
OBJ001_013.jpg,OBJ001,0,train
OBJ001_014.jpg,OBJ001,0,test
OBJ001_015.jpg,OBJ001,0,test
OBJ001_016.jpg,OBJ001,0,train
OBJ001_017.jpg,OBJ001,0,train
OBJ001_018.jpg,OBJ001,0,val
OBJ001_019.jpg,OBJ001,0,train
OBJ001_020.jpg,OBJ001,0,train
OBJ001_021.jpg,OBJ001,0,train
OBJ001_022.jpg,OBJ001,0,train
OBJ001_023.jpg,OBJ001,0,train
OBJ001_024.jpg,OBJ001,0,val
OBJ001_025.jpg,OBJ001,0,train
OBJ001_026.jpg,OBJ001,0,val
OBJ001_027.jpg,OBJ001,0,train
OBJ001_028.jpg,OBJ001,0,train
OBJ001_029.jpg,OBJ001,0,train
OBJ001_030.jpg,OBJ001,0,train
OBJ001_031.jpg,OBJ001,0,train
OBJ001_032.jpg,OBJ001,0,train
OBJ001_033.jpg,OBJ001,0,train
OBJ001_034.jpg,OBJ001,0,val
OBJ001_035.jpg,OBJ001,0,val
OBJ001_036.jpg,OBJ001,0,test
OBJ001_037.jpg,OBJ001,0,train
OBJ001_038.jpg,OBJ001,0,train
OBJ001_039.jpg,OBJ001,0,train
OBJ001_040.jpg,OBJ001,0,test
OBJ001_041.jpg,OBJ001,0,train
OBJ001_042.jpg,OBJ001,0,train
OBJ001_043.jpg,OBJ001,0,train
OBJ001_044.jpg,OBJ001,0,test
OBJ001_045.jpg,OBJ001,0,train
OBJ001_046.jpg,OBJ001,0,train
OBJ001_047.jpg,OBJ001,0,val
OBJ001_048.jpg,OBJ001,0,test
OBJ001_049.jpg,OBJ001,0,train
OBJ001_050.jpg,OBJ001,0,val
OBJ001_051.jpg,OBJ001,0,train
OBJ001_052.jpg,OBJ001,0,train
OBJ001_053.jpg,OBJ001,0,test
OBJ001_054.jpg,OBJ001,0,val
OBJ001_055.jpg,OBJ001,0,train
OBJ001_056.jpg,OBJ001,0,train
OBJ001_057.jpg,OBJ001,0,train
OBJ001_058.jpg,OBJ001,0,train
OBJ001_059.jpg,OBJ001,0,train
OBJ001_060.jpg,OBJ001,0,test
OBJ001_061.jpg,OBJ001,0,train
OBJ001_062.jpg,OBJ001,0,test
OBJ001_063.jpg,OBJ001,0,test
OBJ001_064.jpg,OBJ001,0,train
OBJ001_065.jpg,OBJ001,0,train
OBJ001_066.jpg,OBJ001,0,train
OBJ001_067.jpg,OBJ001,0,train
OBJ001_068.jpg,OBJ001,0,train
OBJ001_069.jpg,OBJ001,0,train
OBJ001_070.jpg,OBJ001,0,train
OBJ001_071.jpg,OBJ001,0,train
OBJ001_072.jpg,OBJ001,0,val
OBJ001_073.jpg,OBJ001,0,train
OBJ001_074.jpg,OBJ001,0,test
OBJ001_075.jpg,OBJ001,0,train
OBJ001_076.jpg,OBJ001,0,train
OBJ001_077.jpg,OBJ001,0,train
OBJ001_078.jpg,OBJ001,0,test
OBJ001_079.jpg,OBJ001,0,train
OBJ001_080.jpg,OBJ001,0,train
OBJ001_081.jpg,OBJ001,0,val
OBJ001_082.jpg,OBJ001,0,train
OBJ001_083.jpg,OBJ001,0,train
OBJ001_084.jpg,OBJ001,0,train
OBJ001_085.jpg,OBJ001,0,train
OBJ001_086.jpg,OBJ001,0,val
OBJ001_087.jpg,OBJ001,0,train
OBJ001_088.jpg,OBJ001,0,train
OBJ001_089.jpg,OBJ001,0,val
OBJ001_090.jpg,OBJ001,0,train
OBJ001_091.jpg,OBJ001,0,train
OBJ001_092.jpg,OBJ001,0,train
OBJ001_093.jpg,OBJ001,0,val
OBJ001_094.jpg,OBJ001,0,train
OBJ001_095.jpg,OBJ001,0,train
OBJ002_001.jpg,OBJ002,1,val
OBJ002_002.jpg,OBJ002,1,train
OBJ002_003.jpg,OBJ002,1,val
OBJ002_004.jpg,OBJ002,1,train
OBJ002_005.jpg,OBJ002,1,train
OBJ002_006.jpg,OBJ002,1,test
OBJ002_007.jpg,OBJ002,1,train
OBJ002_008.jpg,OBJ002,1,train
OBJ002_009.jpg,OBJ002,1,test
OBJ002_010.jpg,OBJ002,1,train
OBJ002_011.jpg,OBJ002,1,train
OBJ002_012.jpg,OBJ002,1,train
OBJ002_013.jpg,OBJ002,1,train
OBJ002_014.jpg,OBJ002,1,train
OBJ002_015.jpg,OBJ002,1,train
OBJ002_016.jpg,OBJ002,1,train
OBJ002_017.jpg,OBJ002,1,train
OBJ002_018.jpg,OBJ002,1,train
OBJ002_019.jpg,OBJ002,1,train
OBJ002_020.jpg,OBJ002,1,train
OBJ002_021.jpg,OBJ002,1,train
OBJ002_022.jpg,OBJ002,1,train
OBJ002_023.jpg,OBJ002,1,train
OBJ002_024.jpg,OBJ002,1,train
OBJ002_025.jpg,OBJ002,1,train
OBJ002_026.jpg,OBJ002,1,train
OBJ002_027.jpg,OBJ002,1,test
OBJ002_028.jpg,OBJ002,1,val
OBJ002_029.jpg,OBJ002,1,train
OBJ002_030.jpg,OBJ002,1,test
OBJ002_031.jpg,OBJ002,1,train
OBJ002_032.jpg,OBJ002,1,train
OBJ002_033.jpg,OBJ002,1,train
OBJ002_034.jpg,OBJ002,1,train
OBJ002_035.jpg,OBJ002,1,train
OBJ002_036.jpg,OBJ002,1,train
OBJ002_037.jpg,OBJ002,1,val
OBJ002_038.jpg,OBJ002,1,train
OBJ002_039.jpg,OBJ002,1,train
OBJ002_040.jpg,OBJ002,1,train
OBJ002_041.jpg,OBJ002,1,train
OBJ002_042.jpg,OBJ002,1,test
OBJ002_043.jpg,OBJ002,1,train
OBJ002_044.jpg,OBJ002,1,test
OBJ002_045.jpg,OBJ002,1,val
OBJ002_046.jpg,OBJ002,1,train
OBJ002_047.jpg,OBJ002,1,train
OBJ002_048.jpg,OBJ002,1,train
OBJ002_049.jpg,OBJ002,1,train
OBJ002_050.jpg,OBJ002,1,train
OBJ002_051.jpg,OBJ002,1,test
OBJ002_052.jpg,OBJ002,1,train
OBJ002_053.jpg,OBJ002,1,train
OBJ002_054.jpg,OBJ002,1,train
OBJ002_055.jpg,OBJ002,1,train
OBJ002_056.jpg,OBJ002,1,train
OBJ002_057.jpg,OBJ002,1,val
OBJ002_058.jpg,OBJ002,1,train
OBJ002_059.jpg,OBJ002,1,test
OBJ002_060.jpg,OBJ002,1,train
OBJ002_061.jpg,OBJ002,1,train
OBJ002_062.jpg,OBJ002,1,val
OBJ002_063.jpg,OBJ002,1,train
OBJ002_064.jpg,OBJ002,1,train
OBJ002_065.jpg,OBJ002,1,train
OBJ002_066.jpg,OBJ002,1,test
OBJ002_067.jpg,OBJ002,1,train
OBJ002_068.jpg,OBJ002,1,train
OBJ002_069.jpg,OBJ002,1,train
OBJ002_070.jpg,OBJ002,1,val
OBJ002_071.jpg,OBJ002,1,val
OBJ002_072.jpg,OBJ002,1,val
OBJ002_073.jpg,OBJ002,1,train
OBJ002_074.jpg,OBJ002,1,train
OBJ002_075.jpg,OBJ002,1,val
OBJ002_076.jpg,OBJ002,1,val
OBJ002_077.jpg,OBJ002,1,test
OBJ002_078.jpg,OBJ002,1,train
OBJ002_079.jpg,OBJ002,1,test
OBJ002_080.jpg,OBJ002,1,train
OBJ002_081.jpg,OBJ002,1,test
OBJ002_082.jpg,OBJ002,1,train
OBJ002_083.jpg,OBJ002,1,test
OBJ002_084.jpg,OBJ002,1,train
OBJ002_085.jpg,OBJ002,1,val
OBJ002_086.jpg,OBJ002,1,test
OBJ002_087.jpg,OBJ002,1,train
OBJ002_088.jpg,OBJ002,1,val
OBJ002_089.jpg,OBJ002,1,train
OBJ002_090.jpg,OBJ002,1,train
OBJ002_091.jpg,OBJ002,1,train
OBJ002_092.jpg,OBJ002,1,test
OBJ002_093.jpg,OBJ002,1,train
OBJ002_094.jpg,OBJ002,1,train
OBJ002_095.jpg,OBJ002,1,train
OBJ003_001.jpg,OBJ003,2,val
OBJ003_002.jpg,OBJ003,2,val
OBJ003_003.jpg,OBJ003,2,val
OBJ003_004.jpg,OBJ003,2,train
OBJ003_005.jpg,OBJ003,2,train
OBJ003_006.jpg,OBJ003,2,train
OBJ003_007.jpg,OBJ003,2,val
OBJ003_008.jpg,OBJ003,2,train
OBJ003_009.jpg,OBJ003,2,val
OBJ003_010.jpg,OBJ003,2,train
OBJ003_011.jpg,OBJ003,2,val
OBJ003_012.jpg,OBJ003,2,test
OBJ003_013.jpg,OBJ003,2,train
OBJ003_014.jpg,OBJ003,2,train
OBJ003_015.jpg,OBJ003,2,train
OBJ003_016.jpg,OBJ003,2,test
OBJ003_017.jpg,OBJ003,2,train
OBJ003_018.jpg,OBJ003,2,train
OBJ003_019.jpg,OBJ003,2,val
OBJ003_020.jpg,OBJ003,2,val
OBJ003_021.jpg,OBJ003,2,train
OBJ003_022.jpg,OBJ003,2,train
OBJ003_023.jpg,OBJ003,2,test
OBJ003_024.jpg,OBJ003,2,test
OBJ003_025.jpg,OBJ003,2,train
OBJ003_026.jpg,OBJ003,2,train
OBJ003_027.jpg,OBJ003,2,train
OBJ003_028.jpg,OBJ003,2,train
OBJ003_029.jpg,OBJ003,2,train
OBJ003_030.jpg,OBJ003,2,train
OBJ003_031.jpg,OBJ003,2,val
OBJ003_032.jpg,OBJ003,2,test
OBJ003_033.jpg,OBJ003,2,test
OBJ003_034.jpg,OBJ003,2,train
OBJ003_035.jpg,OBJ003,2,train
OBJ003_036.jpg,OBJ003,2,train
OBJ003_037.jpg,OBJ003,2,val
OBJ003_038.jpg,OBJ003,2,train
OBJ003_039.jpg,OBJ003,2,val
OBJ003_040.jpg,OBJ003,2,test
OBJ003_041.jpg,OBJ003,2,train
OBJ003_042.jpg,OBJ003,2,test
OBJ003_043.jpg,OBJ003,2,train
OBJ003_044.jpg,OBJ003,2,train
OBJ003_045.jpg,OBJ003,2,train
OBJ003_046.jpg,OBJ003,2,train
OBJ003_047.jpg,OBJ003,2,train
OBJ003_048.jpg,OBJ003,2,test
OBJ003_049.jpg,OBJ003,2,train
OBJ003_050.jpg,OBJ003,2,val
OBJ003_051.jpg,OBJ003,2,train
OBJ003_052.jpg,OBJ003,2,train
OBJ003_053.jpg,OBJ003,2,train
OBJ003_054.jpg,OBJ003,2,test
OBJ003_055.jpg,OBJ003,2,train
OBJ003_056.jpg,OBJ003,2,train
OBJ003_057.jpg,OBJ003,2,test
OBJ003_058.jpg,OBJ003,2,train
OBJ003_059.jpg,OBJ003,2,train
OBJ003_060.jpg,OBJ003,2,test
OBJ003_061.jpg,OBJ003,2,train
OBJ003_062.jpg,OBJ003,2,train
OBJ003_063.jpg,OBJ003,2,train
OBJ003_064.jpg,OBJ003,2,train
OBJ003_065.jpg,OBJ003,2,train
OBJ003_066.jpg,OBJ003,2,train
OBJ003_067.jpg,OBJ003,2,train
OBJ003_068.jpg,OBJ003,2,train
OBJ003_069.jpg,OBJ003,2,val
OBJ003_070.jpg,OBJ003,2,train
OBJ003_071.jpg,OBJ003,2,train
OBJ003_072.jpg,OBJ003,2,train
OBJ003_073.jpg,OBJ003,2,train
OBJ003_074.jpg,OBJ003,2,train
OBJ003_075.jpg,OBJ003,2,train
OBJ003_076.jpg,OBJ003,2,train
OBJ003_077.jpg,OBJ003,2,train
OBJ003_078.jpg,OBJ003,2,train
OBJ003_079.jpg,OBJ003,2,test
OBJ003_080.jpg,OBJ003,2,train
OBJ003_081.jpg,OBJ003,2,train
OBJ003_082.jpg,OBJ003,2,val
OBJ003_083.jpg,OBJ003,2,train
OBJ003_084.jpg,OBJ003,2,train
OBJ003_085.jpg,OBJ003,2,train
OBJ003_086.jpg,OBJ003,2,train
OBJ003_087.jpg,OBJ003,2,train
OBJ003_088.jpg,OBJ003,2,train
OBJ003_089.jpg,OBJ003,2,train
OBJ003_090.jpg,OBJ003,2,train
OBJ003_091.jpg,OBJ003,2,test
OBJ003_092.jpg,OBJ003,2,train
OBJ003_093.jpg,OBJ003,2,train
OBJ003_094.jpg,OBJ003,2,train
OBJ003_095.jpg,OBJ003,2,test
OBJ004_001.jpg,OBJ004,3,train
OBJ004_002.jpg,OBJ004,3,test
OBJ004_003.jpg,OBJ004,3,train
OBJ004_004.jpg,OBJ004,3,train
OBJ004_005.jpg,OBJ004,3,train
OBJ004_006.jpg,OBJ004,3,train
OBJ004_007.jpg,OBJ004,3,train
OBJ004_008.jpg,OBJ004,3,train
OBJ004_009.jpg,OBJ004,3,test
OBJ004_010.jpg,OBJ004,3,train
OBJ004_011.jpg,OBJ004,3,train
OBJ004_012.jpg,OBJ004,3,train
OBJ004_013.jpg,OBJ004,3,train
OBJ004_014.jpg,OBJ004,3,train
OBJ004_015.jpg,OBJ004,3,train
OBJ004_016.jpg,OBJ004,3,train
OBJ004_017.jpg,OBJ004,3,val
OBJ004_018.jpg,OBJ004,3,val
OBJ004_019.jpg,OBJ004,3,train
OBJ004_020.jpg,OBJ004,3,train
OBJ004_021.jpg,OBJ004,3,train
OBJ004_022.jpg,OBJ004,3,train
OBJ004_023.jpg,OBJ004,3,val
OBJ004_024.jpg,OBJ004,3,test
OBJ004_025.jpg,OBJ004,3,test
OBJ004_026.jpg,OBJ004,3,train
OBJ004_027.jpg,OBJ004,3,test
OBJ004_028.jpg,OBJ004,3,train
OBJ004_029.jpg,OBJ004,3,train
OBJ004_030.jpg,OBJ004,3,train
OBJ004_031.jpg,OBJ004,3,train
OBJ004_032.jpg,OBJ004,3,test
OBJ004_033.jpg,OBJ004,3,test
OBJ004_034.jpg,OBJ004,3,train
OBJ004_035.jpg,OBJ004,3,train
OBJ004_036.jpg,OBJ004,3,train
OBJ004_037.jpg,OBJ004,3,train
OBJ004_038.jpg,OBJ004,3,train
OBJ004_039.jpg,OBJ004,3,val
OBJ004_040.jpg,OBJ004,3,train
OBJ004_041.jpg,OBJ004,3,train
OBJ004_042.jpg,OBJ004,3,test
OBJ004_043.jpg,OBJ004,3,val
OBJ004_044.jpg,OBJ004,3,train
OBJ004_045.jpg,OBJ004,3,train
OBJ004_046.jpg,OBJ004,3,val
OBJ004_047.jpg,OBJ004,3,test
OBJ004_048.jpg,OBJ004,3,val
OBJ004_049.jpg,OBJ004,3,train
OBJ004_050.jpg,OBJ004,3,train
OBJ004_051.jpg,OBJ004,3,train
OBJ004_052.jpg,OBJ004,3,train
OBJ004_053.jpg,OBJ004,3,train
OBJ004_054.jpg,OBJ004,3,val
OBJ004_055.jpg,OBJ004,3,train
OBJ004_056.jpg,OBJ004,3,train
OBJ004_057.jpg,OBJ004,3,train
OBJ004_058.jpg,OBJ004,3,val
OBJ004_059.jpg,OBJ004,3,train
OBJ004_060.jpg,OBJ004,3,test
OBJ004_061.jpg,OBJ004,3,train
OBJ004_062.jpg,OBJ004,3,train
OBJ004_063.jpg,OBJ004,3,val
OBJ004_064.jpg,OBJ004,3,train
OBJ004_065.jpg,OBJ004,3,train
OBJ004_066.jpg,OBJ004,3,val
OBJ004_067.jpg,OBJ004,3,val
OBJ004_068.jpg,OBJ004,3,train
OBJ004_069.jpg,OBJ004,3,train
OBJ004_070.jpg,OBJ004,3,train
OBJ004_071.jpg,OBJ004,3,train
OBJ004_072.jpg,OBJ004,3,train
OBJ004_073.jpg,OBJ004,3,train
OBJ004_074.jpg,OBJ004,3,train
OBJ004_075.jpg,OBJ004,3,train
OBJ004_076.jpg,OBJ004,3,train
OBJ004_077.jpg,OBJ004,3,train
OBJ004_078.jpg,OBJ004,3,train
OBJ004_079.jpg,OBJ004,3,train
OBJ004_080.jpg,OBJ004,3,train
OBJ004_081.jpg,OBJ004,3,train
OBJ004_082.jpg,OBJ004,3,train
OBJ004_083.jpg,OBJ004,3,train
OBJ004_084.jpg,OBJ004,3,train
OBJ004_085.jpg,OBJ004,3,test
OBJ004_086.jpg,OBJ004,3,train
OBJ004_087.jpg,OBJ004,3,test
OBJ004_088.jpg,OBJ004,3,train
OBJ004_089.jpg,OBJ004,3,train
OBJ004_090.jpg,OBJ004,3,train
OBJ004_091.jpg,OBJ004,3,val
OBJ004_092.jpg,OBJ004,3,val
OBJ004_093.jpg,OBJ004,3,train
OBJ004_094.jpg,OBJ004,3,test
OBJ004_095.jpg,OBJ004,3,val
OBJ004_096.jpg,OBJ004,3,train
OBJ004_097.jpg,OBJ004,3,test
OBJ004_098.jpg,OBJ004,3,train
OBJ004_099.jpg,OBJ004,3,test
OBJ004_100.jpg,OBJ004,3,train
OBJ005_001.jpg,OBJ005,4,train
OBJ005_002.jpg,OBJ005,4,train
OBJ005_003.jpg,OBJ005,4,train
OBJ005_004.jpg,OBJ005,4,train
OBJ005_005.jpg,OBJ005,4,train
OBJ005_006.jpg,OBJ005,4,train
OBJ005_007.jpg,OBJ005,4,train
OBJ005_008.jpg,OBJ005,4,train
OBJ005_009.jpg,OBJ005,4,train
OBJ005_010.jpg,OBJ005,4,test
OBJ005_011.jpg,OBJ005,4,train
OBJ005_012.jpg,OBJ005,4,train
OBJ005_013.jpg,OBJ005,4,train
OBJ005_014.jpg,OBJ005,4,train
OBJ005_015.jpg,OBJ005,4,train
OBJ005_016.jpg,OBJ005,4,val
OBJ005_017.jpg,OBJ005,4,train
OBJ005_018.jpg,OBJ005,4,train
OBJ005_019.jpg,OBJ005,4,val
OBJ005_020.jpg,OBJ005,4,train
OBJ005_021.jpg,OBJ005,4,train
OBJ005_022.jpg,OBJ005,4,test
OBJ005_023.jpg,OBJ005,4,test
OBJ005_024.jpg,OBJ005,4,train
OBJ005_025.jpg,OBJ005,4,train
OBJ005_026.jpg,OBJ005,4,val
OBJ005_027.jpg,OBJ005,4,train
OBJ005_028.jpg,OBJ005,4,train
OBJ005_029.jpg,OBJ005,4,val
OBJ005_030.jpg,OBJ005,4,train
OBJ005_031.jpg,OBJ005,4,train
OBJ005_032.jpg,OBJ005,4,train
OBJ005_033.jpg,OBJ005,4,val
OBJ005_034.jpg,OBJ005,4,test
OBJ005_035.jpg,OBJ005,4,train
OBJ005_036.jpg,OBJ005,4,train
OBJ005_037.jpg,OBJ005,4,train
OBJ005_038.jpg,OBJ005,4,train
OBJ005_039.jpg,OBJ005,4,test
OBJ005_040.jpg,OBJ005,4,train
OBJ005_041.jpg,OBJ005,4,train
OBJ005_042.jpg,OBJ005,4,train
OBJ005_043.jpg,OBJ005,4,train
OBJ005_044.jpg,OBJ005,4,train
OBJ005_045.jpg,OBJ005,4,train
OBJ005_046.jpg,OBJ005,4,train
OBJ005_047.jpg,OBJ005,4,test
OBJ005_048.jpg,OBJ005,4,val
OBJ005_049.jpg,OBJ005,4,train
OBJ005_050.jpg,OBJ005,4,train
OBJ005_051.jpg,OBJ005,4,test
OBJ005_052.jpg,OBJ005,4,test
OBJ005_053.jpg,OBJ005,4,train
OBJ005_054.jpg,OBJ005,4,train
OBJ005_055.jpg,OBJ005,4,train
OBJ005_056.jpg,OBJ005,4,train
OBJ005_057.jpg,OBJ005,4,test
OBJ005_058.jpg,OBJ005,4,train
OBJ005_059.jpg,OBJ005,4,train
OBJ005_060.jpg,OBJ005,4,train
OBJ005_061.jpg,OBJ005,4,train
OBJ005_062.jpg,OBJ005,4,val
OBJ005_063.jpg,OBJ005,4,test
OBJ005_064.jpg,OBJ005,4,test
OBJ005_065.jpg,OBJ005,4,train
OBJ005_066.jpg,OBJ005,4,train
OBJ005_067.jpg,OBJ005,4,test
OBJ005_068.jpg,OBJ005,4,train
OBJ005_069.jpg,OBJ005,4,test
OBJ005_070.jpg,OBJ005,4,train
OBJ005_071.jpg,OBJ005,4,train
OBJ005_072.jpg,OBJ005,4,train
OBJ005_073.jpg,OBJ005,4,train
OBJ005_074.jpg,OBJ005,4,train
OBJ005_075.jpg,OBJ005,4,val
OBJ005_076.jpg,OBJ005,4,val
OBJ005_077.jpg,OBJ005,4,train
OBJ005_078.jpg,OBJ005,4,val
OBJ005_079.jpg,OBJ005,4,train
OBJ005_080.jpg,OBJ005,4,train
OBJ005_081.jpg,OBJ005,4,train
OBJ005_082.jpg,OBJ005,4,val
OBJ005_083.jpg,OBJ005,4,train
OBJ005_084.jpg,OBJ005,4,train
OBJ005_085.jpg,OBJ005,4,val
OBJ005_086.jpg,OBJ005,4,val
OBJ005_087.jpg,OBJ005,4,train
OBJ005_088.jpg,OBJ005,4,train
OBJ005_089.jpg,OBJ005,4,train
OBJ005_090.jpg,OBJ005,4,train
OBJ005_091.jpg,OBJ005,4,val
OBJ005_092.jpg,OBJ005,4,train
OBJ005_093.jpg,OBJ005,4,test
OBJ005_094.jpg,OBJ005,4,train
OBJ005_095.jpg,OBJ005,4,test
OBJ005_096.jpg,OBJ005,4,train
OBJ005_097.jpg,OBJ005,4,val
OBJ005_098.jpg,OBJ005,4,train
OBJ005_099.jpg,OBJ005,4,train
OBJ006_001.jpg,OBJ006,5,train
OBJ006_002.jpg,OBJ006,5,train
OBJ006_003.jpg,OBJ006,5,train
OBJ006_004.jpg,OBJ006,5,train
OBJ006_005.jpg,OBJ006,5,train
OBJ006_006.jpg,OBJ006,5,train
OBJ006_007.jpg,OBJ006,5,train
OBJ006_008.jpg,OBJ006,5,train
OBJ006_009.jpg,OBJ006,5,val
OBJ006_010.jpg,OBJ006,5,train
OBJ006_011.jpg,OBJ006,5,train
OBJ006_012.jpg,OBJ006,5,val
OBJ006_013.jpg,OBJ006,5,val
OBJ006_014.jpg,OBJ006,5,train
OBJ006_015.jpg,OBJ006,5,train
OBJ006_016.jpg,OBJ006,5,val
OBJ006_017.jpg,OBJ006,5,test
OBJ006_018.jpg,OBJ006,5,train
OBJ006_019.jpg,OBJ006,5,val
OBJ006_020.jpg,OBJ006,5,train
OBJ006_021.jpg,OBJ006,5,train
OBJ006_022.jpg,OBJ006,5,train
OBJ006_023.jpg,OBJ006,5,val
OBJ006_024.jpg,OBJ006,5,train
OBJ006_025.jpg,OBJ006,5,test
OBJ006_026.jpg,OBJ006,5,train
OBJ006_027.jpg,OBJ006,5,train
OBJ006_028.jpg,OBJ006,5,val
OBJ006_029.jpg,OBJ006,5,train
OBJ006_030.jpg,OBJ006,5,test
OBJ006_031.jpg,OBJ006,5,train
OBJ006_032.jpg,OBJ006,5,train
OBJ006_033.jpg,OBJ006,5,train
OBJ006_034.jpg,OBJ006,5,train
OBJ006_035.jpg,OBJ006,5,train
OBJ006_036.jpg,OBJ006,5,train
OBJ006_037.jpg,OBJ006,5,train
OBJ006_038.jpg,OBJ006,5,train
OBJ006_039.jpg,OBJ006,5,train
OBJ006_040.jpg,OBJ006,5,train
OBJ006_041.jpg,OBJ006,5,train
OBJ006_042.jpg,OBJ006,5,train
OBJ006_043.jpg,OBJ006,5,train
OBJ006_044.jpg,OBJ006,5,train
OBJ006_045.jpg,OBJ006,5,train
OBJ006_046.jpg,OBJ006,5,train
OBJ006_047.jpg,OBJ006,5,train
OBJ006_048.jpg,OBJ006,5,train
OBJ006_049.jpg,OBJ006,5,test
OBJ006_050.jpg,OBJ006,5,train
OBJ006_051.jpg,OBJ006,5,train
OBJ006_052.jpg,OBJ006,5,test
OBJ006_053.jpg,OBJ006,5,val
OBJ006_054.jpg,OBJ006,5,train
OBJ006_055.jpg,OBJ006,5,train
OBJ006_056.jpg,OBJ006,5,train
OBJ006_057.jpg,OBJ006,5,train
OBJ006_058.jpg,OBJ006,5,train
OBJ006_059.jpg,OBJ006,5,val
OBJ006_060.jpg,OBJ006,5,train
OBJ006_061.jpg,OBJ006,5,test
OBJ006_062.jpg,OBJ006,5,test
OBJ006_063.jpg,OBJ006,5,train
OBJ006_064.jpg,OBJ006,5,train
OBJ006_065.jpg,OBJ006,5,train
OBJ006_066.jpg,OBJ006,5,train
OBJ006_067.jpg,OBJ006,5,train
OBJ006_068.jpg,OBJ006,5,train
OBJ006_069.jpg,OBJ006,5,test
OBJ006_070.jpg,OBJ006,5,train
OBJ006_071.jpg,OBJ006,5,test
OBJ006_072.jpg,OBJ006,5,train
OBJ006_073.jpg,OBJ006,5,train
OBJ006_074.jpg,OBJ006,5,train
OBJ006_075.jpg,OBJ006,5,test
OBJ006_076.jpg,OBJ006,5,val
OBJ006_077.jpg,OBJ006,5,train
OBJ006_078.jpg,OBJ006,5,train
OBJ006_079.jpg,OBJ006,5,train
OBJ006_080.jpg,OBJ006,5,test
OBJ006_081.jpg,OBJ006,5,train
OBJ006_082.jpg,OBJ006,5,train
OBJ006_083.jpg,OBJ006,5,val
OBJ006_084.jpg,OBJ006,5,val
OBJ006_085.jpg,OBJ006,5,test
OBJ006_086.jpg,OBJ006,5,test
OBJ006_087.jpg,OBJ006,5,train
OBJ006_088.jpg,OBJ006,5,train
OBJ006_089.jpg,OBJ006,5,val
OBJ006_090.jpg,OBJ006,5,train
OBJ006_091.jpg,OBJ006,5,train
OBJ006_092.jpg,OBJ006,5,train
OBJ006_093.jpg,OBJ006,5,train
OBJ006_094.jpg,OBJ006,5,val
OBJ006_095.jpg,OBJ006,5,test
OBJ007_001.jpg,OBJ007,6,test
OBJ007_002.jpg,OBJ007,6,train
OBJ007_003.jpg,OBJ007,6,train
OBJ007_004.jpg,OBJ007,6,train
OBJ007_005.jpg,OBJ007,6,train
OBJ007_006.jpg,OBJ007,6,test
OBJ007_007.jpg,OBJ007,6,train
OBJ007_008.jpg,OBJ007,6,train
OBJ007_009.jpg,OBJ007,6,train
OBJ007_010.jpg,OBJ007,6,train
OBJ007_011.jpg,OBJ007,6,train
OBJ007_012.jpg,OBJ007,6,train
OBJ007_013.jpg,OBJ007,6,train
OBJ007_014.jpg,OBJ007,6,test
OBJ007_015.jpg,OBJ007,6,val
OBJ007_016.jpg,OBJ007,6,train
OBJ007_017.jpg,OBJ007,6,train
OBJ007_018.jpg,OBJ007,6,test
OBJ007_019.jpg,OBJ007,6,val
OBJ007_020.jpg,OBJ007,6,test
OBJ007_021.jpg,OBJ007,6,test
OBJ007_022.jpg,OBJ007,6,train
OBJ007_023.jpg,OBJ007,6,train
OBJ007_024.jpg,OBJ007,6,train
OBJ007_025.jpg,OBJ007,6,test
OBJ007_026.jpg,OBJ007,6,train
OBJ007_027.jpg,OBJ007,6,train
OBJ007_028.jpg,OBJ007,6,train
OBJ007_029.jpg,OBJ007,6,train
OBJ007_030.jpg,OBJ007,6,train
OBJ007_031.jpg,OBJ007,6,test
OBJ007_032.jpg,OBJ007,6,val
OBJ007_034.jpg,OBJ007,6,val
OBJ007_035.jpg,OBJ007,6,train
OBJ007_036.jpg,OBJ007,6,train
OBJ007_037.jpg,OBJ007,6,test
OBJ007_038.jpg,OBJ007,6,train
OBJ007_039.jpg,OBJ007,6,val
OBJ007_040.jpg,OBJ007,6,train
OBJ007_041.jpg,OBJ007,6,train
OBJ007_042.jpg,OBJ007,6,train
OBJ007_043.jpg,OBJ007,6,train
OBJ007_044.jpg,OBJ007,6,train
OBJ007_045.jpg,OBJ007,6,val
OBJ007_046.jpg,OBJ007,6,val
OBJ007_047.jpg,OBJ007,6,train
OBJ007_048.jpg,OBJ007,6,val
OBJ007_049.jpg,OBJ007,6,train
OBJ007_050.jpg,OBJ007,6,val
OBJ007_051.jpg,OBJ007,6,train
OBJ007_052.jpg,OBJ007,6,train
OBJ007_053.jpg,OBJ007,6,train
OBJ007_054.jpg,OBJ007,6,train
OBJ007_055.jpg,OBJ007,6,test
OBJ007_056.jpg,OBJ007,6,train
OBJ007_057.jpg,OBJ007,6,val
OBJ007_058.jpg,OBJ007,6,val
OBJ007_059.jpg,OBJ007,6,test
OBJ007_060.jpg,OBJ007,6,train
OBJ007_061.jpg,OBJ007,6,train
OBJ007_062.jpg,OBJ007,6,val
OBJ007_063.jpg,OBJ007,6,train
OBJ007_064.jpg,OBJ007,6,test
OBJ007_065.jpg,OBJ007,6,train
OBJ007_066.jpg,OBJ007,6,train
OBJ007_067.jpg,OBJ007,6,train
OBJ007_068.jpg,OBJ007,6,train
OBJ007_069.jpg,OBJ007,6,train
OBJ007_070.jpg,OBJ007,6,train
OBJ007_071.jpg,OBJ007,6,train
OBJ007_072.jpg,OBJ007,6,train
OBJ007_073.jpg,OBJ007,6,train
OBJ007_074.jpg,OBJ007,6,train
OBJ007_075.jpg,OBJ007,6,train
OBJ007_076.jpg,OBJ007,6,test
OBJ007_077.jpg,OBJ007,6,train
OBJ007_078.jpg,OBJ007,6,train
OBJ007_079.jpg,OBJ007,6,train
OBJ007_080.jpg,OBJ007,6,train
OBJ007_081.jpg,OBJ007,6,val
OBJ007_082.jpg,OBJ007,6,train
OBJ007_083.jpg,OBJ007,6,train
OBJ007_084.jpg,OBJ007,6,test
OBJ007_085.jpg,OBJ007,6,train
OBJ007_086.jpg,OBJ007,6,train
OBJ007_087.jpg,OBJ007,6,train
OBJ007_088.jpg,OBJ007,6,val
OBJ007_089.jpg,OBJ007,6,train
OBJ007_090.jpg,OBJ007,6,train
OBJ007_091.jpg,OBJ007,6,train
OBJ007_092.jpg,OBJ007,6,train
OBJ007_093.jpg,OBJ007,6,train
OBJ007_094.jpg,OBJ007,6,train
OBJ007_095.jpg,OBJ007,6,train
OBJ07_033.jpg,OBJ007,6,train
OBJ008_001.jpg,OBJ008,7,val
OBJ008_002.jpg,OBJ008,7,train
OBJ008_003.jpg,OBJ008,7,test
OBJ008_004.jpg,OBJ008,7,test
OBJ008_005.jpg,OBJ008,7,val
OBJ008_006.jpg,OBJ008,7,train
OBJ008_007.jpg,OBJ008,7,train
OBJ008_008.jpg,OBJ008,7,train
OBJ008_009.jpg,OBJ008,7,train
OBJ008_010.jpg,OBJ008,7,train
OBJ008_011.jpg,OBJ008,7,train
OBJ008_012.jpg,OBJ008,7,train
OBJ008_013.jpg,OBJ008,7,train
OBJ008_014.jpg,OBJ008,7,train
OBJ008_015.jpg,OBJ008,7,train
OBJ008_016.jpg,OBJ008,7,train
OBJ008_017.jpg,OBJ008,7,val
OBJ008_018.jpg,OBJ008,7,train
OBJ008_019.jpg,OBJ008,7,train
OBJ008_020.jpg,OBJ008,7,train
OBJ008_021.jpg,OBJ008,7,train
OBJ008_022.jpg,OBJ008,7,train
OBJ008_023.jpg,OBJ008,7,test
OBJ008_024.jpg,OBJ008,7,train
OBJ008_025.jpg,OBJ008,7,train
OBJ008_026.jpg,OBJ008,7,val
OBJ008_027.jpg,OBJ008,7,train
OBJ008_028.jpg,OBJ008,7,train
OBJ008_029.jpg,OBJ008,7,train
OBJ008_030.jpg,OBJ008,7,train
OBJ008_031.jpg,OBJ008,7,train
OBJ008_032.jpg,OBJ008,7,val
OBJ008_033.jpg,OBJ008,7,train
OBJ008_034.jpg,OBJ008,7,test
OBJ008_035.jpg,OBJ008,7,train
OBJ008_036.jpg,OBJ008,7,train
OBJ008_037.jpg,OBJ008,7,test
OBJ008_038.jpg,OBJ008,7,train
OBJ008_039.jpg,OBJ008,7,test
OBJ008_040.jpg,OBJ008,7,train
OBJ008_041.jpg,OBJ008,7,train
OBJ008_042.jpg,OBJ008,7,train
OBJ008_043.jpg,OBJ008,7,train
OBJ008_044.jpg,OBJ008,7,train
OBJ008_045.jpg,OBJ008,7,val
OBJ008_046.jpg,OBJ008,7,train
OBJ008_047.jpg,OBJ008,7,train
OBJ008_048.jpg,OBJ008,7,train
OBJ008_049.jpg,OBJ008,7,train
OBJ008_050.jpg,OBJ008,7,train
OBJ008_051.jpg,OBJ008,7,test
OBJ008_052.jpg,OBJ008,7,train
OBJ008_053.jpg,OBJ008,7,val
OBJ008_054.jpg,OBJ008,7,test
OBJ008_055.jpg,OBJ008,7,train
OBJ008_056.jpg,OBJ008,7,train
OBJ008_057.jpg,OBJ008,7,train
OBJ008_058.jpg,OBJ008,7,train
OBJ008_059.jpg,OBJ008,7,train
OBJ008_060.jpg,OBJ008,7,train
OBJ008_061.jpg,OBJ008,7,train
OBJ008_062.jpg,OBJ008,7,test
OBJ008_063.jpg,OBJ008,7,train
OBJ008_064.jpg,OBJ008,7,train
OBJ008_065.jpg,OBJ008,7,val
OBJ008_066.jpg,OBJ008,7,train
OBJ008_067.jpg,OBJ008,7,train
OBJ008_068.jpg,OBJ008,7,train
OBJ008_069.jpg,OBJ008,7,val
OBJ008_070.jpg,OBJ008,7,train
OBJ008_071.jpg,OBJ008,7,train
OBJ008_072.jpg,OBJ008,7,val
OBJ008_073.jpg,OBJ008,7,test
OBJ008_074.jpg,OBJ008,7,test
OBJ008_075.jpg,OBJ008,7,train
OBJ008_076.jpg,OBJ008,7,train
OBJ008_077.jpg,OBJ008,7,val
OBJ008_078.jpg,OBJ008,7,val
OBJ008_079.jpg,OBJ008,7,train
OBJ008_080.jpg,OBJ008,7,train
OBJ008_081.jpg,OBJ008,7,val
OBJ008_082.jpg,OBJ008,7,train
OBJ008_083.jpg,OBJ008,7,test
OBJ008_084.jpg,OBJ008,7,train
OBJ008_085.jpg,OBJ008,7,train
OBJ008_086.jpg,OBJ008,7,test
OBJ008_087.jpg,OBJ008,7,train
OBJ008_088.jpg,OBJ008,7,train
OBJ008_089.jpg,OBJ008,7,train
OBJ008_090.jpg,OBJ008,7,val
OBJ008_091.jpg,OBJ008,7,train
OBJ008_092.jpg,OBJ008,7,test
OBJ008_093.jpg,OBJ008,7,train
OBJ008_094.jpg,OBJ008,7,train
OBJ008_095.jpg,OBJ008,7,train
OBJ009_001.jpg,OBJ009,8,test
OBJ009_002.jpg,OBJ009,8,train
OBJ009_003.jpg,OBJ009,8,train
OBJ009_004.jpg,OBJ009,8,train
OBJ009_005.jpg,OBJ009,8,val
OBJ009_006.jpg,OBJ009,8,train
OBJ009_007.jpg,OBJ009,8,train
OBJ009_008.jpg,OBJ009,8,train
OBJ009_009.jpg,OBJ009,8,train
OBJ009_010.jpg,OBJ009,8,train
OBJ009_011.jpg,OBJ009,8,train
OBJ009_012.jpg,OBJ009,8,val
OBJ009_013.jpg,OBJ009,8,train
OBJ009_014.jpg,OBJ009,8,train
OBJ009_015.jpg,OBJ009,8,train
OBJ009_016.jpg,OBJ009,8,train
OBJ009_017.jpg,OBJ009,8,train
OBJ009_018.jpg,OBJ009,8,train
OBJ009_019.jpg,OBJ009,8,test
OBJ009_020.jpg,OBJ009,8,train
OBJ009_021.jpg,OBJ009,8,test
OBJ009_022.jpg,OBJ009,8,val
OBJ009_023.jpg,OBJ009,8,train
OBJ009_024.jpg,OBJ009,8,train
OBJ009_025.jpg,OBJ009,8,train
OBJ009_026.jpg,OBJ009,8,val
OBJ009_027.jpg,OBJ009,8,test
OBJ009_028.jpg,OBJ009,8,train
OBJ009_029.jpg,OBJ009,8,train
OBJ009_030.jpg,OBJ009,8,train
OBJ009_031.jpg,OBJ009,8,train
OBJ009_032.jpg,OBJ009,8,test
OBJ009_033.jpg,OBJ009,8,train
OBJ009_034.jpg,OBJ009,8,test
OBJ009_035.jpg,OBJ009,8,train
OBJ009_036.jpg,OBJ009,8,train
OBJ009_037.jpg,OBJ009,8,train
OBJ009_038.jpg,OBJ009,8,train
OBJ009_039.jpg,OBJ009,8,train
OBJ009_040.jpg,OBJ009,8,train
OBJ009_041.jpg,OBJ009,8,train
OBJ009_042.jpg,OBJ009,8,val
OBJ009_043.jpg,OBJ009,8,train
OBJ009_044.jpg,OBJ009,8,train
OBJ009_045.jpg,OBJ009,8,test
OBJ009_046.jpg,OBJ009,8,val
OBJ009_047.jpg,OBJ009,8,val
OBJ009_048.jpg,OBJ009,8,val
OBJ009_049.jpg,OBJ009,8,val
OBJ009_050.jpg,OBJ009,8,val
OBJ009_051.jpg,OBJ009,8,test
OBJ009_052.jpg,OBJ009,8,train
OBJ009_053.jpg,OBJ009,8,train
OBJ009_054.jpg,OBJ009,8,train
OBJ009_055.jpg,OBJ009,8,train
OBJ009_056.jpg,OBJ009,8,test
OBJ009_057.jpg,OBJ009,8,train
OBJ009_058.jpg,OBJ009,8,train
OBJ009_059.jpg,OBJ009,8,train
OBJ009_060.jpg,OBJ009,8,train
OBJ009_061.jpg,OBJ009,8,val
OBJ009_062.jpg,OBJ009,8,train
OBJ009_063.jpg,OBJ009,8,val
OBJ009_064.jpg,OBJ009,8,train
OBJ009_065.jpg,OBJ009,8,train
OBJ009_066.jpg,OBJ009,8,train
OBJ009_067.jpg,OBJ009,8,train
OBJ009_068.jpg,OBJ009,8,train
OBJ009_069.jpg,OBJ009,8,train
OBJ009_070.jpg,OBJ009,8,val
OBJ009_071.jpg,OBJ009,8,train
OBJ009_072.jpg,OBJ009,8,train
OBJ009_073.jpg,OBJ009,8,test
OBJ009_074.jpg,OBJ009,8,train
OBJ009_075.jpg,OBJ009,8,train
OBJ009_076.jpg,OBJ009,8,train
OBJ009_077.jpg,OBJ009,8,train
OBJ009_078.jpg,OBJ009,8,train
OBJ009_079.jpg,OBJ009,8,train
OBJ009_080.jpg,OBJ009,8,train
OBJ009_081.jpg,OBJ009,8,train
OBJ009_082.jpg,OBJ009,8,test
OBJ009_083.jpg,OBJ009,8,train
OBJ009_084.jpg,OBJ009,8,train
OBJ009_085.jpg,OBJ009,8,train
OBJ009_086.jpg,OBJ009,8,train
OBJ009_087.jpg,OBJ009,8,train
OBJ009_088.jpg,OBJ009,8,test
OBJ009_089.jpg,OBJ009,8,test
OBJ009_090.jpg,OBJ009,8,train
OBJ009_091.jpg,OBJ009,8,train
OBJ009_092.jpg,OBJ009,8,val
OBJ009_093.jpg,OBJ009,8,test
OBJ009_094.jpg,OBJ009,8,train
OBJ009_095.jpg,OBJ009,8,train
OBJ010_001.jpg,OBJ010,9,train
OBJ010_002.jpg,OBJ010,9,train
OBJ010_003.jpg,OBJ010,9,test
OBJ010_004.jpg,OBJ010,9,val
OBJ010_005.jpg,OBJ010,9,train
OBJ010_006.jpg,OBJ010,9,val
OBJ010_007.jpg,OBJ010,9,train
OBJ010_008.jpg,OBJ010,9,train
OBJ010_009.jpg,OBJ010,9,test
OBJ010_010.jpg,OBJ010,9,train
OBJ010_011.jpg,OBJ010,9,train
OBJ010_012.jpg,OBJ010,9,train
OBJ010_013.jpg,OBJ010,9,train
OBJ010_014.jpg,OBJ010,9,train
OBJ010_015.jpg,OBJ010,9,train
OBJ010_016.jpg,OBJ010,9,train
OBJ010_017.jpg,OBJ010,9,train
OBJ010_018.jpg,OBJ010,9,train
OBJ010_019.jpg,OBJ010,9,train
OBJ010_020.jpg,OBJ010,9,train
OBJ010_021.jpg,OBJ010,9,test
OBJ010_022.jpg,OBJ010,9,val
OBJ010_023.jpg,OBJ010,9,train
OBJ010_024.jpg,OBJ010,9,val
OBJ010_025.jpg,OBJ010,9,train
OBJ010_026.jpg,OBJ010,9,train
OBJ010_027.jpg,OBJ010,9,train
OBJ010_028.jpg,OBJ010,9,train
OBJ010_029.jpg,OBJ010,9,train
OBJ010_030.jpg,OBJ010,9,train
OBJ010_031.jpg,OBJ010,9,test
OBJ010_032.jpg,OBJ010,9,train
OBJ010_033.jpg,OBJ010,9,test
OBJ010_034.jpg,OBJ010,9,train
OBJ010_035.jpg,OBJ010,9,train
OBJ010_036.jpg,OBJ010,9,val
OBJ010_037.jpg,OBJ010,9,train
OBJ010_038.jpg,OBJ010,9,train
OBJ010_039.jpg,OBJ010,9,train
OBJ010_040.jpg,OBJ010,9,test
OBJ010_041.jpg,OBJ010,9,train
OBJ010_042.jpg,OBJ010,9,train
OBJ010_043.jpg,OBJ010,9,train
OBJ010_044.jpg,OBJ010,9,train
OBJ010_045.jpg,OBJ010,9,train
OBJ010_046.jpg,OBJ010,9,train
OBJ010_047.jpg,OBJ010,9,train
OBJ010_048.jpg,OBJ010,9,train
OBJ010_049.jpg,OBJ010,9,train
OBJ010_050.jpg,OBJ010,9,train
OBJ010_051.jpg,OBJ010,9,test
OBJ010_052.jpg,OBJ010,9,train
OBJ010_053.jpg,OBJ010,9,val
OBJ010_054.jpg,OBJ010,9,train
OBJ010_055.jpg,OBJ010,9,test
OBJ010_056.jpg,OBJ010,9,test
OBJ010_057.jpg,OBJ010,9,val
OBJ010_058.jpg,OBJ010,9,train
OBJ010_059.jpg,OBJ010,9,val
OBJ010_060.jpg,OBJ010,9,train
OBJ010_061.jpg,OBJ010,9,train
OBJ010_062.jpg,OBJ010,9,val
OBJ010_063.jpg,OBJ010,9,train
OBJ010_064.jpg,OBJ010,9,train
OBJ010_065.jpg,OBJ010,9,train
OBJ010_066.jpg,OBJ010,9,test
OBJ010_067.jpg,OBJ010,9,train
OBJ010_068.jpg,OBJ010,9,train
OBJ010_069.jpg,OBJ010,9,train
OBJ010_070.jpg,OBJ010,9,test
OBJ010_071.jpg,OBJ010,9,train
OBJ010_072.jpg,OBJ010,9,train
OBJ010_073.jpg,OBJ010,9,train
OBJ010_074.jpg,OBJ010,9,val
OBJ010_075.jpg,OBJ010,9,val
OBJ010_076.jpg,OBJ010,9,train
OBJ010_077.jpg,OBJ010,9,train
OBJ010_078.jpg,OBJ010,9,train
OBJ010_079.jpg,OBJ010,9,train
OBJ010_080.jpg,OBJ010,9,train
OBJ010_081.jpg,OBJ010,9,train
OBJ010_082.jpg,OBJ010,9,val
OBJ010_083.jpg,OBJ010,9,test
OBJ010_084.jpg,OBJ010,9,val
OBJ010_085.jpg,OBJ010,9,train
OBJ010_086.jpg,OBJ010,9,test
OBJ010_087.jpg,OBJ010,9,train
OBJ010_088.jpg,OBJ010,9,test
OBJ010_089.jpg,OBJ010,9,train
OBJ010_090.jpg,OBJ010,9,train
OBJ010_091.jpg,OBJ010,9,train
OBJ010_092.jpg,OBJ010,9,train
OBJ010_093.jpg,OBJ010,9,val
OBJ010_094.jpg,OBJ010,9,train
OBJ010_095.jpg,OBJ010,9,train
OBJ011_001.jpg,OBJ011,10,train
OBJ011_002.jpg,OBJ011,10,train
OBJ011_003.jpg,OBJ011,10,train
OBJ011_004.jpg,OBJ011,10,val
OBJ011_005.jpg,OBJ011,10,val
OBJ011_006.jpg,OBJ011,10,train
OBJ011_007.jpg,OBJ011,10,train
OBJ011_008.jpg,OBJ011,10,train
OBJ011_009.jpg,OBJ011,10,train
OBJ011_010.jpg,OBJ011,10,train
OBJ011_011.jpg,OBJ011,10,train
OBJ011_012.jpg,OBJ011,10,train
OBJ011_013.jpg,OBJ011,10,train
OBJ011_014.jpg,OBJ011,10,val
OBJ011_015.jpg,OBJ011,10,test
OBJ011_016.jpg,OBJ011,10,train
OBJ011_017.jpg,OBJ011,10,val
OBJ011_018.jpg,OBJ011,10,val
OBJ011_019.jpg,OBJ011,10,train
OBJ011_020.jpg,OBJ011,10,train
OBJ011_021.jpg,OBJ011,10,train
OBJ011_022.jpg,OBJ011,10,train
OBJ011_023.jpg,OBJ011,10,val
OBJ011_024.jpg,OBJ011,10,train
OBJ011_027.jpg,OBJ011,10,test
OBJ011_028.jpg,OBJ011,10,val
OBJ011_029.jpg,OBJ011,10,train
OBJ011_030.jpg,OBJ011,10,train
OBJ011_031.jpg,OBJ011,10,train
OBJ011_032.jpg,OBJ011,10,val
OBJ011_033.jpg,OBJ011,10,train
OBJ011_034.jpg,OBJ011,10,test
OBJ011_035.jpg,OBJ011,10,train
OBJ011_036.jpg,OBJ011,10,train
OBJ011_037.jpg,OBJ011,10,test
OBJ011_038.jpg,OBJ011,10,train
OBJ011_039.jpg,OBJ011,10,test
OBJ011_040.jpg,OBJ011,10,test
OBJ011_041.jpg,OBJ011,10,val
OBJ011_042.jpg,OBJ011,10,test
OBJ011_043.jpg,OBJ011,10,train
OBJ011_044.jpg,OBJ011,10,val
OBJ011_045.jpg,OBJ011,10,train
OBJ011_046.jpg,OBJ011,10,train
OBJ011_047.jpg,OBJ011,10,train
OBJ011_048.jpg,OBJ011,10,train
OBJ011_049.jpg,OBJ011,10,train
OBJ011_050.jpg,OBJ011,10,train
OBJ011_051.jpg,OBJ011,10,train
OBJ011_052.jpg,OBJ011,10,train
OBJ011_053.jpg,OBJ011,10,test
OBJ011_054.jpg,OBJ011,10,train
OBJ011_055.jpg,OBJ011,10,test
OBJ011_056.jpg,OBJ011,10,train
OBJ011_057.jpg,OBJ011,10,train
OBJ011_058.jpg,OBJ011,10,train
OBJ011_059.jpg,OBJ011,10,train
OBJ011_060.jpg,OBJ011,10,train
OBJ011_061.jpg,OBJ011,10,train
OBJ011_062.jpg,OBJ011,10,val
OBJ011_063.jpg,OBJ011,10,train
OBJ011_064.jpg,OBJ011,10,val
OBJ011_065.jpg,OBJ011,10,val
OBJ011_066.jpg,OBJ011,10,train
OBJ011_067.jpg,OBJ011,10,train
OBJ011_068.jpg,OBJ011,10,test
OBJ011_069.jpg,OBJ011,10,train
OBJ011_070.jpg,OBJ011,10,train
OBJ011_071.jpg,OBJ011,10,train
OBJ011_072.jpg,OBJ011,10,train
OBJ011_073.jpg,OBJ011,10,train
OBJ011_074.jpg,OBJ011,10,test
OBJ011_075.jpg,OBJ011,10,train
OBJ011_076.jpg,OBJ011,10,train
OBJ011_077.jpg,OBJ011,10,train
OBJ011_078.jpg,OBJ011,10,train
OBJ011_079.jpg,OBJ011,10,train
OBJ011_080.jpg,OBJ011,10,test
OBJ011_081.jpg,OBJ011,10,train
OBJ011_082.jpg,OBJ011,10,train
OBJ011_083.jpg,OBJ011,10,train
OBJ011_084.jpg,OBJ011,10,train
OBJ011_085.jpg,OBJ011,10,test
OBJ011_086.jpg,OBJ011,10,train
OBJ011_087.jpg,OBJ011,10,val
OBJ011_088.jpg,OBJ011,10,train
OBJ011_089.jpg,OBJ011,10,train
OBJ011_090.jpg,OBJ011,10,train
OBJ011_091.jpg,OBJ011,10,train
OBJ011_092.jpg,OBJ011,10,train
OBJ011_093.jpg,OBJ011,10,train
OBJ011_094.jpg,OBJ011,10,train
OBJ011_95.jpg,OBJ011,10,test
OBJ012_001.jpg,OBJ012,11,test
OBJ012_002.jpg,OBJ012,11,train
OBJ012_003.jpg,OBJ012,11,train
OBJ012_004.jpg,OBJ012,11,train
OBJ012_005.jpg,OBJ012,11,val
OBJ012_006.jpg,OBJ012,11,train
OBJ012_007.jpg,OBJ012,11,train
OBJ012_008.jpg,OBJ012,11,train
OBJ012_009.jpg,OBJ012,11,test
OBJ012_010.jpg,OBJ012,11,train
OBJ012_011.jpg,OBJ012,11,test
OBJ012_012.jpg,OBJ012,11,train
OBJ012_013.jpg,OBJ012,11,train
OBJ012_014.jpg,OBJ012,11,train
OBJ012_015.jpg,OBJ012,11,train
OBJ012_016.jpg,OBJ012,11,train
OBJ012_017.jpg,OBJ012,11,train
OBJ012_018.jpg,OBJ012,11,train
OBJ012_019.jpg,OBJ012,11,train
OBJ012_020.jpg,OBJ012,11,train
OBJ012_021.jpg,OBJ012,11,val
OBJ012_022.jpg,OBJ012,11,train
OBJ012_023.jpg,OBJ012,11,test
OBJ012_024.jpg,OBJ012,11,train
OBJ012_025.jpg,OBJ012,11,train
OBJ012_026.jpg,OBJ012,11,train
OBJ012_027.jpg,OBJ012,11,train
OBJ012_028.jpg,OBJ012,11,train
OBJ012_029.jpg,OBJ012,11,test
OBJ012_030.jpg,OBJ012,11,train
OBJ012_031.jpg,OBJ012,11,test
OBJ012_032.jpg,OBJ012,11,train
OBJ012_033.jpg,OBJ012,11,train
OBJ012_034.jpg,OBJ012,11,train
OBJ012_035.jpg,OBJ012,11,train
OBJ012_036.jpg,OBJ012,11,val
OBJ012_037.jpg,OBJ012,11,val
OBJ012_038.jpg,OBJ012,11,train
OBJ012_039.jpg,OBJ012,11,train
OBJ012_040.jpg,OBJ012,11,val
OBJ012_041.jpg,OBJ012,11,test
OBJ012_042.jpg,OBJ012,11,train
OBJ012_043.jpg,OBJ012,11,test
OBJ012_044.jpg,OBJ012,11,train
OBJ012_045.jpg,OBJ012,11,train
OBJ012_046.jpg,OBJ012,11,val
OBJ012_047.jpg,OBJ012,11,train
OBJ012_048.jpg,OBJ012,11,train
OBJ012_049.jpg,OBJ012,11,train
OBJ012_050.jpg,OBJ012,11,train
OBJ012_051.jpg,OBJ012,11,val
OBJ012_052.jpg,OBJ012,11,train
OBJ012_053.jpg,OBJ012,11,train
OBJ012_054.jpg,OBJ012,11,val
OBJ012_055.jpg,OBJ012,11,train
OBJ012_056.jpg,OBJ012,11,train
OBJ012_057.jpg,OBJ012,11,test
OBJ012_058.jpg,OBJ012,11,train
OBJ012_059.jpg,OBJ012,11,train
OBJ012_060.jpg,OBJ012,11,val
OBJ012_061.jpg,OBJ012,11,train
OBJ012_062.jpg,OBJ012,11,val
OBJ012_063.jpg,OBJ012,11,test
OBJ012_064.jpg,OBJ012,11,train
OBJ012_065.jpg,OBJ012,11,train
OBJ012_066.jpg,OBJ012,11,train
OBJ012_067.jpg,OBJ012,11,train
OBJ012_068.jpg,OBJ012,11,val
OBJ012_069.jpg,OBJ012,11,train
OBJ012_070.jpg,OBJ012,11,train
OBJ012_071.jpg,OBJ012,11,train
OBJ012_072.jpg,OBJ012,11,val
OBJ012_073.jpg,OBJ012,11,train
OBJ012_074.jpg,OBJ012,11,train
OBJ012_075.jpg,OBJ012,11,train
OBJ012_076.jpg,OBJ012,11,test
OBJ012_077.jpg,OBJ012,11,train
OBJ012_078.jpg,OBJ012,11,val
OBJ012_079.jpg,OBJ012,11,train
OBJ012_080.jpg,OBJ012,11,train
OBJ012_081.jpg,OBJ012,11,train
OBJ012_082.jpg,OBJ012,11,test
OBJ012_083.jpg,OBJ012,11,train
OBJ012_084.jpg,OBJ012,11,train
OBJ012_085.jpg,OBJ012,11,train
OBJ012_086.jpg,OBJ012,11,val
OBJ012_087.jpg,OBJ012,11,train
OBJ012_088.jpg,OBJ012,11,train
OBJ012_089.jpg,OBJ012,11,test
OBJ012_090.jpg,OBJ012,11,test
OBJ012_091.jpeg,OBJ012,11,train
OBJ012_092.jpg,OBJ012,11,train
OBJ012_093.jpg,OBJ012,11,train
OBJ012_094.jpg,OBJ012,11,train
OBJ012_095.jpg,OBJ012,11,train
OBJ013_001.jpg,OBJ013,12,test
OBJ013_002.jpg,OBJ013,12,train
OBJ013_003.jpg,OBJ013,12,val
OBJ013_004.jpg,OBJ013,12,val
OBJ013_005.jpg,OBJ013,12,train
OBJ013_006.jpg,OBJ013,12,train
OBJ013_007.jpg,OBJ013,12,test
OBJ013_008.jpg,OBJ013,12,val
OBJ013_009.jpg,OBJ013,12,train
OBJ013_010.jpg,OBJ013,12,val
OBJ013_011.jpg,OBJ013,12,train
OBJ013_012.jpg,OBJ013,12,train
OBJ013_013.jpg,OBJ013,12,train
OBJ013_014.jpg,OBJ013,12,train
OBJ013_015.jpg,OBJ013,12,train
OBJ013_016.jpg,OBJ013,12,train
OBJ013_017.jpg,OBJ013,12,train
OBJ013_018.jpg,OBJ013,12,train
OBJ013_019.jpg,OBJ013,12,train
OBJ013_020.jpg,OBJ013,12,train
OBJ013_021.jpg,OBJ013,12,train
OBJ013_022.jpg,OBJ013,12,train
OBJ013_023.jpg,OBJ013,12,train
OBJ013_024.jpg,OBJ013,12,train
OBJ013_025.jpg,OBJ013,12,train
OBJ013_026.jpg,OBJ013,12,train
OBJ013_027.jpg,OBJ013,12,train
OBJ013_028.jpg,OBJ013,12,train
OBJ013_029.jpg,OBJ013,12,test
OBJ013_030.jpg,OBJ013,12,train
OBJ013_031.jpg,OBJ013,12,train
OBJ013_032.jpg,OBJ013,12,val
OBJ013_033.jpg,OBJ013,12,train
OBJ013_034.jpg,OBJ013,12,val
OBJ013_035.jpg,OBJ013,12,train
OBJ013_036.jpg,OBJ013,12,train
OBJ013_037.jpg,OBJ013,12,train
OBJ013_038.jpg,OBJ013,12,test
OBJ013_039.jpg,OBJ013,12,train
OBJ013_040.jpg,OBJ013,12,train
OBJ013_041.jpg,OBJ013,12,train
OBJ013_042.jpg,OBJ013,12,train
OBJ013_043.jpg,OBJ013,12,train
OBJ013_044.jpg,OBJ013,12,train
OBJ013_045.jpg,OBJ013,12,train
OBJ013_046.jpg,OBJ013,12,train
OBJ013_047.jpg,OBJ013,12,train
OBJ013_048.jpg,OBJ013,12,train
OBJ013_049.jpg,OBJ013,12,train
OBJ013_050.jpg,OBJ013,12,test
OBJ013_051.jpg,OBJ013,12,val
OBJ013_052.jpg,OBJ013,12,train
OBJ013_053.jpg,OBJ013,12,train
OBJ013_054.jpg,OBJ013,12,test
OBJ013_055.jpg,OBJ013,12,test
OBJ013_056.jpg,OBJ013,12,train
OBJ013_057.jpg,OBJ013,12,test
OBJ013_058.jpg,OBJ013,12,train
OBJ013_059.jpg,OBJ013,12,val
OBJ013_060.jpg,OBJ013,12,train
OBJ013_061.jpg,OBJ013,12,train
OBJ013_062.jpg,OBJ013,12,train
OBJ013_063.jpg,OBJ013,12,val
OBJ013_064.jpg,OBJ013,12,train
OBJ013_065.jpg,OBJ013,12,val
OBJ013_066.jpg,OBJ013,12,train
OBJ013_067.jpg,OBJ013,12,val
OBJ013_068.jpg,OBJ013,12,train
OBJ013_069.jpg,OBJ013,12,train
OBJ013_070.jpg,OBJ013,12,train
OBJ013_071.jpg,OBJ013,12,train
OBJ013_072.jpg,OBJ013,12,train
OBJ013_073.jpg,OBJ013,12,val
OBJ013_074.jpg,OBJ013,12,test
OBJ013_075.jpg,OBJ013,12,train
OBJ013_076.jpg,OBJ013,12,val
OBJ013_077.jpg,OBJ013,12,train
OBJ013_078.jpg,OBJ013,12,train
OBJ013_079.jpg,OBJ013,12,train
OBJ013_080.jpg,OBJ013,12,train
OBJ013_081.jpg,OBJ013,12,test
OBJ013_082.jpg,OBJ013,12,train
OBJ013_083.jpg,OBJ013,12,train
OBJ013_084.jpg,OBJ013,12,test
OBJ013_085.jpg,OBJ013,12,train
OBJ013_086.jpg,OBJ013,12,test
OBJ013_087.jpg,OBJ013,12,train
OBJ013_088.jpg,OBJ013,12,val
OBJ013_089.jpg,OBJ013,12,train
OBJ013_090.jpg,OBJ013,12,train
OBJ013_091.jpg,OBJ013,12,train
OBJ013_092.jpg,OBJ013,12,test
OBJ013_093.jpg,OBJ013,12,train
OBJ013_094.jpg,OBJ013,12,test
sunglasses_001.jpeg,OBJ014,13,train
sunglasses_002.jpeg,OBJ014,13,train
sunglasses_003.jpeg,OBJ014,13,train
sunglasses_004.jpeg,OBJ014,13,train
sunglasses_005.jpeg,OBJ014,13,train
sunglasses_006.jpeg,OBJ014,13,val
sunglasses_007.jpeg,OBJ014,13,train
sunglasses_008.jpeg,OBJ014,13,train
sunglasses_009.jpeg,OBJ014,13,train
sunglasses_010.jpeg,OBJ014,13,test
sunglasses_011.jpeg,OBJ014,13,train
sunglasses_012.jpeg,OBJ014,13,test
sunglasses_013.jpeg,OBJ014,13,train
sunglasses_014.jpeg,OBJ014,13,train
sunglasses_015.jpeg,OBJ014,13,train
sunglasses_016.jpeg,OBJ014,13,train
sunglasses_017.jpeg,OBJ014,13,val
sunglasses_018.jpeg,OBJ014,13,val
sunglasses_019.jpeg,OBJ014,13,train
sunglasses_020.jpeg,OBJ014,13,train
sunglasses_021.jpeg,OBJ014,13,train
sunglasses_022.jpeg,OBJ014,13,train
sunglasses_023.jpeg,OBJ014,13,train
sunglasses_024.jpeg,OBJ014,13,train
sunglasses_025.jpeg,OBJ014,13,val
sunglasses_026.jpeg,OBJ014,13,test
sunglasses_027.jpeg,OBJ014,13,val
sunglasses_028.jpeg,OBJ014,13,train
sunglasses_029.jpeg,OBJ014,13,test
sunglasses_030.jpeg,OBJ014,13,train
sunglasses_031.jpeg,OBJ014,13,val
sunglasses_032.jpeg,OBJ014,13,train
sunglasses_033.jpeg,OBJ014,13,train
sunglasses_034.jpeg,OBJ014,13,test
sunglasses_035.jpeg,OBJ014,13,train
sunglasses_036.jpeg,OBJ014,13,train
sunglasses_037.jpeg,OBJ014,13,test
sunglasses_038.jpeg,OBJ014,13,test
sunglasses_039.jpeg,OBJ014,13,train
sunglasses_040.jpeg,OBJ014,13,test
sunglasses_041.jpeg,OBJ014,13,test
sunglasses_042.jpeg,OBJ014,13,val
sunglasses_043.jpeg,OBJ014,13,train
sunglasses_044.jpeg,OBJ014,13,train
sunglasses_045.jpeg,OBJ014,13,val
sunglasses_046.jpeg,OBJ014,13,train
sunglasses_047.jpeg,OBJ014,13,train
sunglasses_048.jpeg,OBJ014,13,train
sunglasses_049.jpeg,OBJ014,13,train
sunglasses_050.jpeg,OBJ014,13,train
sunglasses_051.jpeg,OBJ014,13,train
sunglasses_052.jpeg,OBJ014,13,train
sunglasses_053.jpeg,OBJ014,13,test
sunglasses_054.jpeg,OBJ014,13,train
sunglasses_055.jpeg,OBJ014,13,train
sunglasses_056.jpeg,OBJ014,13,train
sunglasses_057.jpeg,OBJ014,13,val
sunglasses_058.jpeg,OBJ014,13,train
sunglasses_059.jpeg,OBJ014,13,train
sunglasses_060.jpeg,OBJ014,13,train
sunglasses_061.jpeg,OBJ014,13,train
sunglasses_062.jpeg,OBJ014,13,val
sunglasses_063.jpeg,OBJ014,13,train
sunglasses_064.jpeg,OBJ014,13,train
sunglasses_065.jpeg,OBJ014,13,train
sunglasses_066.jpeg,OBJ014,13,train
sunglasses_067.jpeg,OBJ014,13,train
sunglasses_068.jpeg,OBJ014,13,train
sunglasses_069.jpeg,OBJ014,13,train
sunglasses_070.jpeg,OBJ014,13,val
sunglasses_071.jpeg,OBJ014,13,test
sunglasses_072.jpeg,OBJ014,13,train
sunglasses_073.jpeg,OBJ014,13,train
sunglasses_074.jpeg,OBJ014,13,train
sunglasses_075.jpeg,OBJ014,13,val
sunglasses_076.jpeg,OBJ014,13,test
sunglasses_077.jpeg,OBJ014,13,train
sunglasses_078.jpeg,OBJ014,13,train
sunglasses_079.jpeg,OBJ014,13,train
sunglasses_080.jpeg,OBJ014,13,train
sunglasses_081.jpeg,OBJ014,13,train
sunglasses_082.jpeg,OBJ014,13,val
sunglasses_083.jpeg,OBJ014,13,train
sunglasses_084.jpeg,OBJ014,13,train
sunglasses_085.jpeg,OBJ014,13,val
sunglasses_086.jpeg,OBJ014,13,train
sunglasses_087.jpeg,OBJ014,13,test
sunglasses_088.jpeg,OBJ014,13,train
sunglasses_089.jpeg,OBJ014,13,train
sunglasses_090.jpeg,OBJ014,13,train
sunglasses_091.jpeg,OBJ014,13,test
sunglasses_092.jpeg,OBJ014,13,train
sunglasses_093.jpeg,OBJ014,13,train
OBJ015_001.jpg,OBJ015,14,train
OBJ015_002.jpg,OBJ015,14,train
OBJ015_003.jpg,OBJ015,14,train
OBJ015_004.jpg,OBJ015,14,train
OBJ015_005.jpg,OBJ015,14,train
OBJ015_006.jpg,OBJ015,14,train
OBJ015_007.jpg,OBJ015,14,val
OBJ015_008.jpg,OBJ015,14,val
OBJ015_009.jpg,OBJ015,14,train
OBJ015_010.jpg,OBJ015,14,test
OBJ015_011.jpg,OBJ015,14,train
OBJ015_012.jpg,OBJ015,14,test
OBJ015_013.jpg,OBJ015,14,train
OBJ015_014.jpg,OBJ015,14,train
OBJ015_015.jpg,OBJ015,14,val
OBJ015_016.jpg,OBJ015,14,val
OBJ015_017.jpg,OBJ015,14,test
OBJ015_018.jpg,OBJ015,14,train
OBJ015_019.jpg,OBJ015,14,train
OBJ015_020.jpg,OBJ015,14,train
OBJ015_021.jpg,OBJ015,14,val
OBJ015_022.jpg,OBJ015,14,train
OBJ015_023.jpg,OBJ015,14,val
OBJ015_024.jpg,OBJ015,14,train
OBJ015_025.jpg,OBJ015,14,val
OBJ015_026.jpg,OBJ015,14,test
OBJ015_027.jpg,OBJ015,14,train
OBJ015_028.jpg,OBJ015,14,train
OBJ015_029.jpg,OBJ015,14,train
OBJ015_030.jpg,OBJ015,14,train
OBJ015_031.jpg,OBJ015,14,train
OBJ015_032.jpg,OBJ015,14,test
OBJ015_033.jpg,OBJ015,14,train
OBJ015_034.jpg,OBJ015,14,train
OBJ015_035.jpg,OBJ015,14,train
OBJ015_036.jpg,OBJ015,14,train
OBJ015_037.jpg,OBJ015,14,train
OBJ015_038.jpg,OBJ015,14,train
OBJ015_039.jpg,OBJ015,14,train
OBJ015_040.jpg,OBJ015,14,train
OBJ015_041.jpg,OBJ015,14,train
OBJ015_042.jpg,OBJ015,14,train
OBJ015_043.jpg,OBJ015,14,train
OBJ015_044.jpg,OBJ015,14,train
OBJ015_045.jpg,OBJ015,14,train
OBJ015_046.jpg,OBJ015,14,train
OBJ015_047.jpg,OBJ015,14,test
OBJ015_048.jpg,OBJ015,14,train
OBJ015_049.jpg,OBJ015,14,train
OBJ015_050.jpg,OBJ015,14,train
OBJ015_051.jpg,OBJ015,14,train
OBJ015_052.jpg,OBJ015,14,train
OBJ015_053.jpg,OBJ015,14,train
OBJ015_054.jpg,OBJ015,14,train
OBJ015_055.jpg,OBJ015,14,train
OBJ015_056.jpg,OBJ015,14,train
OBJ015_057.jpg,OBJ015,14,train
OBJ015_058.jpg,OBJ015,14,train
OBJ015_059.jpg,OBJ015,14,test
OBJ015_060.jpg,OBJ015,14,train
OBJ015_061.jpg,OBJ015,14,train
OBJ015_062.jpg,OBJ015,14,val
OBJ015_063.jpg,OBJ015,14,train
OBJ015_064.jpg,OBJ015,14,train
OBJ015_065.jpg,OBJ015,14,train
OBJ015_066.jpg,OBJ015,14,train
OBJ015_067.jpg,OBJ015,14,train
OBJ015_068.jpg,OBJ015,14,train
OBJ015_069.jpg,OBJ015,14,train
OBJ015_070.jpg,OBJ015,14,val
OBJ015_071.jpg,OBJ015,14,val
OBJ015_072.jpg,OBJ015,14,val
OBJ015_073.jpg,OBJ015,14,train
OBJ015_074.jpg,OBJ015,14,train
OBJ015_075.jpg,OBJ015,14,train
OBJ015_076.jpg,OBJ015,14,train
OBJ015_077.jpg,OBJ015,14,test
OBJ015_078.jpg,OBJ015,14,test
OBJ015_079.jpg,OBJ015,14,train
OBJ015_080.jpg,OBJ015,14,val
OBJ015_081.jpg,OBJ015,14,test
OBJ015_082.jpg,OBJ015,14,test
OBJ015_083.jpg,OBJ015,14,test
OBJ015_084.jpg,OBJ015,14,train
OBJ015_085.jpg,OBJ015,14,train
OBJ015_086.jpg,OBJ015,14,train
OBJ015_087.jpg,OBJ015,14,test
OBJ015_088.jpg,OBJ015,14,val
OBJ015_089.jpg,OBJ015,14,train
OBJ015_090.jpg,OBJ015,14,train
OBJ015_091.jpg,OBJ015,14,train
OBJ015_092.jpg,OBJ015,14,train
OBJ015_093.jpg,OBJ015,14,val
OBJ015_094.jpg,OBJ015,14,train
OBJ015_095.jpg,OBJ015,14,test
OBJ016_001.jpg,OBJ016,15,train
OBJ016_002.jpg,OBJ016,15,train
OBJ016_003.jpg,OBJ016,15,test
OBJ016_004.jpg,OBJ016,15,train
OBJ016_005.jpg,OBJ016,15,val
OBJ016_006.jpg,OBJ016,15,train
OBJ016_007.jpg,OBJ016,15,train
OBJ016_008.jpg,OBJ016,15,train
OBJ016_009.jpg,OBJ016,15,train
OBJ016_010.jpg,OBJ016,15,train
OBJ016_011.jpg,OBJ016,15,train
OBJ016_012.jpg,OBJ016,15,val
OBJ016_013.jpg,OBJ016,15,train
OBJ016_014.jpg,OBJ016,15,test
OBJ016_015.jpg,OBJ016,15,val
OBJ016_016.jpg,OBJ016,15,train
OBJ016_017.jpg,OBJ016,15,train
OBJ016_018.jpg,OBJ016,15,val
OBJ016_019.jpg,OBJ016,15,train
OBJ016_020.jpg,OBJ016,15,train
OBJ016_021.jpg,OBJ016,15,train
OBJ016_022.jpg,OBJ016,15,train
OBJ016_023.jpg,OBJ016,15,train
OBJ016_024.jpg,OBJ016,15,train
OBJ016_025.jpg,OBJ016,15,val
OBJ016_026.jpg,OBJ016,15,train
OBJ016_027.jpg,OBJ016,15,train
OBJ016_028.jpg,OBJ016,15,train
OBJ016_029.jpg,OBJ016,15,train
OBJ016_030.jpg,OBJ016,15,test
OBJ016_031.jpg,OBJ016,15,train
OBJ016_032.jpg,OBJ016,15,train
OBJ016_033.jpg,OBJ016,15,train
OBJ016_034.jpg,OBJ016,15,train
OBJ016_035.jpg,OBJ016,15,train
OBJ016_036.jpg,OBJ016,15,train
OBJ016_037.jpg,OBJ016,15,val
OBJ016_038.jpg,OBJ016,15,train
OBJ016_039.jpg,OBJ016,15,test
OBJ016_040.jpg,OBJ016,15,train
OBJ016_041.jpg,OBJ016,15,train
OBJ016_042.jpg,OBJ016,15,train
OBJ016_043.jpg,OBJ016,15,test
OBJ016_044.jpg,OBJ016,15,train
OBJ016_045.jpg,OBJ016,15,test
OBJ016_046.jpg,OBJ016,15,train
OBJ016_047.jpg,OBJ016,15,train
OBJ016_048.jpg,OBJ016,15,test
OBJ016_049.jpg,OBJ016,15,test
OBJ016_050.jpg,OBJ016,15,train
OBJ016_051.jpg,OBJ016,15,train
OBJ016_052.jpg,OBJ016,15,train
OBJ016_053.jpg,OBJ016,15,test
OBJ016_054.jpg,OBJ016,15,train
OBJ016_055.jpg,OBJ016,15,train
OBJ016_056.jpg,OBJ016,15,test
OBJ016_057.jpg,OBJ016,15,train
OBJ016_058.jpg,OBJ016,15,train
OBJ016_059.jpg,OBJ016,15,val
OBJ016_060.jpg,OBJ016,15,train
OBJ016_061.jpg,OBJ016,15,val
OBJ016_062.jpg,OBJ016,15,val
OBJ016_063.jpg,OBJ016,15,val
OBJ016_064.jpg,OBJ016,15,train
OBJ016_065.jpg,OBJ016,15,val
OBJ016_066.jpg,OBJ016,15,train
OBJ016_067.jpg,OBJ016,15,train
OBJ016_068.jpg,OBJ016,15,val
OBJ016_069.jpg,OBJ016,15,train
OBJ016_070.jpg,OBJ016,15,train
OBJ016_071.jpg,OBJ016,15,train
OBJ016_072.jpg,OBJ016,15,train
OBJ016_073.jpg,OBJ016,15,test
OBJ016_074.jpg,OBJ016,15,train
OBJ016_075.jpg,OBJ016,15,train
OBJ016_076.jpg,OBJ016,15,train
OBJ016_077.jpg,OBJ016,15,train
OBJ016_078.jpg,OBJ016,15,train
OBJ016_079.jpg,OBJ016,15,test
OBJ016_080.jpg,OBJ016,15,train
OBJ016_081.jpg,OBJ016,15,train
OBJ016_082.jpg,OBJ016,15,train
OBJ016_083.jpg,OBJ016,15,train
OBJ016_084.jpg,OBJ016,15,val
OBJ016_085.jpg,OBJ016,15,train
OBJ016_086.jpg,OBJ016,15,train
OBJ016_087.jpg,OBJ016,15,val
OBJ016_088.jpg,OBJ016,15,train
OBJ016_089.jpg,OBJ016,15,train
OBJ016_090.jpg,OBJ016,15,train
OBJ016_091.jpg,OBJ016,15,train
OBJ016_092.jpg,OBJ016,15,test
OBJ016_093.jpg,OBJ016,15,test
OBJ016_094.jpg,OBJ016,15,train
OBJ016_095.jpg,OBJ016,15,test
OBJ017_001.jpg,OBJ017,16,train
OBJ017_002.jpg,OBJ017,16,train
OBJ017_003.jpg,OBJ017,16,train
OBJ017_004.jpg,OBJ017,16,train
OBJ017_005.jpg,OBJ017,16,test
OBJ017_006.jpg,OBJ017,16,val
OBJ017_007.jpg,OBJ017,16,train
OBJ017_008.jpg,OBJ017,16,train
OBJ017_009.jpg,OBJ017,16,train
OBJ017_010.jpg,OBJ017,16,train
OBJ017_011.jpg,OBJ017,16,train
OBJ017_012.jpg,OBJ017,16,train
OBJ017_013.jpg,OBJ017,16,train
OBJ017_014.jpg,OBJ017,16,train
OBJ017_015.jpg,OBJ017,16,train
OBJ017_016.jpg,OBJ017,16,train
OBJ017_017.jpg,OBJ017,16,train
OBJ017_018.jpg,OBJ017,16,test
OBJ017_019.jpg,OBJ017,16,val
OBJ017_020.jpg,OBJ017,16,train
OBJ017_021.jpg,OBJ017,16,train
OBJ017_022.jpg,OBJ017,16,train
OBJ017_023.jpg,OBJ017,16,train
OBJ017_024.jpg,OBJ017,16,train
OBJ017_025.jpg,OBJ017,16,train
OBJ017_026.jpg,OBJ017,16,train
OBJ017_027.jpg,OBJ017,16,train
OBJ017_028.jpg,OBJ017,16,test
OBJ017_029.jpg,OBJ017,16,train
OBJ017_030.jpg,OBJ017,16,train
OBJ017_031.jpg,OBJ017,16,train
OBJ017_032.jpg,OBJ017,16,train
OBJ017_033.jpg,OBJ017,16,test
OBJ017_034.jpg,OBJ017,16,train
OBJ017_035.jpg,OBJ017,16,train
OBJ017_036.jpg,OBJ017,16,train
OBJ017_037.jpg,OBJ017,16,val
OBJ017_038.jpg,OBJ017,16,train
OBJ017_039.jpg,OBJ017,16,train
OBJ017_040.jpg,OBJ017,16,test
OBJ017_041.jpg,OBJ017,16,val
OBJ017_042.jpg,OBJ017,16,train
OBJ017_043.jpg,OBJ017,16,train
OBJ017_044.jpg,OBJ017,16,train
OBJ017_045.jpg,OBJ017,16,val
OBJ017_046.jpg,OBJ017,16,train
OBJ017_047.jpg,OBJ017,16,train
OBJ017_048.jpg,OBJ017,16,test
OBJ017_049.jpg,OBJ017,16,train
OBJ017_050.jpg,OBJ017,16,train
OBJ017_051.jpg,OBJ017,16,train
OBJ017_052.jpg,OBJ017,16,train
OBJ017_053.jpg,OBJ017,16,train
OBJ017_054.jpg,OBJ017,16,train
OBJ017_055.jpg,OBJ017,16,train
OBJ017_056.jpg,OBJ017,16,test
OBJ017_057.jpg,OBJ017,16,train
OBJ017_058.jpg,OBJ017,16,test
OBJ017_059.jpg,OBJ017,16,test
OBJ017_060.jpg,OBJ017,16,val
OBJ017_061.jpg,OBJ017,16,train
OBJ017_062.jpg,OBJ017,16,val
OBJ017_063.jpg,OBJ017,16,train
OBJ017_064.jpg,OBJ017,16,train
OBJ017_065.jpg,OBJ017,16,train
OBJ017_066.jpg,OBJ017,16,train
OBJ017_067.jpg,OBJ017,16,test
OBJ017_068.jpg,OBJ017,16,train
OBJ017_069.jpg,OBJ017,16,test
OBJ017_070.jpg,OBJ017,16,test
OBJ017_071.jpg,OBJ017,16,train
OBJ017_072.jpg,OBJ017,16,val
OBJ017_073.jpg,OBJ017,16,train
OBJ017_074.jpg,OBJ017,16,train
OBJ017_075.jpg,OBJ017,16,train
OBJ017_076.jpg,OBJ017,16,train
OBJ017_077.jpg,OBJ017,16,val
OBJ017_078.jpg,OBJ017,16,val
OBJ017_079.jpg,OBJ017,16,train
OBJ017_080.jpg,OBJ017,16,test
OBJ017_081.jpg,OBJ017,16,val
OBJ017_082.jpg,OBJ017,16,train
OBJ017_083.jpg,OBJ017,16,train
OBJ017_084.jpg,OBJ017,16,train
OBJ017_085.jpg,OBJ017,16,val
OBJ017_086.jpg,OBJ017,16,val
OBJ017_087.jpg,OBJ017,16,train
OBJ017_088.jpg,OBJ017,16,train
OBJ017_089.jpg,OBJ017,16,train
OBJ017_090.jpg,OBJ017,16,val
OBJ017_091.jpg,OBJ017,16,train
OBJ017_092.jpg,OBJ017,16,val
OBJ017_093.jpg,OBJ017,16,train
OBJ017_094.jpg,OBJ017,16,val
OBJ017_095.jpg,OBJ017,16,train
OBJ017_096.jpg,OBJ017,16,train
OBJ017_097.jpg,OBJ017,16,test
OBJ017_098.jpg,OBJ017,16,test
OBJ017_099.jpg,OBJ017,16,train
OBJ017_100.jpg,OBJ017,16,train
OBJ017_101.jpg,OBJ017,16,train
OBJ017_102.jpg,OBJ017,16,train
OBJ017_103.jpg,OBJ017,16,train
OBJ017_104.jpg,OBJ017,16,test
OBJ017_105.jpg,OBJ017,16,train
OBJ017_106.jpg,OBJ017,16,train
OBJ018_001.jpg,OBJ018,17,train
OBJ018_002.jpg,OBJ018,17,val
OBJ018_003.jpg,OBJ018,17,train
OBJ018_004.jpg,OBJ018,17,test
OBJ018_005.jpg,OBJ018,17,train
OBJ018_006.jpg,OBJ018,17,test
OBJ018_007.jpg,OBJ018,17,val
OBJ018_008.jpg,OBJ018,17,train
OBJ018_009.jpg,OBJ018,17,train
OBJ018_010.jpg,OBJ018,17,train
OBJ018_011.jpg,OBJ018,17,test
OBJ018_012.jpg,OBJ018,17,train
OBJ018_013.jpg,OBJ018,17,val
OBJ018_014.jpg,OBJ018,17,train
OBJ018_015.jpg,OBJ018,17,test
OBJ018_016.jpg,OBJ018,17,train
OBJ018_017.jpg,OBJ018,17,train
OBJ018_018.jpg,OBJ018,17,train
OBJ018_019.jpg,OBJ018,17,train
OBJ018_020.jpg,OBJ018,17,train
OBJ018_021.jpg,OBJ018,17,val
OBJ018_022.jpg,OBJ018,17,test
OBJ018_023.jpg,OBJ018,17,train
OBJ018_024.jpg,OBJ018,17,train
OBJ018_025.jpg,OBJ018,17,train
OBJ018_026.jpg,OBJ018,17,val
OBJ018_027.jpg,OBJ018,17,val
OBJ018_028.jpg,OBJ018,17,train
OBJ018_029.jpg,OBJ018,17,val
OBJ018_030.jpg,OBJ018,17,train
OBJ018_031.jpg,OBJ018,17,train
OBJ018_032.jpg,OBJ018,17,val
OBJ018_033.jpg,OBJ018,17,test
OBJ018_034.jpg,OBJ018,17,train
OBJ018_035.jpg,OBJ018,17,train
OBJ018_036.jpg,OBJ018,17,train
OBJ018_037.jpg,OBJ018,17,train
OBJ018_038.jpg,OBJ018,17,train
OBJ018_039.jpg,OBJ018,17,test
OBJ018_040.jpg,OBJ018,17,train
OBJ018_041.jpg,OBJ018,17,train
OBJ018_042.jpg,OBJ018,17,train
OBJ018_043.jpg,OBJ018,17,train
OBJ018_044.jpg,OBJ018,17,train
OBJ018_045.jpg,OBJ018,17,train
OBJ018_046.jpg,OBJ018,17,val
OBJ018_047.jpg,OBJ018,17,test
OBJ018_048.jpg,OBJ018,17,train
OBJ018_049.jpg,OBJ018,17,train
OBJ018_050.jpg,OBJ018,17,train
OBJ018_051.jpg,OBJ018,17,test
OBJ018_052.jpg,OBJ018,17,test
OBJ018_053.jpg,OBJ018,17,train
OBJ018_054.jpg,OBJ018,17,train
OBJ018_055.jpg,OBJ018,17,train
OBJ018_056.jpg,OBJ018,17,test
OBJ018_057.jpg,OBJ018,17,train
OBJ018_058.jpg,OBJ018,17,val
OBJ018_059.jpg,OBJ018,17,train
OBJ018_060.jpg,OBJ018,17,train
OBJ018_061.jpg,OBJ018,17,train
OBJ018_062.jpg,OBJ018,17,train
OBJ018_063.jpg,OBJ018,17,train
OBJ018_064.jpg,OBJ018,17,train
OBJ018_065.jpg,OBJ018,17,train
OBJ018_066.jpg,OBJ018,17,train
OBJ018_067.jpg,OBJ018,17,val
OBJ018_068.jpg,OBJ018,17,train
OBJ018_069.jpg,OBJ018,17,train
OBJ018_070.jpg,OBJ018,17,train
OBJ018_071.jpg,OBJ018,17,train
OBJ018_072.jpg,OBJ018,17,train
OBJ018_073.jpg,OBJ018,17,train
OBJ018_074.jpg,OBJ018,17,train
OBJ018_075.jpg,OBJ018,17,val
OBJ018_076.jpg,OBJ018,17,val
OBJ018_077.jpg,OBJ018,17,train
OBJ018_078.jpg,OBJ018,17,train
OBJ018_079.jpg,OBJ018,17,test
OBJ018_080.jpg,OBJ018,17,train
OBJ018_081.jpg,OBJ018,17,val
OBJ018_082.jpg,OBJ018,17,train
OBJ018_083.jpg,OBJ018,17,train
OBJ018_084.jpg,OBJ018,17,train
OBJ018_085.jpg,OBJ018,17,train
OBJ018_086.jpg,OBJ018,17,train
OBJ018_087.jpg,OBJ018,17,test
OBJ018_088.jpg,OBJ018,17,train
OBJ018_089.jpg,OBJ018,17,train
OBJ018_090.jpg,OBJ018,17,train
OBJ018_091.jpg,OBJ018,17,train
OBJ018_092.jpg,OBJ018,17,test
OBJ018_093.jpg,OBJ018,17,train
OBJ018_094.jpg,OBJ018,17,test
OBJ018_095.jpg,OBJ018,17,train
OBJ019_001.jpg,OBJ019,18,train
OBJ019_002.jpg,OBJ019,18,test
OBJ019_003.jpg,OBJ019,18,train
OBJ019_004.jpg,OBJ019,18,train
OBJ019_005.jpg,OBJ019,18,train
OBJ019_006.jpg,OBJ019,18,train
OBJ019_007.jpg,OBJ019,18,train
OBJ019_008.jpg,OBJ019,18,test
OBJ019_009.jpg,OBJ019,18,train
OBJ019_010.jpg,OBJ019,18,train
OBJ019_011.jpg,OBJ019,18,val
OBJ019_012.jpg,OBJ019,18,train
OBJ019_013.jpg,OBJ019,18,train
OBJ019_014.jpg,OBJ019,18,train
OBJ019_015.jpg,OBJ019,18,test
OBJ019_016.jpg,OBJ019,18,train
OBJ019_017.jpg,OBJ019,18,val
OBJ019_018.jpg,OBJ019,18,train
OBJ019_019.jpg,OBJ019,18,train
OBJ019_020.jpg,OBJ019,18,test
OBJ019_021.jpg,OBJ019,18,train
OBJ019_022.jpg,OBJ019,18,test
OBJ019_023.jpg,OBJ019,18,train
OBJ019_024.jpg,OBJ019,18,train
OBJ019_025.jpg,OBJ019,18,train
OBJ019_026.jpg,OBJ019,18,test
OBJ019_027.jpg,OBJ019,18,train
OBJ019_028.jpg,OBJ019,18,train
OBJ019_029.jpg,OBJ019,18,train
OBJ019_030.jpg,OBJ019,18,test
OBJ019_031.jpg,OBJ019,18,train
OBJ019_032.jpg,OBJ019,18,val
OBJ019_033.jpg,OBJ019,18,val
OBJ019_034.jpg,OBJ019,18,train
OBJ019_035.jpg,OBJ019,18,train
OBJ019_036.jpg,OBJ019,18,train
OBJ019_037.jpg,OBJ019,18,train
OBJ019_038.jpg,OBJ019,18,test
OBJ019_039.jpg,OBJ019,18,train
OBJ019_040.jpg,OBJ019,18,val
OBJ019_041.jpg,OBJ019,18,val
OBJ019_042.jpg,OBJ019,18,train
OBJ019_043.jpg,OBJ019,18,train
OBJ019_044.jpg,OBJ019,18,train
OBJ019_045.jpg,OBJ019,18,train
OBJ019_046.jpg,OBJ019,18,val
OBJ019_047.jpg,OBJ019,18,train
OBJ019_048.jpg,OBJ019,18,train
OBJ019_049.jpg,OBJ019,18,train
OBJ019_050.jpg,OBJ019,18,train
OBJ019_051.jpg,OBJ019,18,test
OBJ019_052.jpg,OBJ019,18,train
OBJ019_053.jpg,OBJ019,18,train
OBJ019_054.jpg,OBJ019,18,val
OBJ019_055.jpg,OBJ019,18,train
OBJ019_056.jpg,OBJ019,18,train
OBJ019_057.jpg,OBJ019,18,train
OBJ019_058.jpg,OBJ019,18,train
OBJ019_059.jpg,OBJ019,18,train
OBJ019_060.jpg,OBJ019,18,train
OBJ019_061.jpg,OBJ019,18,train
OBJ019_062.jpg,OBJ019,18,train
OBJ019_063.jpg,OBJ019,18,train
OBJ019_064.jpg,OBJ019,18,train
OBJ019_065.jpg,OBJ019,18,train
OBJ019_066.jpg,OBJ019,18,val
OBJ019_067.jpg,OBJ019,18,train
OBJ019_068.jpg,OBJ019,18,train
OBJ019_069.jpg,OBJ019,18,train
OBJ019_070.jpg,OBJ019,18,train
OBJ019_071.jpg,OBJ019,18,train
OBJ019_072.jpg,OBJ019,18,train
OBJ019_073.jpg,OBJ019,18,train
OBJ019_074.jpg,OBJ019,18,test
OBJ019_075.jpg,OBJ019,18,train
OBJ019_076.jpg,OBJ019,18,test
OBJ019_077.jpg,OBJ019,18,train
OBJ019_078.jpg,OBJ019,18,train
OBJ019_079.jpg,OBJ019,18,val
OBJ019_080.jpg,OBJ019,18,val
OBJ019_081.jpg,OBJ019,18,test
OBJ019_082.jpg,OBJ019,18,train
OBJ019_083.jpg,OBJ019,18,train
OBJ019_084.jpg,OBJ019,18,train
OBJ019_085.jpg,OBJ019,18,train
OBJ019_086.jpg,OBJ019,18,val
OBJ019_087.jpg,OBJ019,18,val
OBJ019_088.jpg,OBJ019,18,test
OBJ019_089.jpg,OBJ019,18,train
OBJ019_090.jpg,OBJ019,18,train
OBJ019_091.jpg,OBJ019,18,val
OBJ019_092.jpg,OBJ019,18,train
OBJ019_093.jpg,OBJ019,18,test
OBJ019_094.jpg,OBJ019,18,train
OBJ019_095.jpg,OBJ019,18,train
OBJ020_001.jpg,OBJ020,19,train
OBJ020_002.jpg,OBJ020,19,train
OBJ020_003.jpg,OBJ020,19,test
OBJ020_004.jpg,OBJ020,19,test
OBJ020_005.jpg,OBJ020,19,train
OBJ020_006.jpg,OBJ020,19,val
OBJ020_007.jpg,OBJ020,19,train
OBJ020_008.jpg,OBJ020,19,train
OBJ020_009.jpg,OBJ020,19,train
OBJ020_010.jpg,OBJ020,19,train
OBJ020_011.jpg,OBJ020,19,train
OBJ020_012.jpg,OBJ020,19,val
OBJ020_013.jpg,OBJ020,19,train
OBJ020_014.jpg,OBJ020,19,train
OBJ020_015.jpg,OBJ020,19,train
OBJ020_016.jpg,OBJ020,19,train
OBJ020_017.jpg,OBJ020,19,train
OBJ020_018.jpg,OBJ020,19,val
OBJ020_019.jpg,OBJ020,19,train
OBJ020_020.jpg,OBJ020,19,val
OBJ020_021.jpg,OBJ020,19,test
OBJ020_022.jpg,OBJ020,19,train
OBJ020_023.jpg,OBJ020,19,train
OBJ020_024.jpg,OBJ020,19,test
OBJ020_025.jpg,OBJ020,19,train
OBJ020_026.jpg,OBJ020,19,train
OBJ020_027.jpg,OBJ020,19,train
OBJ020_028.jpg,OBJ020,19,train
OBJ020_029.jpg,OBJ020,19,train
OBJ020_030.jpg,OBJ020,19,train
OBJ020_031.jpg,OBJ020,19,val
OBJ020_032.jpg,OBJ020,19,train
OBJ020_033.jpg,OBJ020,19,train
OBJ020_034.jpg,OBJ020,19,val
OBJ020_035.jpg,OBJ020,19,train
OBJ020_036.jpg,OBJ020,19,test
OBJ020_037.jpg,OBJ020,19,test
OBJ020_038.jpg,OBJ020,19,train
OBJ020_039.jpg,OBJ020,19,val
OBJ020_040.jpg,OBJ020,19,val
OBJ020_041.jpg,OBJ020,19,train
OBJ020_042.jpg,OBJ020,19,test
OBJ020_043.jpg,OBJ020,19,train
OBJ020_044.jpg,OBJ020,19,train
OBJ020_045.jpg,OBJ020,19,train
OBJ020_046.jpg,OBJ020,19,train
OBJ020_047.jpg,OBJ020,19,train
OBJ020_048.jpg,OBJ020,19,train
OBJ020_049.jpg,OBJ020,19,test
OBJ020_050.jpg,OBJ020,19,test
OBJ020_051.jpg,OBJ020,19,val
OBJ020_052.jpg,OBJ020,19,train
OBJ020_053.jpg,OBJ020,19,train
OBJ020_054.jpg,OBJ020,19,train
OBJ020_055.jpg,OBJ020,19,train
OBJ020_056.jpg,OBJ020,19,train
OBJ020_057.jpg,OBJ020,19,train
OBJ020_058.jpg,OBJ020,19,test
OBJ020_059.jpg,OBJ020,19,train
OBJ020_060.jpg,OBJ020,19,val
OBJ020_061.jpg,OBJ020,19,test
OBJ020_062.jpg,OBJ020,19,train
OBJ020_063.jpg,OBJ020,19,train
OBJ020_064.jpg,OBJ020,19,train
OBJ020_065.jpg,OBJ020,19,train
OBJ020_066.jpg,OBJ020,19,val
OBJ020_067.jpg,OBJ020,19,train
OBJ020_068.jpg,OBJ020,19,train
OBJ020_069.jpg,OBJ020,19,train
OBJ020_070.jpg,OBJ020,19,train
OBJ020_071.jpg,OBJ020,19,train
OBJ020_072.jpg,OBJ020,19,train
OBJ020_073.jpg,OBJ020,19,train
OBJ020_074.jpg,OBJ020,19,train
OBJ020_075.jpg,OBJ020,19,train
OBJ020_076.jpg,OBJ020,19,train
OBJ020_077.jpg,OBJ020,19,train
OBJ020_078.jpg,OBJ020,19,train
OBJ020_079.jpg,OBJ020,19,val
OBJ020_080.jpg,OBJ020,19,train
OBJ020_081.jpg,OBJ020,19,test
OBJ020_082.jpg,OBJ020,19,train
OBJ020_083.jpg,OBJ020,19,train
OBJ020_084.jpg,OBJ020,19,train
OBJ020_085.jpg,OBJ020,19,test
OBJ020_086.jpg,OBJ020,19,train
OBJ020_087.jpg,OBJ020,19,train
OBJ020_088.jpg,OBJ020,19,train
OBJ020_089.jpg,OBJ020,19,train
OBJ020_090.jpg,OBJ020,19,test
OBJ020_091.jpg,OBJ020,19,val
OBJ020_092.jpg,OBJ020,19,train
OBJ020_093.jpg,OBJ020,19,val
OBJ020_094.jpg,OBJ020,19,train
OBJ020_095.jpg,OBJ020,19,train
OBJ021_001.jpg,OBJ021,20,val
OBJ021_002.jpg,OBJ021,20,val
OBJ021_003.jpg,OBJ021,20,train
OBJ021_004.jpg,OBJ021,20,train
OBJ021_005.jpg,OBJ021,20,train
OBJ021_006.jpg,OBJ021,20,test
OBJ021_007.jpg,OBJ021,20,train
OBJ021_008.jpg,OBJ021,20,train
OBJ021_009.jpg,OBJ021,20,train
OBJ021_010.jpg,OBJ021,20,train
OBJ021_011.jpg,OBJ021,20,train
OBJ021_012.jpg,OBJ021,20,val
OBJ021_013.jpg,OBJ021,20,train
OBJ021_014.jpg,OBJ021,20,train
OBJ021_015.jpg,OBJ021,20,train
OBJ021_016.jpg,OBJ021,20,train
OBJ021_017.jpg,OBJ021,20,train
OBJ021_018.jpg,OBJ021,20,train
OBJ021_019.jpg,OBJ021,20,train
OBJ021_020.jpg,OBJ021,20,val
OBJ021_021.jpg,OBJ021,20,train
OBJ021_022.jpg,OBJ021,20,train
OBJ021_023.jpg,OBJ021,20,train
OBJ021_024.jpg,OBJ021,20,train
OBJ021_025.jpg,OBJ021,20,train
OBJ021_026.jpg,OBJ021,20,val
OBJ021_027.jpg,OBJ021,20,train
OBJ021_028.jpg,OBJ021,20,train
OBJ021_029.jpg,OBJ021,20,val
OBJ021_030.jpg,OBJ021,20,train
OBJ021_031.jpg,OBJ021,20,train
OBJ021_032.jpg,OBJ021,20,train
OBJ021_033.jpg,OBJ021,20,test
OBJ021_034.jpg,OBJ021,20,train
OBJ021_035.jpg,OBJ021,20,test
OBJ021_036.jpg,OBJ021,20,train
OBJ021_037.jpg,OBJ021,20,test
OBJ021_038.jpg,OBJ021,20,train
OBJ021_039.jpg,OBJ021,20,test
OBJ021_040.jpg,OBJ021,20,train
OBJ021_041.jpg,OBJ021,20,train
OBJ021_042.jpg,OBJ021,20,train
OBJ021_043.jpg,OBJ021,20,test
OBJ021_044.jpg,OBJ021,20,train
OBJ021_045.jpg,OBJ021,20,train
OBJ021_046.jpg,OBJ021,20,train
OBJ021_047.jpg,OBJ021,20,train
OBJ021_048.jpg,OBJ021,20,train
OBJ021_049.jpg,OBJ021,20,train
OBJ021_050.jpg,OBJ021,20,test
OBJ021_051.jpg,OBJ021,20,val
OBJ021_052.jpg,OBJ021,20,train
OBJ021_053.jpg,OBJ021,20,val
OBJ021_054.jpg,OBJ021,20,train
OBJ021_055.jpg,OBJ021,20,train
OBJ021_056.jpg,OBJ021,20,test
OBJ021_057.jpg,OBJ021,20,val
OBJ021_058.jpg,OBJ021,20,train
OBJ021_059.jpg,OBJ021,20,test
OBJ021_060.jpg,OBJ021,20,train
OBJ021_061.jpg,OBJ021,20,val
OBJ021_062.jpg,OBJ021,20,train
OBJ021_063.jpg,OBJ021,20,train
OBJ021_064.jpg,OBJ021,20,train
OBJ021_065.jpg,OBJ021,20,train
OBJ021_066.jpg,OBJ021,20,train
OBJ021_067.jpg,OBJ021,20,train
OBJ021_068.jpg,OBJ021,20,train
OBJ021_069.jpg,OBJ021,20,test
OBJ021_070.jpg,OBJ021,20,val
OBJ021_071.jpg,OBJ021,20,train
OBJ021_072.jpg,OBJ021,20,train
OBJ021_073.jpg,OBJ021,20,val
OBJ021_074.jpg,OBJ021,20,test
OBJ021_075.jpg,OBJ021,20,train
OBJ021_076.jpg,OBJ021,20,train
OBJ021_077.jpg,OBJ021,20,train
OBJ021_078.jpg,OBJ021,20,test
OBJ021_079.jpg,OBJ021,20,train
OBJ021_080.jpg,OBJ021,20,train
OBJ021_081.jpg,OBJ021,20,train
OBJ021_082.jpg,OBJ021,20,train
OBJ021_083.jpg,OBJ021,20,train
OBJ021_084.jpg,OBJ021,20,train
OBJ021_085.jpg,OBJ021,20,train
OBJ021_086.jpg,OBJ021,20,val
OBJ021_087.jpg,OBJ021,20,train
OBJ021_088.jpg,OBJ021,20,test
OBJ021_089.jpg,OBJ021,20,train
OBJ021_090.jpg,OBJ021,20,test
OBJ021_091.jpg,OBJ021,20,train
OBJ021_092.jpg,OBJ021,20,val
OBJ021_093.jpg,OBJ021,20,val
OBJ021_094.jpg,OBJ021,20,train
OBJ021_095.jpg,OBJ021,20,train
OBJ022_001.jpeg,OBJ022,21,val
OBJ022_002.jpeg,OBJ022,21,train
OBJ022_003.jpeg,OBJ022,21,test
OBJ022_004.jpeg,OBJ022,21,train
OBJ022_005.jpeg,OBJ022,21,train
OBJ022_006.jpeg,OBJ022,21,train
OBJ022_007.jpeg,OBJ022,21,train
OBJ022_008.jpeg,OBJ022,21,train
OBJ022_009.jpeg,OBJ022,21,test
OBJ022_010.jpeg,OBJ022,21,train
OBJ022_011.jpeg,OBJ022,21,val
OBJ022_012.jpeg,OBJ022,21,train
OBJ022_013.jpeg,OBJ022,21,val
OBJ022_014.jpeg,OBJ022,21,train
OBJ022_015.jpeg,OBJ022,21,test
OBJ022_016.jpeg,OBJ022,21,train
OBJ022_017.jpeg,OBJ022,21,train
OBJ022_018.jpeg,OBJ022,21,train
OBJ022_019.jpeg,OBJ022,21,test
OBJ022_020.jpeg,OBJ022,21,train
OBJ022_021.jpeg,OBJ022,21,test
OBJ022_023.jpeg,OBJ022,21,train
OBJ022_024.jpeg,OBJ022,21,val
OBJ022_025.jpeg,OBJ022,21,train
OBJ022_026.jpeg,OBJ022,21,train
OBJ022_027.jpeg,OBJ022,21,test
OBJ022_028.jpeg,OBJ022,21,train
OBJ022_029.jpeg,OBJ022,21,train
OBJ022_030.jpeg,OBJ022,21,train
OBJ022_031.jpeg,OBJ022,21,train
OBJ022_032.jpeg,OBJ022,21,train
OBJ022_033.jpeg,OBJ022,21,train
OBJ022_034.jpeg,OBJ022,21,test
OBJ022_035.jpeg,OBJ022,21,train
OBJ022_036.jpeg,OBJ022,21,val
OBJ022_037.jpeg,OBJ022,21,train
OBJ022_038.jpeg,OBJ022,21,train
OBJ022_039.jpeg,OBJ022,21,train
OBJ022_040.jpeg,OBJ022,21,train
OBJ022_041.jpeg,OBJ022,21,train
OBJ022_042.jpeg,OBJ022,21,train
OBJ022_043.jpeg,OBJ022,21,train
OBJ022_044.jpeg,OBJ022,21,train
OBJ022_045.jpeg,OBJ022,21,val
OBJ022_046.jpeg,OBJ022,21,train
OBJ022_047.jpeg,OBJ022,21,test
OBJ022_048.jpeg,OBJ022,21,train
OBJ022_049.jpeg,OBJ022,21,train
OBJ022_050.jpeg,OBJ022,21,test
OBJ022_051.jpeg,OBJ022,21,train
OBJ022_052.jpeg,OBJ022,21,train
OBJ022_053.jpeg,OBJ022,21,train
OBJ022_054.jpeg,OBJ022,21,train
OBJ022_055.jpeg,OBJ022,21,val
OBJ022_056.jpeg,OBJ022,21,train
OBJ022_057.jpeg,OBJ022,21,train
OBJ022_058.jpeg,OBJ022,21,train
OBJ022_059.jpeg,OBJ022,21,train
OBJ022_060.jpeg,OBJ022,21,train
OBJ022_061.jpeg,OBJ022,21,val
OBJ022_062.jpeg,OBJ022,21,train
OBJ022_063.jpeg,OBJ022,21,train
OBJ022_064.jpeg,OBJ022,21,train
OBJ022_065.jpeg,OBJ022,21,train
OBJ022_066.jpeg,OBJ022,21,val
OBJ022_067.jpeg,OBJ022,21,test
OBJ022_068.jpeg,OBJ022,21,train
OBJ022_069.jpeg,OBJ022,21,train
OBJ022_070.jpeg,OBJ022,21,train
OBJ022_071.jpeg,OBJ022,21,train
OBJ022_072.jpeg,OBJ022,21,test
OBJ022_073.jpeg,OBJ022,21,train
OBJ022_074.jpeg,OBJ022,21,train
OBJ022_075.jpeg,OBJ022,21,train
OBJ022_076.jpeg,OBJ022,21,val
OBJ022_077.jpeg,OBJ022,21,val
OBJ022_078.jpeg,OBJ022,21,train
OBJ022_079.jpeg,OBJ022,21,train
OBJ022_080.jpeg,OBJ022,21,train
OBJ022_081.jpeg,OBJ022,21,train
OBJ022_082.jpeg,OBJ022,21,train
OBJ022_083.jpeg,OBJ022,21,val
OBJ022_084.jpeg,OBJ022,21,val
OBJ022_085.jpeg,OBJ022,21,val
OBJ022_086.jpeg,OBJ022,21,test
OBJ022_087.jpeg,OBJ022,21,test
OBJ022_088.jpeg,OBJ022,21,train
OBJ022_089.jpeg,OBJ022,21,test
OBJ022_090.jpeg,OBJ022,21,train
OBJ022_091.jpeg,OBJ022,21,train
OBJ022_092.jpeg,OBJ022,21,train
OBJ022_093.jpeg,OBJ022,21,train
OBJ022_094.jpeg,OBJ022,21,train
OBJ022_095.jpeg,OBJ022,21,train
OBJ023_001.JPG,OBJ023,22,test
OBJ023_002.JPG,OBJ023,22,train
OBJ023_003.JPG,OBJ023,22,train
OBJ023_004.JPG,OBJ023,22,train
OBJ023_005.JPG,OBJ023,22,train
OBJ023_006.JPG,OBJ023,22,train
OBJ023_007.JPG,OBJ023,22,val
OBJ023_008.JPG,OBJ023,22,train
OBJ023_009.JPG,OBJ023,22,test
OBJ023_010.JPG,OBJ023,22,val
OBJ023_011.JPG,OBJ023,22,train
OBJ023_012.JPG,OBJ023,22,train
OBJ023_013.JPG,OBJ023,22,val
OBJ023_014.jpg,OBJ023,22,train
OBJ023_015.jpg,OBJ023,22,test
OBJ023_016.jpg,OBJ023,22,train
OBJ023_017.jpg,OBJ023,22,train
OBJ023_018.jpg,OBJ023,22,train
OBJ023_019.jpg,OBJ023,22,val
OBJ023_021.JPG,OBJ023,22,train
OBJ023_022.JPG,OBJ023,22,val
OBJ023_023.JPG,OBJ023,22,val
OBJ023_024.JPG,OBJ023,22,train
OBJ023_025.JPG,OBJ023,22,val
OBJ023_026.JPG,OBJ023,22,train
OBJ023_027.JPG,OBJ023,22,test
OBJ023_028.JPG,OBJ023,22,train
OBJ023_029.JPG,OBJ023,22,train
OBJ023_030.JPG,OBJ023,22,train
OBJ023_031.JPG,OBJ023,22,train
OBJ023_032.JPG,OBJ023,22,train
OBJ023_033.JPG,OBJ023,22,train
OBJ023_034.JPG,OBJ023,22,train
OBJ023_035.JPG,OBJ023,22,train
OBJ023_036.JPG,OBJ023,22,train
OBJ023_037.JPG,OBJ023,22,val
OBJ023_038.JPG,OBJ023,22,test
OBJ023_039.JPG,OBJ023,22,train
OBJ023_040.JPG,OBJ023,22,train
OBJ023_041.JPG,OBJ023,22,train
OBJ023_042.JPG,OBJ023,22,train
OBJ023_043.JPG,OBJ023,22,test
OBJ023_044.JPG,OBJ023,22,train
OBJ023_045.JPG,OBJ023,22,val
OBJ023_046.JPG,OBJ023,22,test
OBJ023_047.JPG,OBJ023,22,train
OBJ023_048.JPG,OBJ023,22,test
OBJ023_049.JPG,OBJ023,22,train
OBJ023_050.JPG,OBJ023,22,test
OBJ023_051.JPG,OBJ023,22,val
OBJ023_052.JPG,OBJ023,22,train
OBJ023_053.JPG,OBJ023,22,train
OBJ023_054.JPG,OBJ023,22,train
OBJ023_055.JPG,OBJ023,22,val
OBJ023_056.JPG,OBJ023,22,train
OBJ023_057.JPG,OBJ023,22,train
OBJ023_058.JPG,OBJ023,22,train
OBJ023_059.JPG,OBJ023,22,train
OBJ023_060.JPG,OBJ023,22,train
OBJ023_061.JPG,OBJ023,22,test
OBJ023_062.JPG,OBJ023,22,train
OBJ023_063.JPG,OBJ023,22,train
OBJ023_064.JPG,OBJ023,22,train
OBJ023_065.JPG,OBJ023,22,train
OBJ023_066.JPG,OBJ023,22,train
OBJ023_067.JPG,OBJ023,22,train
OBJ023_068.JPG,OBJ023,22,train
OBJ023_069.JPG,OBJ023,22,test
OBJ023_070.JPG,OBJ023,22,train
OBJ023_071.JPG,OBJ023,22,train
OBJ023_072.JPG,OBJ023,22,val
OBJ023_073.JPG,OBJ023,22,train
OBJ023_074.JPG,OBJ023,22,train
OBJ023_075.JPG,OBJ023,22,train
OBJ023_076.JPG,OBJ023,22,train
OBJ023_077.JPG,OBJ023,22,val
OBJ023_078.JPG,OBJ023,22,val
OBJ023_079.JPG,OBJ023,22,train
OBJ023_080.JPG,OBJ023,22,train
OBJ023_081.JPG,OBJ023,22,train
OBJ023_082.JPG,OBJ023,22,train
OBJ023_083.JPG,OBJ023,22,train
OBJ023_084.JPG,OBJ023,22,train
OBJ023_087.JPG,OBJ023,22,test
OBJ023_088.JPG,OBJ023,22,train
OBJ023_093.JPG,OBJ023,22,train
OBJ023_094.JPG,OBJ023,22,train
OBJ023_095.JPG,OBJ023,22,train
OBJ023_20.JPG,OBJ023,22,test
OBJ024_001.jpg,OBJ024,23,train
OBJ024_002.jpg,OBJ024,23,val
OBJ024_003.jpg,OBJ024,23,val
OBJ024_004.jpg,OBJ024,23,train
OBJ024_005.jpg,OBJ024,23,test
OBJ024_006.jpg,OBJ024,23,train
OBJ024_007.jpg,OBJ024,23,train
OBJ024_008.jpg,OBJ024,23,val
OBJ024_009.jpg,OBJ024,23,train
OBJ024_010.jpg,OBJ024,23,train
OBJ024_011.jpg,OBJ024,23,train
OBJ024_012.jpg,OBJ024,23,train
OBJ024_013.jpg,OBJ024,23,val
OBJ024_014.jpg,OBJ024,23,train
OBJ024_015.jpg,OBJ024,23,train
OBJ024_016.jpg,OBJ024,23,train
OBJ024_017.jpg,OBJ024,23,train
OBJ024_018.jpg,OBJ024,23,train
OBJ024_019.jpg,OBJ024,23,train
OBJ024_020.jpg,OBJ024,23,train
OBJ024_021.jpg,OBJ024,23,val
OBJ024_022.jpg,OBJ024,23,test
OBJ024_023.jpg,OBJ024,23,train
OBJ024_024.jpg,OBJ024,23,train
OBJ024_025.jpg,OBJ024,23,train
OBJ024_026.jpg,OBJ024,23,train
OBJ024_027.jpg,OBJ024,23,val
OBJ024_028.jpg,OBJ024,23,train
OBJ024_029.jpg,OBJ024,23,train
OBJ024_030.jpg,OBJ024,23,test
OBJ024_031.jpg,OBJ024,23,train
OBJ024_032.jpg,OBJ024,23,test
OBJ024_033.jpg,OBJ024,23,train
OBJ024_034.jpg,OBJ024,23,train
OBJ024_035.jpg,OBJ024,23,test
OBJ024_036.jpg,OBJ024,23,train
OBJ024_037.jpg,OBJ024,23,train
OBJ024_038.jpg,OBJ024,23,train
OBJ024_039.jpg,OBJ024,23,train
OBJ024_040.jpg,OBJ024,23,train
OBJ024_041.jpg,OBJ024,23,test
OBJ024_042.jpg,OBJ024,23,train
OBJ024_043.jpg,OBJ024,23,train
OBJ024_044.jpg,OBJ024,23,val
OBJ024_045.jpg,OBJ024,23,train
OBJ024_046.jpg,OBJ024,23,train
OBJ024_047.jpg,OBJ024,23,train
OBJ024_048.jpg,OBJ024,23,train
OBJ024_049.jpg,OBJ024,23,test
OBJ024_050.jpg,OBJ024,23,val
OBJ024_051.jpg,OBJ024,23,train
OBJ024_052.jpg,OBJ024,23,train
OBJ024_053.jpg,OBJ024,23,train
OBJ024_054.jpg,OBJ024,23,train
OBJ024_055.jpg,OBJ024,23,train
OBJ024_056.jpg,OBJ024,23,train
OBJ024_057.jpg,OBJ024,23,train
OBJ024_058.jpg,OBJ024,23,val
OBJ024_059.jpg,OBJ024,23,train
OBJ024_060.jpg,OBJ024,23,test
OBJ024_061.jpg,OBJ024,23,train
OBJ024_062.jpg,OBJ024,23,train
OBJ024_063.jpg,OBJ024,23,train
OBJ024_064.jpg,OBJ024,23,train
OBJ024_065.jpg,OBJ024,23,train
OBJ024_066.jpg,OBJ024,23,train
OBJ024_067.jpg,OBJ024,23,test
OBJ024_068.jpg,OBJ024,23,val
OBJ024_069.jpg,OBJ024,23,train
OBJ024_070.jpg,OBJ024,23,val
OBJ024_071.jpg,OBJ024,23,train
OBJ024_072.jpg,OBJ024,23,test
OBJ024_073.jpg,OBJ024,23,test
OBJ024_074.jpg,OBJ024,23,train
OBJ024_075.jpg,OBJ024,23,train
OBJ024_076.jpg,OBJ024,23,train
OBJ024_077.jpg,OBJ024,23,val
OBJ024_078.jpg,OBJ024,23,train
OBJ024_079.jpg,OBJ024,23,train
OBJ024_080.jpg,OBJ024,23,train
OBJ024_081.jpg,OBJ024,23,val
OBJ024_082.jpg,OBJ024,23,train
OBJ024_083.jpg,OBJ024,23,train
OBJ024_084.jpg,OBJ024,23,train
OBJ024_085.jpg,OBJ024,23,val
OBJ024_086.jpg,OBJ024,23,train
OBJ024_087.jpg,OBJ024,23,train
OBJ024_088.jpg,OBJ024,23,val
OBJ024_089.jpg,OBJ024,23,test
OBJ024_090.jpg,OBJ024,23,train
OBJ024_091.jpg,OBJ024,23,train
OBJ024_092.jpg,OBJ024,23,train
OBJ024_093.jpg,OBJ024,23,train
OBJ024_094.jpg,OBJ024,23,test
OBJ024_095.jpg,OBJ024,23,test
OBJ025_001.jpg,OBJ025,24,train
OBJ025_002.jpg,OBJ025,24,test
OBJ025_003.jpg,OBJ025,24,train
OBJ025_004.jpg,OBJ025,24,train
OBJ025_005.jpg,OBJ025,24,train
OBJ025_006.jpg,OBJ025,24,val
OBJ025_007.jpg,OBJ025,24,val
OBJ025_008.jpg,OBJ025,24,train
OBJ025_009.jpg,OBJ025,24,train
OBJ025_010.jpg,OBJ025,24,train
OBJ025_011.jpg,OBJ025,24,train
OBJ025_012.jpg,OBJ025,24,val
OBJ025_013.jpg,OBJ025,24,train
OBJ025_014.jpg,OBJ025,24,val
OBJ025_015.jpg,OBJ025,24,val
OBJ025_016.jpg,OBJ025,24,train
OBJ025_017.jpg,OBJ025,24,train
OBJ025_018.jpg,OBJ025,24,train
OBJ025_019.jpg,OBJ025,24,train
OBJ025_020.jpg,OBJ025,24,train
OBJ025_021.jpg,OBJ025,24,val
OBJ025_022.jpg,OBJ025,24,test
OBJ025_023.jpg,OBJ025,24,train
OBJ025_024.jpg,OBJ025,24,train
OBJ025_025.jpg,OBJ025,24,train
OBJ025_026.jpg,OBJ025,24,train
OBJ025_027.jpg,OBJ025,24,train
OBJ025_028.jpg,OBJ025,24,train
OBJ025_029.jpg,OBJ025,24,train
OBJ025_030.jpg,OBJ025,24,test
OBJ025_031.jpg,OBJ025,24,train
OBJ025_032.jpg,OBJ025,24,train
OBJ025_033.jpg,OBJ025,24,train
OBJ025_034.jpg,OBJ025,24,train
OBJ025_035.jpg,OBJ025,24,val
OBJ025_036.jpg,OBJ025,24,train
OBJ025_037.jpg,OBJ025,24,train
OBJ025_038.jpg,OBJ025,24,test
OBJ025_039.jpg,OBJ025,24,train
OBJ025_040.jpg,OBJ025,24,train
OBJ025_041.jpg,OBJ025,24,train
OBJ025_042.jpg,OBJ025,24,val
OBJ025_043.jpg,OBJ025,24,val
OBJ025_044.jpg,OBJ025,24,train
OBJ025_045.jpg,OBJ025,24,test
OBJ025_046.jpg,OBJ025,24,train
OBJ025_047.jpg,OBJ025,24,train
OBJ025_048.jpg,OBJ025,24,train
OBJ025_049.jpg,OBJ025,24,test
OBJ025_050.jpg,OBJ025,24,train
OBJ025_051.jpg,OBJ025,24,train
OBJ025_052.jpg,OBJ025,24,val
OBJ025_053.jpg,OBJ025,24,train
OBJ025_054.jpg,OBJ025,24,train
OBJ025_055.jpg,OBJ025,24,train
OBJ025_056.jpg,OBJ025,24,train
OBJ025_057.jpg,OBJ025,24,train
OBJ025_058.jpg,OBJ025,24,train
OBJ025_059.jpg,OBJ025,24,train
OBJ025_060.jpg,OBJ025,24,test
OBJ025_061.jpg,OBJ025,24,train
OBJ025_062.jpg,OBJ025,24,train
OBJ025_063.jpg,OBJ025,24,train
OBJ025_064.jpg,OBJ025,24,train
OBJ025_065.jpg,OBJ025,24,train
OBJ025_066.jpg,OBJ025,24,test
OBJ025_067.jpg,OBJ025,24,val
OBJ025_068.jpg,OBJ025,24,train
OBJ025_069.jpg,OBJ025,24,train
OBJ025_070.jpg,OBJ025,24,test
OBJ025_071.jpg,OBJ025,24,train
OBJ025_072.jpg,OBJ025,24,train
OBJ025_073.jpg,OBJ025,24,val
OBJ025_074.jpg,OBJ025,24,train
OBJ025_075.jpg,OBJ025,24,train
OBJ025_076.jpg,OBJ025,24,train
OBJ025_077.jpg,OBJ025,24,train
OBJ025_078.jpg,OBJ025,24,test
OBJ025_079.jpg,OBJ025,24,train
OBJ025_080.jpg,OBJ025,24,train
OBJ025_081.jpg,OBJ025,24,test
OBJ025_082.jpg,OBJ025,24,val
OBJ025_083.jpg,OBJ025,24,train
OBJ025_084.jpg,OBJ025,24,test
OBJ025_085.jpg,OBJ025,24,train
OBJ025_086.jpg,OBJ025,24,val
OBJ025_087.jpg,OBJ025,24,train
OBJ025_088.jpg,OBJ025,24,train
OBJ025_089.jpg,OBJ025,24,train
OBJ025_090.jpg,OBJ025,24,train
OBJ025_091.jpg,OBJ025,24,test
OBJ025_092.jpg,OBJ025,24,train
OBJ025_093.jpg,OBJ025,24,train
OBJ025_094.jpg,OBJ025,24,test
OBJ026_001.jpg,OBJ026,25,train
OBJ026_002.jpg,OBJ026,25,val
OBJ026_003.jpg,OBJ026,25,train
OBJ026_004.jpg,OBJ026,25,val
OBJ026_005.jpg,OBJ026,25,val
OBJ026_006.jpg,OBJ026,25,train
OBJ026_007.jpg,OBJ026,25,val
OBJ026_008.jpg,OBJ026,25,train
OBJ026_009.jpg,OBJ026,25,train
OBJ026_010.jpg,OBJ026,25,test
OBJ026_011.jpg,OBJ026,25,train
OBJ026_012.jpg,OBJ026,25,train
OBJ026_013.jpg,OBJ026,25,train
OBJ026_014.jpg,OBJ026,25,val
OBJ026_015.jpg,OBJ026,25,train
OBJ026_016.jpg,OBJ026,25,val
OBJ026_017.jpg,OBJ026,25,test
OBJ026_018.jpg,OBJ026,25,train
OBJ026_019.jpg,OBJ026,25,train
OBJ026_020.jpg,OBJ026,25,train
OBJ026_021.jpg,OBJ026,25,test
OBJ026_022.jpg,OBJ026,25,train
OBJ026_023.jpg,OBJ026,25,train
OBJ026_024.jpg,OBJ026,25,train
OBJ026_025.jpg,OBJ026,25,train
OBJ026_026.jpg,OBJ026,25,train
OBJ026_027.jpg,OBJ026,25,test
OBJ026_028.jpg,OBJ026,25,train
OBJ026_029.jpg,OBJ026,25,train
OBJ026_030.jpg,OBJ026,25,train
OBJ026_031.jpg,OBJ026,25,train
OBJ026_032.jpg,OBJ026,25,train
OBJ026_033.jpg,OBJ026,25,train
OBJ026_034.jpg,OBJ026,25,train
OBJ026_035.jpg,OBJ026,25,train
OBJ026_036.jpg,OBJ026,25,test
OBJ026_037.jpg,OBJ026,25,train
OBJ026_038.jpg,OBJ026,25,val
OBJ026_039.jpg,OBJ026,25,val
OBJ026_040.jpg,OBJ026,25,val
OBJ026_041.jpg,OBJ026,25,train
OBJ026_042.jpg,OBJ026,25,train
OBJ026_043.jpg,OBJ026,25,train
OBJ026_044.jpg,OBJ026,25,train
OBJ026_045.jpg,OBJ026,25,train
OBJ026_046.jpg,OBJ026,25,train
OBJ026_047.jpg,OBJ026,25,train
OBJ026_048.jpg,OBJ026,25,train
OBJ026_049.jpg,OBJ026,25,train
OBJ026_050.jpg,OBJ026,25,val
OBJ026_051.jpg,OBJ026,25,train
OBJ026_052.jpg,OBJ026,25,test
OBJ026_053.jpg,OBJ026,25,train
OBJ026_054.jpg,OBJ026,25,train
OBJ026_055.jpg,OBJ026,25,test
OBJ026_056.jpg,OBJ026,25,train
OBJ026_057.jpg,OBJ026,25,train
OBJ026_058.jpg,OBJ026,25,test
OBJ026_059.jpg,OBJ026,25,train
OBJ026_060.jpg,OBJ026,25,train
OBJ026_061.jpg,OBJ026,25,train
OBJ026_062.jpg,OBJ026,25,val
OBJ026_063.jpg,OBJ026,25,test
OBJ026_064.jpg,OBJ026,25,train
OBJ026_065.jpg,OBJ026,25,train
OBJ026_066.jpg,OBJ026,25,train
OBJ026_067.jpg,OBJ026,25,train
OBJ026_068.jpg,OBJ026,25,train
OBJ026_069.jpg,OBJ026,25,train
OBJ026_070.jpg,OBJ026,25,train
OBJ026_071.jpg,OBJ026,25,test
OBJ026_072.jpg,OBJ026,25,val
OBJ026_073.jpg,OBJ026,25,train
OBJ026_074.jpg,OBJ026,25,train
OBJ026_075.jpg,OBJ026,25,train
OBJ026_076.jpg,OBJ026,25,train
OBJ026_077.jpg,OBJ026,25,train
OBJ026_078.jpg,OBJ026,25,train
OBJ026_079.jpg,OBJ026,25,train
OBJ026_080.jpg,OBJ026,25,test
OBJ026_081.jpg,OBJ026,25,test
OBJ026_082.jpg,OBJ026,25,train
OBJ026_083.jpg,OBJ026,25,val
OBJ026_084.jpg,OBJ026,25,train
OBJ026_085.jpg,OBJ026,25,train
OBJ026_086.jpg,OBJ026,25,train
OBJ026_087.jpg,OBJ026,25,train
OBJ026_088.jpg,OBJ026,25,test
OBJ026_089.jpg,OBJ026,25,train
OBJ026_090.jpg,OBJ026,25,train
OBJ026_091.jpg,OBJ026,25,train
OBJ026_092.jpg,OBJ026,25,test
OBJ026_093.jpg,OBJ026,25,train
OBJ026_094.jpg,OBJ026,25,train
OBJ026_095.jpg,OBJ026,25,val
OBJ027_001.jpg,OBJ027,26,train
OBJ027_002.jpg,OBJ027,26,train
OBJ027_003.jpg,OBJ027,26,train
OBJ027_004.jpg,OBJ027,26,train
OBJ027_005.jpg,OBJ027,26,val
OBJ027_006.jpg,OBJ027,26,train
OBJ027_007.jpg,OBJ027,26,val
OBJ027_008.jpg,OBJ027,26,test
OBJ027_009.jpg,OBJ027,26,train
OBJ027_010.jpg,OBJ027,26,test
OBJ027_011.jpg,OBJ027,26,test
OBJ027_012.jpg,OBJ027,26,train
OBJ027_013.jpg,OBJ027,26,train
OBJ027_014.jpg,OBJ027,26,train
OBJ027_015.jpg,OBJ027,26,test
OBJ027_016.jpg,OBJ027,26,train
OBJ027_017.jpg,OBJ027,26,test
OBJ027_018.jpg,OBJ027,26,train
OBJ027_019.jpg,OBJ027,26,train
OBJ027_020.jpg,OBJ027,26,test
OBJ027_021.jpg,OBJ027,26,val
OBJ027_022.jpg,OBJ027,26,train
OBJ027_023.jpg,OBJ027,26,train
OBJ027_024.jpg,OBJ027,26,test
OBJ027_025.jpg,OBJ027,26,test
OBJ027_026.jpg,OBJ027,26,train
OBJ027_027.jpg,OBJ027,26,train
OBJ027_028.jpg,OBJ027,26,val
OBJ027_029.jpg,OBJ027,26,train
OBJ027_030.jpg,OBJ027,26,train
OBJ027_031.jpg,OBJ027,26,test
OBJ027_032.jpg,OBJ027,26,train
OBJ027_033.jpg,OBJ027,26,train
OBJ027_034.jpg,OBJ027,26,train
OBJ027_035.jpg,OBJ027,26,train
OBJ027_036.jpg,OBJ027,26,train
OBJ027_037.jpg,OBJ027,26,train
OBJ027_038.jpg,OBJ027,26,val
OBJ027_039.jpg,OBJ027,26,train
OBJ027_040.jpg,OBJ027,26,train
OBJ027_041.jpg,OBJ027,26,train
OBJ027_042.jpg,OBJ027,26,train
OBJ027_043.jpg,OBJ027,26,train
OBJ027_044.jpg,OBJ027,26,train
OBJ027_045.jpg,OBJ027,26,train
OBJ027_046.jpg,OBJ027,26,train
OBJ027_047.jpg,OBJ027,26,train
OBJ027_048.jpg,OBJ027,26,train
OBJ027_049.jpg,OBJ027,26,val
OBJ027_050.jpg,OBJ027,26,val
OBJ027_051.jpg,OBJ027,26,test
OBJ027_052.jpg,OBJ027,26,val
OBJ027_053.jpg,OBJ027,26,train
OBJ027_054.jpg,OBJ027,26,train
OBJ027_055.jpg,OBJ027,26,train
OBJ027_056.jpg,OBJ027,26,train
OBJ027_057.jpg,OBJ027,26,train
OBJ027_058.jpg,OBJ027,26,val
OBJ027_059.jpg,OBJ027,26,train
OBJ027_060.jpg,OBJ027,26,train
OBJ027_061.jpg,OBJ027,26,train
OBJ027_062.jpg,OBJ027,26,train
OBJ027_063.jpg,OBJ027,26,train
OBJ027_064.jpg,OBJ027,26,test
OBJ027_065.jpg,OBJ027,26,train
OBJ027_066.jpg,OBJ027,26,val
OBJ027_067.jpg,OBJ027,26,val
OBJ027_068.jpg,OBJ027,26,train
OBJ027_069.jpg,OBJ027,26,train
OBJ027_070.jpg,OBJ027,26,train
OBJ027_071.jpg,OBJ027,26,train
OBJ027_072.jpg,OBJ027,26,train
OBJ027_073.jpg,OBJ027,26,train
OBJ027_074.jpg,OBJ027,26,train
OBJ027_075.jpg,OBJ027,26,train
OBJ027_076.jpg,OBJ027,26,train
OBJ027_077.jpg,OBJ027,26,test
OBJ027_078.jpg,OBJ027,26,train
OBJ027_079.jpg,OBJ027,26,val
OBJ027_080.jpg,OBJ027,26,train
OBJ027_081.jpg,OBJ027,26,train
OBJ027_082.jpg,OBJ027,26,train
OBJ027_083.jpg,OBJ027,26,test
OBJ027_084.jpg,OBJ027,26,train
OBJ027_085.jpg,OBJ027,26,train
OBJ027_086.jpg,OBJ027,26,train
OBJ027_087.jpg,OBJ027,26,train
OBJ027_088.jpg,OBJ027,26,train
OBJ027_089.jpg,OBJ027,26,val
OBJ027_090.jpg,OBJ027,26,train
OBJ027_091.jpg,OBJ027,26,train
OBJ027_092.jpg,OBJ027,26,val
OBJ027_093.jpg,OBJ027,26,train
OBJ027_094.jpg,OBJ027,26,train
OBJ027_095.jpg,OBJ027,26,test
OBJ028_001.jpg,OBJ028,27,test
OBJ028_002.jpg,OBJ028,27,val
OBJ028_003.jpg,OBJ028,27,test
OBJ028_004.jpg,OBJ028,27,train
OBJ028_005.jpg,OBJ028,27,test
OBJ028_006.jpg,OBJ028,27,train
OBJ028_007.jpg,OBJ028,27,train
OBJ028_008.jpg,OBJ028,27,val
OBJ028_009.jpg,OBJ028,27,train
OBJ028_010.jpg,OBJ028,27,train
OBJ028_011.jpg,OBJ028,27,train
OBJ028_012.jpg,OBJ028,27,train
OBJ028_013.jpg,OBJ028,27,train
OBJ028_014.jpg,OBJ028,27,train
OBJ028_015.jpg,OBJ028,27,train
OBJ028_016.jpg,OBJ028,27,val
OBJ028_017.jpg,OBJ028,27,train
OBJ028_018.jpg,OBJ028,27,train
OBJ028_019.jpg,OBJ028,27,val
OBJ028_020.jpg,OBJ028,27,train
OBJ028_021.jpg,OBJ028,27,train
OBJ028_022.jpg,OBJ028,27,test
OBJ028_023.jpg,OBJ028,27,test
OBJ028_024.jpg,OBJ028,27,train
OBJ028_025.jpg,OBJ028,27,val
OBJ028_026.jpg,OBJ028,27,train
OBJ028_027.jpg,OBJ028,27,val
OBJ028_028.jpg,OBJ028,27,train
OBJ028_029.jpg,OBJ028,27,val
OBJ028_030.jpg,OBJ028,27,test
OBJ028_031.jpg,OBJ028,27,train
OBJ028_032(1).jpg,OBJ028,27,train
OBJ028_033.jpg,OBJ028,27,train
OBJ028_034.jpg,OBJ028,27,train
OBJ028_035.jpg,OBJ028,27,train
OBJ028_036.jpg,OBJ028,27,train
OBJ028_037.jpg,OBJ028,27,val
OBJ028_038.jpg,OBJ028,27,train
OBJ028_039.jpg,OBJ028,27,test
OBJ028_040.jpg,OBJ028,27,train
OBJ028_041.jpg,OBJ028,27,train
OBJ028_042.jpg,OBJ028,27,train
OBJ028_043.jpg,OBJ028,27,test
OBJ028_044.jpg,OBJ028,27,test
OBJ028_045.jpg,OBJ028,27,train
OBJ028_046.jpg,OBJ028,27,train
OBJ028_047.jpg,OBJ028,27,train
OBJ028_048.jpg,OBJ028,27,train
OBJ028_049.jpg,OBJ028,27,train
OBJ028_050.jpg,OBJ028,27,val
OBJ028_051.jpg,OBJ028,27,train
OBJ028_052.jpg,OBJ028,27,test
OBJ028_053.jpg,OBJ028,27,train
OBJ028_054.jpg,OBJ028,27,train
OBJ028_055.jpg,OBJ028,27,train
OBJ028_056.jpg,OBJ028,27,test
OBJ028_057.jpg,OBJ028,27,train
OBJ028_058.jpg,OBJ028,27,val
OBJ028_059.jpg,OBJ028,27,train
OBJ028_060.jpg,OBJ028,27,train
OBJ028_061.jpg,OBJ028,27,val
OBJ028_062.jpg,OBJ028,27,train
OBJ028_063.jpg,OBJ028,27,test
OBJ028_064.jpg,OBJ028,27,train
OBJ028_065.jpg,OBJ028,27,train
OBJ028_066.jpg,OBJ028,27,train
OBJ028_067.jpg,OBJ028,27,train
OBJ028_068.jpg,OBJ028,27,train
OBJ028_069.jpg,OBJ028,27,train
OBJ028_070.jpg,OBJ028,27,train
OBJ028_071.jpg,OBJ028,27,train
OBJ028_072.jpg,OBJ028,27,train
OBJ028_073.jpg,OBJ028,27,train
OBJ028_074.jpg,OBJ028,27,train
OBJ028_075.jpg,OBJ028,27,train
OBJ028_076.jpg,OBJ028,27,train
OBJ028_077.jpg,OBJ028,27,val
OBJ028_078.jpg,OBJ028,27,train
OBJ028_079.jpg,OBJ028,27,val
OBJ028_080.jpg,OBJ028,27,train
OBJ028_081.jpg,OBJ028,27,train
OBJ028_082.jpg,OBJ028,27,train
OBJ028_083.jpg,OBJ028,27,train
OBJ028_084.jpg,OBJ028,27,train
OBJ028_085.jpg,OBJ028,27,test
OBJ028_086.jpg,OBJ028,27,train
OBJ028_087.jpg,OBJ028,27,val
OBJ028_088.jpg,OBJ028,27,train
OBJ028_089.jpg,OBJ028,27,train
OBJ028_090.jpg,OBJ028,27,train
OBJ028_091.jpg,OBJ028,27,train
OBJ028_092.jpg,OBJ028,27,test
OBJ028_093.jpg,OBJ028,27,train
OBJ028_094.jpg,OBJ028,27,test
OBJ028_095.jpg,OBJ028,27,train
OBJ029_001.jpg,OBJ029,28,train
OBJ029_002.jpg,OBJ029,28,train
OBJ029_003.jpg,OBJ029,28,train
OBJ029_004.jpg,OBJ029,28,val
OBJ029_005.jpg,OBJ029,28,train
OBJ029_006.jpg,OBJ029,28,train
OBJ029_007.jpg,OBJ029,28,train
OBJ029_008.jpg,OBJ029,28,train
OBJ029_009.jpg,OBJ029,28,train
OBJ029_010.jpg,OBJ029,28,train
OBJ029_011.jpg,OBJ029,28,train
OBJ029_012.jpg,OBJ029,28,train
OBJ029_013.jpg,OBJ029,28,train
OBJ029_014.jpg,OBJ029,28,train
OBJ029_015.jpg,OBJ029,28,train
OBJ029_016.jpg,OBJ029,28,train
OBJ029_017.jpg,OBJ029,28,train
OBJ029_018.jpg,OBJ029,28,test
OBJ029_019.jpg,OBJ029,28,val
OBJ029_020.jpg,OBJ029,28,train
OBJ029_021.jpg,OBJ029,28,train
OBJ029_022.jpg,OBJ029,28,val
OBJ029_023.jpg,OBJ029,28,train
OBJ029_024.jpg,OBJ029,28,val
OBJ029_025.jpg,OBJ029,28,train
OBJ029_026.jpg,OBJ029,28,train
OBJ029_027.jpg,OBJ029,28,train
OBJ029_028.jpg,OBJ029,28,train
OBJ029_029.jpg,OBJ029,28,train
OBJ029_030.jpg,OBJ029,28,val
OBJ029_031.jpg,OBJ029,28,val
OBJ029_032.jpg,OBJ029,28,train
OBJ029_033.jpg,OBJ029,28,train
OBJ029_034.jpg,OBJ029,28,val
OBJ029_035.jpg,OBJ029,28,train
OBJ029_036.jpg,OBJ029,28,train
OBJ029_037.jpg,OBJ029,28,train
OBJ029_038.jpg,OBJ029,28,train
OBJ029_039.jpg,OBJ029,28,train
OBJ029_040.jpg,OBJ029,28,train
OBJ029_041.jpg,OBJ029,28,train
OBJ029_042.jpg,OBJ029,28,train
OBJ029_043.jpg,OBJ029,28,train
OBJ029_044.jpg,OBJ029,28,train
OBJ029_045.jpg,OBJ029,28,test
OBJ029_046.jpg,OBJ029,28,train
OBJ029_047.jpg,OBJ029,28,train
OBJ029_048.jpg,OBJ029,28,val
OBJ029_049.jpg,OBJ029,28,test
OBJ029_050.jpg,OBJ029,28,train
OBJ029_051.jpg,OBJ029,28,train
OBJ029_052.jpg,OBJ029,28,train
OBJ029_053.jpg,OBJ029,28,train
OBJ029_054.jpg,OBJ029,28,train
OBJ029_055.jpg,OBJ029,28,test
OBJ029_056.jpg,OBJ029,28,train
OBJ029_057.jpg,OBJ029,28,train
OBJ029_058.jpg,OBJ029,28,test
OBJ029_059.jpg,OBJ029,28,train
OBJ029_060.jpg,OBJ029,28,test
OBJ029_061.jpg,OBJ029,28,train
OBJ029_062.jpg,OBJ029,28,train
OBJ029_063.jpg,OBJ029,28,val
OBJ029_064.jpg,OBJ029,28,test
OBJ029_065.jpg,OBJ029,28,train
OBJ029_066.jpg,OBJ029,28,train
OBJ029_067.jpg,OBJ029,28,train
OBJ029_068.jpg,OBJ029,28,train
OBJ029_069.jpg,OBJ029,28,val
OBJ029_070.jpg,OBJ029,28,train
OBJ029_071.jpg,OBJ029,28,train
OBJ029_072.jpg,OBJ029,28,train
OBJ029_073.jpg,OBJ029,28,train
OBJ029_074.jpg,OBJ029,28,train
OBJ029_075.jpg,OBJ029,28,train
OBJ029_076.jpg,OBJ029,28,val
OBJ029_077.jpg,OBJ029,28,train
OBJ029_078.jpg,OBJ029,28,train
OBJ029_079.jpg,OBJ029,28,train
OBJ029_080.jpg,OBJ029,28,val
OBJ029_081.jpg,OBJ029,28,train
OBJ029_082.jpg,OBJ029,28,test
OBJ029_084.jpg,OBJ029,28,train
OBJ029_085.jpg,OBJ029,28,test
OBJ029_086.jpg,OBJ029,28,test
OBJ029_087.jpg,OBJ029,28,test
OBJ029_088.jpg,OBJ029,28,val
OBJ029_089.jpg,OBJ029,28,test
OBJ029_090.jpg,OBJ029,28,train
OBJ029_091.jpg,OBJ029,28,test
OBJ029_092.jpg,OBJ029,28,train
OBJ029_093.jpg,OBJ029,28,val
OBJ029_094.jpg,OBJ029,28,test
OBJ029_095.jpg,OBJ029,28,train
OBJ030_001.jpg,OBJ030,29,train
OBJ030_002.jpg,OBJ030,29,train
OBJ030_003.jpg,OBJ030,29,train
OBJ030_004.jpg,OBJ030,29,train
OBJ030_005.jpg,OBJ030,29,train
OBJ030_006.jpg,OBJ030,29,train
OBJ030_007.jpg,OBJ030,29,test
OBJ030_008.jpg,OBJ030,29,train
OBJ030_009.jpg,OBJ030,29,train
OBJ030_010.jpg,OBJ030,29,test
OBJ030_011.jpg,OBJ030,29,train
OBJ030_012.jpg,OBJ030,29,train
OBJ030_013.jpg,OBJ030,29,train
OBJ030_014.jpg,OBJ030,29,val
OBJ030_015.jpg,OBJ030,29,test
OBJ030_016.jpg,OBJ030,29,val
OBJ030_017.jpg,OBJ030,29,train
OBJ030_018.jpg,OBJ030,29,train
OBJ030_019.jpg,OBJ030,29,train
OBJ030_020.jpg,OBJ030,29,test
OBJ030_021.jpg,OBJ030,29,val
OBJ030_022.jpg,OBJ030,29,train
OBJ030_023.jpg,OBJ030,29,train
OBJ030_024.jpg,OBJ030,29,train
OBJ030_025.jpg,OBJ030,29,train
OBJ030_026.jpg,OBJ030,29,train
OBJ030_027.jpg,OBJ030,29,train
OBJ030_028.jpg,OBJ030,29,train
OBJ030_029.jpg,OBJ030,29,train
OBJ030_030.jpg,OBJ030,29,train
OBJ030_031.jpg,OBJ030,29,train
OBJ030_032.jpg,OBJ030,29,val
OBJ030_033.jpg,OBJ030,29,val
OBJ030_034.jpg,OBJ030,29,train
OBJ030_035.jpg,OBJ030,29,test
OBJ030_036.jpg,OBJ030,29,train
OBJ030_037.jpg,OBJ030,29,train
OBJ030_038.jpg,OBJ030,29,train
OBJ030_039.jpg,OBJ030,29,train
OBJ030_040.jpg,OBJ030,29,train
OBJ030_041.jpg,OBJ030,29,train
OBJ030_042.jpg,OBJ030,29,train
OBJ030_043.jpg,OBJ030,29,train
OBJ030_044.jpg,OBJ030,29,test
OBJ030_045.jpg,OBJ030,29,test
OBJ030_046.jpg,OBJ030,29,train
OBJ030_047.jpg,OBJ030,29,train
OBJ030_048.jpg,OBJ030,29,val
OBJ030_049.jpg,OBJ030,29,train
OBJ030_050.jpg,OBJ030,29,val
OBJ030_051.jpg,OBJ030,29,train
OBJ030_052.jpg,OBJ030,29,train
OBJ030_053.jpg,OBJ030,29,train
OBJ030_054.jpg,OBJ030,29,val
OBJ030_055.jpg,OBJ030,29,test
OBJ030_056.jpg,OBJ030,29,test
OBJ030_057.jpg,OBJ030,29,val
OBJ030_058.jpg,OBJ030,29,train
OBJ030_059.jpg,OBJ030,29,train
OBJ030_060.jpg,OBJ030,29,train
OBJ030_061.jpg,OBJ030,29,train
OBJ030_062.jpg,OBJ030,29,train
OBJ030_063.jpg,OBJ030,29,train
OBJ030_064.jpg,OBJ030,29,train
OBJ030_065.jpg,OBJ030,29,train
OBJ030_066.jpg,OBJ030,29,train
OBJ030_067.jpg,OBJ030,29,train
OBJ030_068.jpg,OBJ030,29,val
OBJ030_069.jpg,OBJ030,29,train
OBJ030_070.jpg,OBJ030,29,test
OBJ030_071.jpg,OBJ030,29,train
OBJ030_072.jpg,OBJ030,29,train
OBJ030_073.jpg,OBJ030,29,test
OBJ030_074.jpg,OBJ030,29,train
OBJ030_075.jpg,OBJ030,29,train
OBJ030_076.jpg,OBJ030,29,train
OBJ030_077.jpg,OBJ030,29,val
OBJ030_078.jpg,OBJ030,29,train
OBJ030_079.jpg,OBJ030,29,test
OBJ030_080.jpg,OBJ030,29,val
OBJ030_081.jpg,OBJ030,29,train
OBJ030_082.jpg,OBJ030,29,train
OBJ030_083.jpg,OBJ030,29,test
OBJ030_084.jpg,OBJ030,29,train
OBJ030_085.jpg,OBJ030,29,test
OBJ030_086.jpg,OBJ030,29,train
OBJ030_087.jpg,OBJ030,29,train
OBJ030_088.jpg,OBJ030,29,train
OBJ030_089.jpg,OBJ030,29,train
OBJ030_090.jpg,OBJ030,29,train
OBJ030_091.jpg,OBJ030,29,train
OBJ030_092.jpg,OBJ030,29,val
OBJ030_093.jpg,OBJ030,29,train
OBJ030_094.jpg,OBJ030,29,val
OBJ030_095.jpg,OBJ030,29,train
OBJ031_001.jpg,OBJ031,30,train
OBJ031_002.jpg,OBJ031,30,train
OBJ031_003.jpg,OBJ031,30,test
OBJ031_004.jpg,OBJ031,30,train
OBJ031_005.jpg,OBJ031,30,train
OBJ031_006.jpg,OBJ031,30,val
OBJ031_007.jpg,OBJ031,30,train
OBJ031_008.jpg,OBJ031,30,train
OBJ031_009.jpg,OBJ031,30,train
OBJ031_010.jpg,OBJ031,30,train
OBJ031_011.jpg,OBJ031,30,test
OBJ031_012.jpg,OBJ031,30,train
OBJ031_013.jpg,OBJ031,30,train
OBJ031_014.jpg,OBJ031,30,val
OBJ031_015.jpg,OBJ031,30,val
OBJ031_016.jpg,OBJ031,30,train
OBJ031_017.jpg,OBJ031,30,train
OBJ031_018.jpg,OBJ031,30,train
OBJ031_019.jpg,OBJ031,30,test
OBJ031_020.jpg,OBJ031,30,train
OBJ031_021.jpg,OBJ031,30,train
OBJ031_022.jpg,OBJ031,30,train
OBJ031_023.jpg,OBJ031,30,val
OBJ031_024.jpg,OBJ031,30,train
OBJ031_025.jpg,OBJ031,30,test
OBJ031_026.jpg,OBJ031,30,test
OBJ031_027.jpg,OBJ031,30,val
OBJ031_028.jpg,OBJ031,30,test
OBJ031_029.jpg,OBJ031,30,train
OBJ031_030.jpg,OBJ031,30,train
OBJ031_031.jpg,OBJ031,30,train
OBJ031_032.jpg,OBJ031,30,train
OBJ031_033.jpg,OBJ031,30,train
OBJ031_034.jpg,OBJ031,30,train
OBJ031_035.jpg,OBJ031,30,train
OBJ031_036.jpg,OBJ031,30,train
OBJ031_037.jpg,OBJ031,30,train
OBJ031_038.jpg,OBJ031,30,train
OBJ031_039.jpg,OBJ031,30,test
OBJ031_040.jpg,OBJ031,30,val
OBJ031_041.jpg,OBJ031,30,train
OBJ031_042.jpg,OBJ031,30,test
OBJ031_043.jpg,OBJ031,30,test
OBJ031_044.jpg,OBJ031,30,test
OBJ031_045.jpg,OBJ031,30,train
OBJ031_046.jpg,OBJ031,30,train
OBJ031_047.jpg,OBJ031,30,train
OBJ031_048.jpg,OBJ031,30,train
OBJ031_049.jpg,OBJ031,30,train
OBJ031_050.jpg,OBJ031,30,val
OBJ031_051.jpg,OBJ031,30,val
OBJ031_052.jpg,OBJ031,30,test
OBJ031_053.jpg,OBJ031,30,train
OBJ031_054.jpg,OBJ031,30,train
OBJ031_055.jpg,OBJ031,30,train
OBJ031_056.jpg,OBJ031,30,train
OBJ031_057.jpg,OBJ031,30,train
OBJ031_058.jpg,OBJ031,30,val
OBJ031_059.jpg,OBJ031,30,train
OBJ031_060.jpg,OBJ031,30,train
OBJ031_061.jpg,OBJ031,30,train
OBJ031_062.jpg,OBJ031,30,train
OBJ031_063.jpg,OBJ031,30,val
OBJ031_064.jpg,OBJ031,30,train
OBJ031_065.jpg,OBJ031,30,train
OBJ031_066.jpg,OBJ031,30,val
OBJ031_067.jpg,OBJ031,30,train
OBJ031_068.jpg,OBJ031,30,val
OBJ031_069.jpg,OBJ031,30,test
OBJ031_070.jpg,OBJ031,30,train
OBJ031_071.jpg,OBJ031,30,train
OBJ031_072.jpg,OBJ031,30,val
OBJ031_073.jpg,OBJ031,30,train
OBJ031_074.jpg,OBJ031,30,train
OBJ031_075.jpg,OBJ031,30,train
OBJ031_076.jpg,OBJ031,30,train
OBJ031_077.jpg,OBJ031,30,train
OBJ031_078.jpg,OBJ031,30,train
OBJ031_079.jpg,OBJ031,30,test
OBJ031_080.jpg,OBJ031,30,train
OBJ031_081.jpg,OBJ031,30,train
OBJ031_082.jpg,OBJ031,30,train
OBJ031_083.jpg,OBJ031,30,train
OBJ031_084.jpg,OBJ031,30,train
OBJ031_085.jpg,OBJ031,30,val
OBJ031_086.jpg,OBJ031,30,test
OBJ031_087.jpg,OBJ031,30,train
OBJ031_088.jpg,OBJ031,30,train
OBJ031_089.jpg,OBJ031,30,train
OBJ031_090.jpg,OBJ031,30,train
OBJ031_091.jpg,OBJ031,30,train
OBJ031_092.jpg,OBJ031,30,train
OBJ031_093.jpg,OBJ031,30,train
OBJ031_094.jpg,OBJ031,30,test
OBJ031_095.jpg,OBJ031,30,train
OBJ032_001.jpg,OBJ032,31,train
OBJ032_002.jpg,OBJ032,31,train
OBJ032_003.jpg,OBJ032,31,test
OBJ032_004.jpg,OBJ032,31,train
OBJ032_005.jpg,OBJ032,31,val
OBJ032_006.jpg,OBJ032,31,val
OBJ032_007.jpg,OBJ032,31,train
OBJ032_008.jpg,OBJ032,31,train
OBJ032_009.jpg,OBJ032,31,val
OBJ032_010.jpg,OBJ032,31,train
OBJ032_011.jpg,OBJ032,31,val
OBJ032_012.jpg,OBJ032,31,train
OBJ032_013.jpg,OBJ032,31,train
OBJ032_014.jpg,OBJ032,31,train
OBJ032_015.jpg,OBJ032,31,train
OBJ032_016.jpg,OBJ032,31,train
OBJ032_017.jpg,OBJ032,31,train
OBJ032_018.jpg,OBJ032,31,train
OBJ032_019.jpg,OBJ032,31,train
OBJ032_020.jpg,OBJ032,31,val
OBJ032_021.jpg,OBJ032,31,test
OBJ032_022.jpg,OBJ032,31,train
OBJ032_023.jpg,OBJ032,31,train
OBJ032_024.jpg,OBJ032,31,train
OBJ032_025.jpg,OBJ032,31,val
OBJ032_026.jpg,OBJ032,31,val
OBJ032_027.jpg,OBJ032,31,train
OBJ032_028.jpg,OBJ032,31,test
OBJ032_029.jpg,OBJ032,31,train
OBJ032_030.jpg,OBJ032,31,val
OBJ032_031.jpg,OBJ032,31,train
OBJ032_032.jpg,OBJ032,31,train
OBJ032_033.jpg,OBJ032,31,test
OBJ032_034.jpg,OBJ032,31,test
OBJ032_035.jpg,OBJ032,31,test
OBJ032_036.jpg,OBJ032,31,train
OBJ032_037.jpg,OBJ032,31,train
OBJ032_038.jpg,OBJ032,31,train
OBJ032_039.jpg,OBJ032,31,train
OBJ032_040.jpg,OBJ032,31,train
OBJ032_041.jpg,OBJ032,31,test
OBJ032_042.jpg,OBJ032,31,train
OBJ032_043.jpg,OBJ032,31,train
OBJ032_044.jpg,OBJ032,31,val
OBJ032_045.jpg,OBJ032,31,train
OBJ032_046.jpg,OBJ032,31,train
OBJ032_047.jpg,OBJ032,31,val
OBJ032_048.jpg,OBJ032,31,train
OBJ032_049.jpg,OBJ032,31,train
OBJ032_050.jpg,OBJ032,31,val
OBJ032_051.jpg,OBJ032,31,test
OBJ032_052.jpg,OBJ032,31,test
OBJ032_053.jpg,OBJ032,31,train
OBJ032_054.jpg,OBJ032,31,train
OBJ032_055.jpg,OBJ032,31,train
OBJ032_056.jpg,OBJ032,31,train
OBJ032_057.jpg,OBJ032,31,train
OBJ032_058.jpg,OBJ032,31,train
OBJ032_059.jpg,OBJ032,31,train
OBJ032_060.jpg,OBJ032,31,test
OBJ032_061.jpg,OBJ032,31,val
OBJ032_062.jpg,OBJ032,31,val
OBJ032_063.jpg,OBJ032,31,train
OBJ032_064.jpg,OBJ032,31,train
OBJ032_065.jpg,OBJ032,31,train
OBJ032_066.jpg,OBJ032,31,test
OBJ032_067.jpg,OBJ032,31,train
OBJ032_068.jpg,OBJ032,31,train
OBJ032_069.jpg,OBJ032,31,train
OBJ032_070.jpg,OBJ032,31,train
OBJ032_071.jpg,OBJ032,31,train
OBJ032_072.jpg,OBJ032,31,train
OBJ032_073.jpg,OBJ032,31,test
OBJ032_074.jpg,OBJ032,31,train
OBJ032_075.jpg,OBJ032,31,train
OBJ032_076.jpg,OBJ032,31,val
OBJ032_077.jpg,OBJ032,31,train
OBJ032_078.jpg,OBJ032,31,train
OBJ032_079.jpg,OBJ032,31,train
OBJ032_080.jpg,OBJ032,31,train
OBJ032_081.jpg,OBJ032,31,test
OBJ032_082.jpg,OBJ032,31,train
OBJ032_083.jpg,OBJ032,31,test
OBJ032_084.jpg,OBJ032,31,train
OBJ032_085.jpg,OBJ032,31,train
OBJ032_086.jpg,OBJ032,31,train
OBJ032_087.jpg,OBJ032,31,train
OBJ032_088.jpg,OBJ032,31,train
OBJ032_089.jpg,OBJ032,31,train
OBJ032_090.jpg,OBJ032,31,train
OBJ032_091.jpg,OBJ032,31,train
OBJ032_092.jpg,OBJ032,31,train
OBJ032_093.jpg,OBJ032,31,test
OBJ032_094.jpg,OBJ032,31,train
OBJ032_095.jpg,OBJ032,31,train
OBJ033_001.jpg,OBJ033,32,train
OBJ033_002.jpg,OBJ033,32,train
OBJ033_003.jpg,OBJ033,32,val
OBJ033_004.jpg,OBJ033,32,train
OBJ033_005.jpg,OBJ033,32,train
OBJ033_006.jpg,OBJ033,32,train
OBJ033_007.jpg,OBJ033,32,train
OBJ033_008.jpg,OBJ033,32,val
OBJ033_009.jpg,OBJ033,32,test
OBJ033_010.jpg,OBJ033,32,train
OBJ033_011.jpg,OBJ033,32,train
OBJ033_012.jpg,OBJ033,32,train
OBJ033_013.jpg,OBJ033,32,train
OBJ033_014.jpg,OBJ033,32,test
OBJ033_015.jpg,OBJ033,32,train
OBJ033_016.jpg,OBJ033,32,train
OBJ033_017.jpg,OBJ033,32,train
OBJ033_018.jpg,OBJ033,32,train
OBJ033_019.jpg,OBJ033,32,val
OBJ033_020.jpg,OBJ033,32,train
OBJ033_021.jpg,OBJ033,32,train
OBJ033_022.jpg,OBJ033,32,train
OBJ033_023.jpg,OBJ033,32,train
OBJ033_024.jpg,OBJ033,32,train
OBJ033_025.jpg,OBJ033,32,train
OBJ033_026.jpg,OBJ033,32,train
OBJ033_027.jpg,OBJ033,32,train
OBJ033_028.jpg,OBJ033,32,val
OBJ033_029.jpg,OBJ033,32,train
OBJ033_030.jpg,OBJ033,32,val
OBJ033_031.jpg,OBJ033,32,train
OBJ033_032.jpg,OBJ033,32,train
OBJ033_033.jpg,OBJ033,32,test
OBJ033_034.jpg,OBJ033,32,train
OBJ033_035.jpg,OBJ033,32,train
OBJ033_036.jpg,OBJ033,32,val
OBJ033_037.jpg,OBJ033,32,train
OBJ033_038.jpg,OBJ033,32,val
OBJ033_039.jpg,OBJ033,32,train
OBJ033_040.jpg,OBJ033,32,test
OBJ033_041.jpg,OBJ033,32,test
OBJ033_042.jpg,OBJ033,32,val
OBJ033_043.jpg,OBJ033,32,train
OBJ033_044.jpg,OBJ033,32,train
OBJ033_045.jpg,OBJ033,32,val
OBJ033_046.jpg,OBJ033,32,train
OBJ033_047.jpg,OBJ033,32,val
OBJ033_048.jpg,OBJ033,32,train
OBJ033_049.jpg,OBJ033,32,train
OBJ033_050.jpg,OBJ033,32,train
OBJ033_051.jpg,OBJ033,32,train
OBJ033_052.jpg,OBJ033,32,test
OBJ033_053.jpg,OBJ033,32,val
OBJ033_054.jpg,OBJ033,32,train
OBJ033_055.jpg,OBJ033,32,train
OBJ033_056.jpg,OBJ033,32,train
OBJ033_057.jpg,OBJ033,32,train
OBJ033_058.jpg,OBJ033,32,train
OBJ033_059.jpg,OBJ033,32,val
OBJ033_060.jpg,OBJ033,32,train
OBJ033_061.jpg,OBJ033,32,test
OBJ033_062.jpg,OBJ033,32,train
OBJ033_063.jpg,OBJ033,32,test
OBJ033_064.jpg,OBJ033,32,val
OBJ033_065.jpg,OBJ033,32,train
OBJ033_066.jpg,OBJ033,32,train
OBJ033_067.jpg,OBJ033,32,train
OBJ033_068.jpg,OBJ033,32,train
OBJ033_069.jpg,OBJ033,32,train
OBJ033_070.jpg,OBJ033,32,train
OBJ033_071.jpg,OBJ033,32,val
OBJ033_072.jpg,OBJ033,32,train
OBJ033_073.jpg,OBJ033,32,test
OBJ033_074.jpg,OBJ033,32,train
OBJ033_075.jpg,OBJ033,32,train
OBJ033_076.jpg,OBJ033,32,train
OBJ033_077.jpg,OBJ033,32,train
OBJ033_078.jpg,OBJ033,32,test
OBJ033_079.jpg,OBJ033,32,train
OBJ033_080.jpg,OBJ033,32,val
OBJ033_081.jpg,OBJ033,32,train
OBJ033_082.jpg,OBJ033,32,test
OBJ033_083.jpg,OBJ033,32,train
OBJ033_084.jpg,OBJ033,32,test
OBJ033_085.jpg,OBJ033,32,train
OBJ033_086.jpg,OBJ033,32,train
OBJ033_087.jpg,OBJ033,32,train
OBJ033_088.jpg,OBJ033,32,train
OBJ033_089.jpg,OBJ033,32,train
OBJ033_090.jpg,OBJ033,32,train
OBJ033_091.jpg,OBJ033,32,train
OBJ033_092.jpg,OBJ033,32,test
OBJ033_093.jpg,OBJ033,32,test
OBJ033_094.jpg,OBJ033,32,train
OBJ033_095.jpg,OBJ033,32,train
OBJ034_001.jpg,OBJ034,33,train
OBJ034_002.jpg,OBJ034,33,train
OBJ034_003.jpg,OBJ034,33,train
OBJ034_004.jpg,OBJ034,33,train
OBJ034_005.jpg,OBJ034,33,train
OBJ034_006.jpg,OBJ034,33,val
OBJ034_007.jpg,OBJ034,33,train
OBJ034_008.jpg,OBJ034,33,val
OBJ034_009.jpg,OBJ034,33,train
OBJ034_010.jpg,OBJ034,33,train
OBJ034_011.jpg,OBJ034,33,train
OBJ034_012.jpg,OBJ034,33,val
OBJ034_013.jpg,OBJ034,33,val
OBJ034_014.jpg,OBJ034,33,val
OBJ034_015.jpg,OBJ034,33,train
OBJ034_016.jpg,OBJ034,33,train
OBJ034_017.jpg,OBJ034,33,test
OBJ034_018.jpg,OBJ034,33,train
OBJ034_019.jpg,OBJ034,33,train
OBJ034_020.jpg,OBJ034,33,test
OBJ034_021.jpg,OBJ034,33,train
OBJ034_022.jpg,OBJ034,33,train
OBJ034_023.jpg,OBJ034,33,train
OBJ034_024.jpg,OBJ034,33,train
OBJ034_025.jpg,OBJ034,33,test
OBJ034_026.jpg,OBJ034,33,train
OBJ034_027.jpg,OBJ034,33,val
OBJ034_028.jpg,OBJ034,33,train
OBJ034_029.jpg,OBJ034,33,train
OBJ034_030.jpg,OBJ034,33,train
OBJ034_031.jpg,OBJ034,33,train
OBJ034_032.jpg,OBJ034,33,train
OBJ034_033.jpg,OBJ034,33,train
OBJ034_034.jpg,OBJ034,33,train
OBJ034_035.jpg,OBJ034,33,test
OBJ034_036.jpg,OBJ034,33,train
OBJ034_037.jpg,OBJ034,33,train
OBJ034_038.jpg,OBJ034,33,test
OBJ034_039.jpg,OBJ034,33,train
OBJ034_040.jpg,OBJ034,33,test
OBJ034_041.jpg,OBJ034,33,train
OBJ034_042.jpg,OBJ034,33,train
OBJ034_043.jpg,OBJ034,33,val
OBJ034_044.jpg,OBJ034,33,train
OBJ034_045.jpg,OBJ034,33,train
OBJ034_046.jpg,OBJ034,33,test
OBJ034_047.jpg,OBJ034,33,train
OBJ034_048.jpg,OBJ034,33,test
OBJ034_049.jpg,OBJ034,33,test
OBJ034_050.jpg,OBJ034,33,train
OBJ034_051.jpg,OBJ034,33,train
OBJ034_052.jpg,OBJ034,33,train
OBJ034_053.jpg,OBJ034,33,train
OBJ034_054.jpg,OBJ034,33,train
OBJ034_055.jpg,OBJ034,33,train
OBJ034_056.jpg,OBJ034,33,test
OBJ034_057.jpg,OBJ034,33,val
OBJ034_058.jpg,OBJ034,33,train
OBJ034_059.jpg,OBJ034,33,train
OBJ034_060.jpg,OBJ034,33,train
OBJ034_061.jpg,OBJ034,33,test
OBJ034_062.jpg,OBJ034,33,val
OBJ034_063.jpg,OBJ034,33,train
OBJ034_064.jpg,OBJ034,33,train
OBJ034_065.jpg,OBJ034,33,val
OBJ034_066.jpg,OBJ034,33,train
OBJ034_067.jpg,OBJ034,33,train
OBJ034_068.jpg,OBJ034,33,train
OBJ034_069.jpg,OBJ034,33,train
OBJ034_070.jpg,OBJ034,33,train
OBJ034_071.jpg,OBJ034,33,train
OBJ034_072.jpg,OBJ034,33,val
OBJ034_073.jpg,OBJ034,33,train
OBJ034_074.jpg,OBJ034,33,train
OBJ034_075.jpg,OBJ034,33,val
OBJ034_076.jpg,OBJ034,33,train
OBJ034_077.jpg,OBJ034,33,train
OBJ034_078.jpg,OBJ034,33,train
OBJ034_079.jpg,OBJ034,33,train
OBJ034_080.jpg,OBJ034,33,train
OBJ034_081.jpg,OBJ034,33,train
OBJ034_082.jpg,OBJ034,33,val
OBJ034_083.jpg,OBJ034,33,val
OBJ034_084.jpg,OBJ034,33,train
OBJ034_085.jpg,OBJ034,33,train
OBJ034_086.jpg,OBJ034,33,val
OBJ034_087.jpg,OBJ034,33,test
OBJ034_088.jpg,OBJ034,33,train
OBJ034_089.jpg,OBJ034,33,train
OBJ034_090.jpg,OBJ034,33,train
OBJ034_091.jpg,OBJ034,33,train
OBJ034_092.jpg,OBJ034,33,test
OBJ034_093.jpg,OBJ034,33,train
OBJ034_094.jpg,OBJ034,33,test
OBJ034_095.jpg,OBJ034,33,train
OBJ035_001.jpg,OBJ035,34,train
OBJ035_002.jpg,OBJ035,34,val
OBJ035_003.jpg,OBJ035,34,test
OBJ035_004.jpg,OBJ035,34,train
OBJ035_005.jpg,OBJ035,34,train
OBJ035_006.jpg,OBJ035,34,train
OBJ035_007.jpg,OBJ035,34,train
OBJ035_008.jpg,OBJ035,34,train
OBJ035_009.jpg,OBJ035,34,train
OBJ035_010.jpg,OBJ035,34,val
OBJ035_011.jpg,OBJ035,34,train
OBJ035_012.jpg,OBJ035,34,test
OBJ035_013.jpg,OBJ035,34,train
OBJ035_014.jpg,OBJ035,34,val
OBJ035_015.jpg,OBJ035,34,train
OBJ035_016.jpg,OBJ035,34,val
OBJ035_017.jpg,OBJ035,34,train
OBJ035_018.jpg,OBJ035,34,train
OBJ035_019.jpg,OBJ035,34,train
OBJ035_020.jpg,OBJ035,34,train
OBJ035_021.jpg,OBJ035,34,train
OBJ035_022.jpg,OBJ035,34,train
OBJ035_023.jpg,OBJ035,34,train
OBJ035_024.jpg,OBJ035,34,train
OBJ035_025.jpg,OBJ035,34,train
OBJ035_026.jpg,OBJ035,34,train
OBJ035_027.jpg,OBJ035,34,test
OBJ035_028.jpg,OBJ035,34,test
OBJ035_029.jpg,OBJ035,34,test
OBJ035_030.jpg,OBJ035,34,train
OBJ035_031.jpg,OBJ035,34,train
OBJ035_032.jpg,OBJ035,34,train
OBJ035_033.jpg,OBJ035,34,train
OBJ035_034.jpg,OBJ035,34,train
OBJ035_035.jpg,OBJ035,34,test
OBJ035_036.jpg,OBJ035,34,train
OBJ035_037.jpg,OBJ035,34,train
OBJ035_038.jpg,OBJ035,34,test
OBJ035_039.jpg,OBJ035,34,val
OBJ035_040.jpg,OBJ035,34,val
OBJ035_041.jpg,OBJ035,34,val
OBJ035_042.jpg,OBJ035,34,train
OBJ035_043.jpg,OBJ035,34,train
OBJ035_044.jpg,OBJ035,34,train
OBJ035_045.jpg,OBJ035,34,train
OBJ035_046.jpg,OBJ035,34,train
OBJ035_047.jpg,OBJ035,34,train
OBJ035_048.jpg,OBJ035,34,train
OBJ035_049.jpg,OBJ035,34,train
OBJ035_050.jpg,OBJ035,34,train
OBJ035_051.jpg,OBJ035,34,test
OBJ035_052.jpg,OBJ035,34,train
OBJ035_053.jpg,OBJ035,34,train
OBJ035_054.jpg,OBJ035,34,train
OBJ035_055.jpg,OBJ035,34,train
OBJ035_056.jpg,OBJ035,34,train
OBJ035_057.jpg,OBJ035,34,train
OBJ035_058.jpg,OBJ035,34,train
OBJ035_059.jpg,OBJ035,34,train
OBJ035_060.jpg,OBJ035,34,train
OBJ035_061.jpg,OBJ035,34,train
OBJ035_062.jpg,OBJ035,34,train
OBJ035_063.jpg,OBJ035,34,test
OBJ035_064.jpg,OBJ035,34,train
OBJ035_065.jpg,OBJ035,34,train
OBJ035_066.jpg,OBJ035,34,val
OBJ035_067.jpg,OBJ035,34,train
OBJ035_068.jpg,OBJ035,34,train
OBJ035_069.jpg,OBJ035,34,train
OBJ035_070.jpg,OBJ035,34,val
OBJ035_071.jpg,OBJ035,34,train
OBJ035_072.jpg,OBJ035,34,train
OBJ035_073.jpg,OBJ035,34,val
OBJ035_074.jpg,OBJ035,34,val
OBJ035_075.jpg,OBJ035,34,val
OBJ035_076.jpg,OBJ035,34,train
OBJ035_077.jpg,OBJ035,34,test
OBJ035_078.jpg,OBJ035,34,val
OBJ035_079.jpg,OBJ035,34,train
OBJ035_080.jpg,OBJ035,34,train
OBJ035_081.jpg,OBJ035,34,train
OBJ035_082.jpg,OBJ035,34,test
OBJ035_083.jpg,OBJ035,34,train
OBJ035_084.jpg,OBJ035,34,train
OBJ035_085.jpg,OBJ035,34,train
OBJ035_086.jpg,OBJ035,34,train
OBJ035_087.jpg,OBJ035,34,val
OBJ035_088.jpg,OBJ035,34,test
OBJ035_089.jpg,OBJ035,34,train
OBJ035_090.jpg,OBJ035,34,train
OBJ035_091.jpg,OBJ035,34,train
OBJ035_092.jpg,OBJ035,34,train
OBJ035_093.jpg,OBJ035,34,test
OBJ035_094.jpg,OBJ035,34,test
OBJ035_095.jpg,OBJ035,34,test
OBJ036_001.jpg,OBJ036,35,train
OBJ036_002.jpg,OBJ036,35,train
OBJ036_003.jpg,OBJ036,35,train
OBJ036_004.jpg,OBJ036,35,test
OBJ036_005.jpg,OBJ036,35,train
OBJ036_006.jpg,OBJ036,35,test
OBJ036_007.jpg,OBJ036,35,train
OBJ036_008.jpg,OBJ036,35,train
OBJ036_009.jpg,OBJ036,35,train
OBJ036_010.jpg,OBJ036,35,train
OBJ036_011.jpg,OBJ036,35,train
OBJ036_012.jpg,OBJ036,35,train
OBJ036_013.jpg,OBJ036,35,train
OBJ036_014.jpg,OBJ036,35,train
OBJ036_015.jpg,OBJ036,35,test
OBJ036_016.jpg,OBJ036,35,train
OBJ036_017.jpg,OBJ036,35,train
OBJ036_018.jpg,OBJ036,35,val
OBJ036_019.jpg,OBJ036,35,train
OBJ036_020.jpg,OBJ036,35,train
OBJ036_021.jpg,OBJ036,35,train
OBJ036_022.jpg,OBJ036,35,train
OBJ036_023.jpg,OBJ036,35,train
OBJ036_024.jpg,OBJ036,35,train
OBJ036_025.jpg,OBJ036,35,train
OBJ036_026.jpg,OBJ036,35,test
OBJ036_027.jpg,OBJ036,35,val
OBJ036_028.jpg,OBJ036,35,train
OBJ036_029.jpg,OBJ036,35,test
OBJ036_030.jpg,OBJ036,35,val
OBJ036_031.jpg,OBJ036,35,train
OBJ036_032.jpg,OBJ036,35,train
OBJ036_033.jpg,OBJ036,35,train
OBJ036_034.jpg,OBJ036,35,train
OBJ036_035.jpg,OBJ036,35,test
OBJ036_036.jpg,OBJ036,35,train
OBJ036_037.jpg,OBJ036,35,test
OBJ036_038.jpg,OBJ036,35,train
OBJ036_039.jpg,OBJ036,35,train
OBJ036_040.jpg,OBJ036,35,train
OBJ036_041.jpg,OBJ036,35,train
OBJ036_042.jpg,OBJ036,35,val
OBJ036_043.jpg,OBJ036,35,train
OBJ036_044.jpg,OBJ036,35,train
OBJ036_045.jpg,OBJ036,35,val
OBJ036_046.jpg,OBJ036,35,test
OBJ036_047.jpg,OBJ036,35,train
OBJ036_048.jpg,OBJ036,35,train
OBJ036_049.jpg,OBJ036,35,train
OBJ036_050.jpg,OBJ036,35,val
OBJ036_051.jpg,OBJ036,35,val
OBJ036_052.jpg,OBJ036,35,train
OBJ036_053.jpg,OBJ036,35,train
OBJ036_054.jpg,OBJ036,35,train
OBJ036_055.jpg,OBJ036,35,train
OBJ036_056.jpg,OBJ036,35,train
OBJ036_057.jpg,OBJ036,35,train
OBJ036_058.jpg,OBJ036,35,train
OBJ036_059.jpg,OBJ036,35,test
OBJ036_060.jpg,OBJ036,35,train
OBJ036_061.jpg,OBJ036,35,train
OBJ036_062.jpg,OBJ036,35,train
OBJ036_063.jpg,OBJ036,35,train
OBJ036_064.jpg,OBJ036,35,test
OBJ036_065.jpg,OBJ036,35,train
OBJ036_066.jpg,OBJ036,35,train
OBJ036_067.jpg,OBJ036,35,test
OBJ036_068.jpg,OBJ036,35,val
OBJ036_069.jpg,OBJ036,35,val
OBJ036_070.jpg,OBJ036,35,train
OBJ036_071.jpg,OBJ036,35,train
OBJ036_072.jpg,OBJ036,35,train
OBJ036_073.jpg,OBJ036,35,train
OBJ036_074.jpg,OBJ036,35,train
OBJ036_075.jpg,OBJ036,35,val
OBJ036_076.jpg,OBJ036,35,train
OBJ036_077.jpg,OBJ036,35,train
OBJ036_078.jpg,OBJ036,35,train
OBJ036_079.jpg,OBJ036,35,val
OBJ036_080.jpg,OBJ036,35,train
OBJ036_081.jpg,OBJ036,35,train
OBJ036_082.jpg,OBJ036,35,train
OBJ036_083.jpg,OBJ036,35,train
OBJ036_084.jpg,OBJ036,35,train
OBJ036_085.jpg,OBJ036,35,train
OBJ036_086.jpg,OBJ036,35,train
OBJ036_087.jpg,OBJ036,35,train
OBJ036_088.jpg,OBJ036,35,test
OBJ036_089.jpg,OBJ036,35,train
OBJ036_090.jpg,OBJ036,35,test
OBJ036_091.jpg,OBJ036,35,val
OBJ036_092.jpg,OBJ036,35,val
OBJ036_093.jpg,OBJ036,35,train
OBJ036_094.jpg,OBJ036,35,val
OBJ036_095.jpg,OBJ036,35,test
OBJ037_001.jpg,OBJ037,36,train
OBJ037_002.jpg,OBJ037,36,train
OBJ037_003.jpg,OBJ037,36,train
OBJ037_004.jpg,OBJ037,36,test
OBJ037_005.jpg,OBJ037,36,train
OBJ037_006.jpg,OBJ037,36,train
OBJ037_007.jpg,OBJ037,36,test
OBJ037_008.jpg,OBJ037,36,train
OBJ037_009.jpg,OBJ037,36,train
OBJ037_010.jpg,OBJ037,36,train
OBJ037_011.jpg,OBJ037,36,train
OBJ037_012.jpg,OBJ037,36,val
OBJ037_013.jpg,OBJ037,36,train
OBJ037_014.jpg,OBJ037,36,train
OBJ037_015.jpg,OBJ037,36,val
OBJ037_016.jpg,OBJ037,36,train
OBJ037_017.jpg,OBJ037,36,val
OBJ037_018.jpg,OBJ037,36,train
OBJ037_019.jpg,OBJ037,36,test
OBJ037_020.jpg,OBJ037,36,val
OBJ037_021.jpg,OBJ037,36,train
OBJ037_022.jpg,OBJ037,36,train
OBJ037_023.jpg,OBJ037,36,test
OBJ037_024.jpg,OBJ037,36,train
OBJ037_025.jpg,OBJ037,36,train
OBJ037_026.jpg,OBJ037,36,val
OBJ037_027.jpg,OBJ037,36,test
OBJ037_028.jpg,OBJ037,36,train
OBJ037_029.jpg,OBJ037,36,train
OBJ037_030.jpg,OBJ037,36,train
OBJ037_031.jpg,OBJ037,36,train
OBJ037_032.jpg,OBJ037,36,train
OBJ037_033.jpg,OBJ037,36,test
OBJ037_034.jpg,OBJ037,36,train
OBJ037_035.jpg,OBJ037,36,val
OBJ037_036.jpg,OBJ037,36,train
OBJ037_037.jpg,OBJ037,36,train
OBJ037_038.jpg,OBJ037,36,train
OBJ037_039.jpg,OBJ037,36,train
OBJ037_040.jpg,OBJ037,36,train
OBJ037_041.jpg,OBJ037,36,val
OBJ037_042.jpg,OBJ037,36,train
OBJ037_043.jpg,OBJ037,36,train
OBJ037_044.jpg,OBJ037,36,train
OBJ037_045.jpg,OBJ037,36,test
OBJ037_046.jpg,OBJ037,36,val
OBJ037_047.jpg,OBJ037,36,test
OBJ037_048.jpg,OBJ037,36,val
OBJ037_049.jpg,OBJ037,36,train
OBJ037_050.jpg,OBJ037,36,train
OBJ037_051.jpg,OBJ037,36,test
OBJ037_052.jpg,OBJ037,36,val
OBJ037_053.jpg,OBJ037,36,test
OBJ037_054.jpg,OBJ037,36,train
OBJ037_055.jpg,OBJ037,36,val
OBJ037_056.jpg,OBJ037,36,train
OBJ037_057.jpg,OBJ037,36,train
OBJ037_058.jpg,OBJ037,36,train
OBJ037_059.jpg,OBJ037,36,train
OBJ037_060.jpg,OBJ037,36,train
OBJ037_061.jpg,OBJ037,36,train
OBJ037_062.jpg,OBJ037,36,test
OBJ037_063.jpg,OBJ037,36,train
OBJ037_064.jpg,OBJ037,36,test
OBJ037_065.jpg,OBJ037,36,train
OBJ037_066.jpg,OBJ037,36,train
OBJ037_067.jpg,OBJ037,36,train
OBJ037_068.jpg,OBJ037,36,train
OBJ037_069.jpg,OBJ037,36,train
OBJ037_070.jpg,OBJ037,36,val
OBJ037_071.jpg,OBJ037,36,train
OBJ037_072.jpg,OBJ037,36,train
OBJ037_073.jpg,OBJ037,36,train
OBJ037_074.jpg,OBJ037,36,train
OBJ037_075.jpg,OBJ037,36,val
OBJ037_076.jpg,OBJ037,36,train
OBJ037_077.jpg,OBJ037,36,val
OBJ037_078.jpg,OBJ037,36,train
OBJ037_079.jpg,OBJ037,36,train
OBJ037_080.jpg,OBJ037,36,train
OBJ037_081.jpg,OBJ037,36,train
OBJ037_082.jpg,OBJ037,36,train
OBJ037_083.jpg,OBJ037,36,test
OBJ037_084.jpg,OBJ037,36,train
OBJ037_085.jpg,OBJ037,36,train
OBJ037_086.jpg,OBJ037,36,train
OBJ037_087.jpg,OBJ037,36,val
OBJ037_088.jpg,OBJ037,36,train
OBJ037_089.jpg,OBJ037,36,train
OBJ037_090.jpg,OBJ037,36,train
OBJ037_091.jpg,OBJ037,36,test
OBJ037_092.jpg,OBJ037,36,train
OBJ037_093.jpg,OBJ037,36,train
OBJ037_094.jpg,OBJ037,36,train
OBJ037_095.jpg,OBJ037,36,train
OBJ038_001.jpg,OBJ038,37,train
OBJ038_002.jpg,OBJ038,37,train
OBJ038_003.jpg,OBJ038,37,val
OBJ038_004.jpg,OBJ038,37,train
OBJ038_005.jpg,OBJ038,37,train
OBJ038_006.jpg,OBJ038,37,train
OBJ038_007.jpg,OBJ038,37,train
OBJ038_008.jpg,OBJ038,37,test
OBJ038_009.jpg,OBJ038,37,train
OBJ038_010.jpg,OBJ038,37,train
OBJ038_011.jpg,OBJ038,37,train
OBJ038_012.jpg,OBJ038,37,train
OBJ038_013.jpg,OBJ038,37,test
OBJ038_014.jpg,OBJ038,37,test
OBJ038_015.jpg,OBJ038,37,train
OBJ038_016.jpg,OBJ038,37,test
OBJ038_017.jpg,OBJ038,37,test
OBJ038_018.jpg,OBJ038,37,train
OBJ038_019.jpg,OBJ038,37,train
OBJ038_020.jpg,OBJ038,37,train
OBJ038_021.jpg,OBJ038,37,train
OBJ038_022.jpg,OBJ038,37,train
OBJ038_023.jpg,OBJ038,37,train
OBJ038_024.jpg,OBJ038,37,train
OBJ038_025.jpg,OBJ038,37,train
OBJ038_026.jpg,OBJ038,37,train
OBJ038_027.jpg,OBJ038,37,test
OBJ038_028.jpg,OBJ038,37,train
OBJ038_029.jpg,OBJ038,37,train
OBJ038_030.jpg,OBJ038,37,train
OBJ038_031.jpg,OBJ038,37,val
OBJ038_032.jpg,OBJ038,37,train
OBJ038_033.jpg,OBJ038,37,train
OBJ038_034.jpg,OBJ038,37,val
OBJ038_035.jpg,OBJ038,37,train
OBJ038_036.jpg,OBJ038,37,train
OBJ038_037.jpg,OBJ038,37,train
OBJ038_038.jpg,OBJ038,37,train
OBJ038_039.jpg,OBJ038,37,val
OBJ038_040.jpg,OBJ038,37,val
OBJ038_041.jpg,OBJ038,37,train
OBJ038_042.jpg,OBJ038,37,train
OBJ038_043.jpg,OBJ038,37,train
OBJ038_044.jpg,OBJ038,37,train
OBJ038_045.jpg,OBJ038,37,test
OBJ038_046.jpg,OBJ038,37,train
OBJ038_047.jpg,OBJ038,37,train
OBJ038_048.jpg,OBJ038,37,train
OBJ038_049.jpg,OBJ038,37,train
OBJ038_050.jpg,OBJ038,37,train
OBJ038_051.jpg,OBJ038,37,train
OBJ038_052.jpg,OBJ038,37,train
OBJ038_053.jpg,OBJ038,37,train
OBJ038_054.jpg,OBJ038,37,train
OBJ038_055.jpg,OBJ038,37,val
OBJ038_056.jpg,OBJ038,37,val
OBJ038_057.jpg,OBJ038,37,train
OBJ038_058.jpg,OBJ038,37,train
OBJ038_059.jpg,OBJ038,37,train
OBJ038_060.jpg,OBJ038,37,val
OBJ038_061.jpg,OBJ038,37,test
OBJ038_062.jpg,OBJ038,37,train
OBJ038_063.jpg,OBJ038,37,train
OBJ038_064.jpg,OBJ038,37,train
OBJ038_065.jpg,OBJ038,37,train
OBJ038_066.jpg,OBJ038,37,val
OBJ038_067.jpg,OBJ038,37,test
OBJ038_068.jpg,OBJ038,37,train
OBJ038_069.jpg,OBJ038,37,train
OBJ038_070.jpg,OBJ038,37,train
OBJ038_071.jpg,OBJ038,37,train
OBJ038_072.jpg,OBJ038,37,test
OBJ038_073.jpg,OBJ038,37,train
OBJ038_074.jpg,OBJ038,37,train
OBJ038_075.jpg,OBJ038,37,val
OBJ038_076.jpg,OBJ038,37,train
OBJ038_077.jpg,OBJ038,37,test
OBJ038_078.jpg,OBJ038,37,train
OBJ038_079.jpg,OBJ038,37,train
OBJ038_080.jpg,OBJ038,37,val
OBJ038_081.jpg,OBJ038,37,train
OBJ038_082.jpg,OBJ038,37,train
OBJ038_083.jpg,OBJ038,37,test
OBJ038_084.jpg,OBJ038,37,test
OBJ038_085.jpg,OBJ038,37,val
OBJ038_086.jpg,OBJ038,37,train
OBJ038_087.jpg,OBJ038,37,train
OBJ038_088.jpg,OBJ038,37,val
OBJ038_089.jpg,OBJ038,37,val
OBJ038_090.jpg,OBJ038,37,test
OBJ038_091.jpg,OBJ038,37,test
OBJ038_092.jpg,OBJ038,37,train
OBJ038_093.jpg,OBJ038,37,train
OBJ038_094.jpg,OBJ038,37,train
OBJ038_095.jpg,OBJ038,37,train
OBJ039_001.jpg,OBJ039,38,train
OBJ039_002.jpg,OBJ039,38,train
OBJ039_003.jpg,OBJ039,38,train
OBJ039_004.jpg,OBJ039,38,train
OBJ039_005.jpg,OBJ039,38,train
OBJ039_006.jpg,OBJ039,38,train
OBJ039_007.jpg,OBJ039,38,train
OBJ039_008.jpg,OBJ039,38,train
OBJ039_009.jpg,OBJ039,38,test
OBJ039_010.jpg,OBJ039,38,val
OBJ039_011.jpg,OBJ039,38,train
OBJ039_012.jpg,OBJ039,38,train
OBJ039_013.jpg,OBJ039,38,test
OBJ039_014.jpg,OBJ039,38,train
OBJ039_015.jpg,OBJ039,38,val
OBJ039_016.jpg,OBJ039,38,train
OBJ039_017.jpg,OBJ039,38,val
OBJ039_018.jpg,OBJ039,38,train
OBJ039_019.jpg,OBJ039,38,val
OBJ039_020.jpg,OBJ039,38,train
OBJ039_021.jpg,OBJ039,38,val
OBJ039_022.jpg,OBJ039,38,train
OBJ039_023.jpg,OBJ039,38,test
OBJ039_024.jpg,OBJ039,38,train
OBJ039_025.jpg,OBJ039,38,train
OBJ039_026.jpg,OBJ039,38,train
OBJ039_027.jpg,OBJ039,38,test
OBJ039_028.jpg,OBJ039,38,train
OBJ039_029.jpg,OBJ039,38,val
OBJ039_030.jpg,OBJ039,38,train
OBJ039_031.jpg,OBJ039,38,train
OBJ039_032.jpg,OBJ039,38,train
OBJ039_033.jpg,OBJ039,38,val
OBJ039_034.jpg,OBJ039,38,test
OBJ039_035.jpg,OBJ039,38,train
OBJ039_036.jpg,OBJ039,38,train
OBJ039_037.jpg,OBJ039,38,test
OBJ039_038.jpg,OBJ039,38,train
OBJ039_039.jpg,OBJ039,38,train
OBJ039_040.jpg,OBJ039,38,train
OBJ039_041.jpg,OBJ039,38,train
OBJ039_042.jpg,OBJ039,38,train
OBJ039_043.jpg,OBJ039,38,train
OBJ039_044.jpg,OBJ039,38,test
OBJ039_045.jpg,OBJ039,38,train
OBJ039_046.jpg,OBJ039,38,train
OBJ039_047.jpg,OBJ039,38,test
OBJ039_048.jpg,OBJ039,38,train
OBJ039_049.jpg,OBJ039,38,val
OBJ039_050.jpg,OBJ039,38,train
OBJ039_051.jpg,OBJ039,38,test
OBJ039_052.jpg,OBJ039,38,train
OBJ039_053.jpg,OBJ039,38,train
OBJ039_054.jpg,OBJ039,38,train
OBJ039_055.jpg,OBJ039,38,val
OBJ039_056.jpg,OBJ039,38,test
OBJ039_057.jpg,OBJ039,38,train
OBJ039_058.jpg,OBJ039,38,val
OBJ039_059.jpg,OBJ039,38,train
OBJ039_060.jpg,OBJ039,38,test
OBJ039_061.jpg,OBJ039,38,train
OBJ039_062.jpg,OBJ039,38,train
OBJ039_063.jpg,OBJ039,38,train
OBJ039_064.jpg,OBJ039,38,train
OBJ039_065.jpg,OBJ039,38,train
OBJ039_066.jpg,OBJ039,38,train
OBJ039_067.jpg,OBJ039,38,train
OBJ039_068.jpg,OBJ039,38,test
OBJ039_069.jpg,OBJ039,38,train
OBJ039_070.jpg,OBJ039,38,test
OBJ039_071.jpg,OBJ039,38,train
OBJ039_072.jpg,OBJ039,38,train
OBJ039_073.jpg,OBJ039,38,train
OBJ039_074.jpg,OBJ039,38,train
OBJ039_075.jpg,OBJ039,38,train
OBJ039_076.jpg,OBJ039,38,test
OBJ039_077.jpg,OBJ039,38,train
OBJ039_078.jpg,OBJ039,38,train
OBJ039_079.jpg,OBJ039,38,train
OBJ039_080.jpg,OBJ039,38,train
OBJ039_081.jpg,OBJ039,38,train
OBJ039_082.jpg,OBJ039,38,val
OBJ039_083.jpg,OBJ039,38,val
OBJ039_084.jpg,OBJ039,38,train
OBJ039_085.jpg,OBJ039,38,train
OBJ039_086.jpg,OBJ039,38,val
OBJ039_087.jpg,OBJ039,38,val
OBJ039_088.jpg,OBJ039,38,train
OBJ039_089.jpg,OBJ039,38,train
OBJ039_090.jpg,OBJ039,38,train
OBJ039_091.jpg,OBJ039,38,train
OBJ039_092.jpg,OBJ039,38,train
OBJ039_093.jpg,OBJ039,38,train
OBJ039_094.jpg,OBJ039,38,train
OBJ039_095.jpg,OBJ039,38,train
OBJ040_001.JPG,OBJ040,39,train
OBJ040_002.JPG,OBJ040,39,val
OBJ040_003.JPG,OBJ040,39,test
OBJ040_004.JPG,OBJ040,39,train
OBJ040_005.JPG,OBJ040,39,train
OBJ040_006.JPG,OBJ040,39,train
OBJ040_007.JPG,OBJ040,39,train
OBJ040_008.JPG,OBJ040,39,train
OBJ040_009.JPG,OBJ040,39,train
OBJ040_010.JPG,OBJ040,39,test
OBJ040_011.JPG,OBJ040,39,train
OBJ040_012.JPG,OBJ040,39,val
OBJ040_013.JPG,OBJ040,39,test
OBJ040_014.JPG,OBJ040,39,val
OBJ040_015.JPG,OBJ040,39,train
OBJ040_016.JPG,OBJ040,39,train
OBJ040_017.JPG,OBJ040,39,val
OBJ040_018.JPG,OBJ040,39,train
OBJ040_019.JPG,OBJ040,39,train
OBJ040_020.JPG,OBJ040,39,train
OBJ040_021.JPG,OBJ040,39,train
OBJ040_022.JPG,OBJ040,39,train
OBJ040_023.JPG,OBJ040,39,train
OBJ040_024.JPG,OBJ040,39,val
OBJ040_025.JPG,OBJ040,39,val
OBJ040_026.JPG,OBJ040,39,train
OBJ040_027.JPG,OBJ040,39,train
OBJ040_028.JPG,OBJ040,39,train
OBJ040_029.JPG,OBJ040,39,val
OBJ040_030.JPG,OBJ040,39,train
OBJ040_031.JPG,OBJ040,39,train
OBJ040_032.JPG,OBJ040,39,train
OBJ040_033.JPG,OBJ040,39,train
OBJ040_034.JPG,OBJ040,39,train
OBJ040_035.JPG,OBJ040,39,test
OBJ040_036.JPG,OBJ040,39,train
OBJ040_037.JPG,OBJ040,39,val
OBJ040_038.JPG,OBJ040,39,train
OBJ040_039.JPG,OBJ040,39,train
OBJ040_040.JPG,OBJ040,39,train
OBJ040_041.JPG,OBJ040,39,train
OBJ040_042.JPG,OBJ040,39,train
OBJ040_043.JPG,OBJ040,39,test
OBJ040_044.JPG,OBJ040,39,test
OBJ040_045.JPG,OBJ040,39,train
OBJ040_046.JPG,OBJ040,39,test
OBJ040_047.JPG,OBJ040,39,test
OBJ040_048.JPG,OBJ040,39,train
OBJ040_049.JPG,OBJ040,39,val
OBJ040_050.JPG,OBJ040,39,train
OBJ040_051.JPG,OBJ040,39,train
OBJ040_052.JPG,OBJ040,39,train
OBJ040_053.JPG,OBJ040,39,test
OBJ040_054.JPG,OBJ040,39,test
OBJ040_055.JPG,OBJ040,39,train
OBJ040_056.JPG,OBJ040,39,train
OBJ040_057.JPG,OBJ040,39,val
OBJ040_058.JPG,OBJ040,39,train
OBJ040_059.JPG,OBJ040,39,train
OBJ040_060.JPG,OBJ040,39,val
OBJ040_061.JPG,OBJ040,39,train
OBJ040_062.JPG,OBJ040,39,train
OBJ040_063.JPG,OBJ040,39,train
OBJ040_064.JPG,OBJ040,39,train
OBJ040_065.JPG,OBJ040,39,test
OBJ040_066.JPG,OBJ040,39,train
OBJ040_067.JPG,OBJ040,39,train
OBJ040_068.JPG,OBJ040,39,train
OBJ040_069.JPG,OBJ040,39,train
OBJ040_070.JPG,OBJ040,39,train
OBJ040_071.JPG,OBJ040,39,train
OBJ040_072.JPG,OBJ040,39,train
OBJ040_073.JPG,OBJ040,39,train
OBJ040_074.JPG,OBJ040,39,test
OBJ040_075.JPG,OBJ040,39,train
OBJ040_076.JPG,OBJ040,39,train
OBJ040_077.JPG,OBJ040,39,val
OBJ040_078.JPG,OBJ040,39,train
OBJ040_079.JPG,OBJ040,39,train
OBJ040_080.JPG,OBJ040,39,train
OBJ040_081.JPG,OBJ040,39,train
OBJ040_082.JPG,OBJ040,39,test
OBJ040_083.JPG,OBJ040,39,train
OBJ040_084.JPG,OBJ040,39,train
OBJ040_085.JPG,OBJ040,39,train
OBJ040_086.JPG,OBJ040,39,train
OBJ040_087.JPG,OBJ040,39,train
OBJ040_088.JPG,OBJ040,39,train
OBJ040_089.JPG,OBJ040,39,train
OBJ040_090.JPG,OBJ040,39,test
OBJ040_091.JPG,OBJ040,39,val
OBJ040_092.JPG,OBJ040,39,test
OBJ040_093.JPG,OBJ040,39,train
OBJ040_094.JPG,OBJ040,39,train
OBJ040_095.JPG,OBJ040,39,val
OBJ041_001.jpg,OBJ041,40,train
OBJ041_002.jpg,OBJ041,40,train
OBJ041_003.jpg,OBJ041,40,train
OBJ041_004.jpg,OBJ041,40,train
OBJ041_005.jpg,OBJ041,40,train
OBJ041_006.jpg,OBJ041,40,train
OBJ041_007.jpg,OBJ041,40,train
OBJ041_008.jpg,OBJ041,40,train
OBJ041_009.jpg,OBJ041,40,train
OBJ041_010.jpg,OBJ041,40,test
OBJ041_011.jpg,OBJ041,40,val
OBJ041_012.jpg,OBJ041,40,train
OBJ041_013.jpg,OBJ041,40,train
OBJ041_014.jpg,OBJ041,40,train
OBJ041_015.jpg,OBJ041,40,train
OBJ041_016.jpg,OBJ041,40,train
OBJ041_017.jpg,OBJ041,40,test
OBJ041_018.jpg,OBJ041,40,train
OBJ041_019.jpg,OBJ041,40,train
OBJ041_020.jpg,OBJ041,40,train
OBJ041_021.jpg,OBJ041,40,train
OBJ041_022.jpg,OBJ041,40,val
OBJ041_023.jpg,OBJ041,40,train
OBJ041_024.jpg,OBJ041,40,train
OBJ041_025.jpg,OBJ041,40,val
OBJ041_026.jpg,OBJ041,40,val
OBJ041_027.jpg,OBJ041,40,train
OBJ041_028.jpg,OBJ041,40,val
OBJ041_029.jpg,OBJ041,40,train
OBJ041_030.jpg,OBJ041,40,train
OBJ041_031.jpg,OBJ041,40,test
OBJ041_032.jpg,OBJ041,40,train
OBJ041_033.jpg,OBJ041,40,train
OBJ041_034.jpg,OBJ041,40,train
OBJ041_035.jpg,OBJ041,40,train
OBJ041_036.jpg,OBJ041,40,train
OBJ041_037.jpg,OBJ041,40,train
OBJ041_038.jpg,OBJ041,40,train
OBJ041_039.jpg,OBJ041,40,train
OBJ041_040.jpg,OBJ041,40,train
OBJ041_041.jpg,OBJ041,40,train
OBJ041_042.jpg,OBJ041,40,train
OBJ041_043.jpg,OBJ041,40,train
OBJ041_044.jpg,OBJ041,40,train
OBJ041_045.jpg,OBJ041,40,val
OBJ041_046.jpg,OBJ041,40,train
OBJ041_047.jpg,OBJ041,40,test
OBJ041_048.jpg,OBJ041,40,train
OBJ041_049.jpg,OBJ041,40,test
OBJ041_050.jpg,OBJ041,40,train
OBJ041_051.jpg,OBJ041,40,train
OBJ041_052.jpg,OBJ041,40,val
OBJ041_053.jpg,OBJ041,40,val
OBJ041_054.jpg,OBJ041,40,test
OBJ041_055.jpg,OBJ041,40,train
OBJ041_056.jpg,OBJ041,40,train
OBJ041_057.jpg,OBJ041,40,test
OBJ041_058.jpg,OBJ041,40,train
OBJ041_059.jpg,OBJ041,40,test
OBJ041_060.jpg,OBJ041,40,val
OBJ041_061.jpg,OBJ041,40,train
OBJ041_062.jpg,OBJ041,40,train
OBJ041_063.jpg,OBJ041,40,train
OBJ041_064.jpg,OBJ041,40,train
OBJ041_065.jpg,OBJ041,40,test
OBJ041_066.jpg,OBJ041,40,train
OBJ041_067.jpg,OBJ041,40,train
OBJ041_068.jpg,OBJ041,40,val
OBJ041_069.jpg,OBJ041,40,train
OBJ041_070.jpg,OBJ041,40,train
OBJ041_071.jpg,OBJ041,40,val
OBJ041_072.jpg,OBJ041,40,val
OBJ041_073.jpg,OBJ041,40,train
OBJ041_074.jpg,OBJ041,40,test
OBJ041_075.jpg,OBJ041,40,test
OBJ041_076.jpg,OBJ041,40,train
OBJ041_077.jpg,OBJ041,40,test
OBJ041_078.jpg,OBJ041,40,train
OBJ041_079.jpg,OBJ041,40,train
OBJ041_080.jpg,OBJ041,40,train
OBJ041_081.jpg,OBJ041,40,train
OBJ041_082.jpg,OBJ041,40,train
OBJ041_083.jpg,OBJ041,40,val
OBJ041_084.jpg,OBJ041,40,train
OBJ041_085.jpg,OBJ041,40,train
OBJ041_086.jpg,OBJ041,40,train
OBJ041_087.jpg,OBJ041,40,train
OBJ041_088.jpg,OBJ041,40,train
OBJ041_089.jpg,OBJ041,40,test
OBJ041_090.jpg,OBJ041,40,val
OBJ041_091.jpg,OBJ041,40,train
OBJ041_092.jpg,OBJ041,40,train
OBJ041_093.jpg,OBJ041,40,train
OBJ041_094.jpg,OBJ041,40,train
OBJ041_095.jpg,OBJ041,40,test
OBJ042_001.jpg,OBJ042,41,train
OBJ042_002.jpg,OBJ042,41,train
OBJ042_003.jpg,OBJ042,41,train
OBJ042_004.jpg,OBJ042,41,train
OBJ042_005.jpg,OBJ042,41,train
OBJ042_006.jpg,OBJ042,41,train
OBJ042_007.jpg,OBJ042,41,train
OBJ042_008.jpg,OBJ042,41,val
OBJ042_009.jpg,OBJ042,41,test
OBJ042_010.jpg,OBJ042,41,train
OBJ042_011.jpg,OBJ042,41,train
OBJ042_012.jpg,OBJ042,41,train
OBJ042_013.jpg,OBJ042,41,val
OBJ042_014.jpg,OBJ042,41,train
OBJ042_015.jpg,OBJ042,41,train
OBJ042_016.jpg,OBJ042,41,train
OBJ042_017.jpg,OBJ042,41,train
OBJ042_018.jpg,OBJ042,41,train
OBJ042_019.jpg,OBJ042,41,train
OBJ042_020.jpg,OBJ042,41,train
OBJ042_021.jpg,OBJ042,41,train
OBJ042_022.jpg,OBJ042,41,val
OBJ042_023.jpg,OBJ042,41,train
OBJ042_024.jpg,OBJ042,41,train
OBJ042_025.jpg,OBJ042,41,train
OBJ042_026.jpg,OBJ042,41,train
OBJ042_027.jpg,OBJ042,41,val
OBJ042_028.jpg,OBJ042,41,test
OBJ042_029.jpg,OBJ042,41,train
OBJ042_030.jpg,OBJ042,41,train
OBJ042_031.jpg,OBJ042,41,train
OBJ042_032.jpg,OBJ042,41,train
OBJ042_033.jpg,OBJ042,41,train
OBJ042_034.jpg,OBJ042,41,train
OBJ042_035.jpg,OBJ042,41,train
OBJ042_036.jpg,OBJ042,41,val
OBJ042_037.jpg,OBJ042,41,val
OBJ042_038.jpg,OBJ042,41,train
OBJ042_039.jpg,OBJ042,41,test
OBJ042_040.jpg,OBJ042,41,train
OBJ042_041.jpg,OBJ042,41,train
OBJ042_042.jpg,OBJ042,41,test
OBJ042_043.jpg,OBJ042,41,test
OBJ042_044.jpg,OBJ042,41,test
OBJ042_045.jpg,OBJ042,41,test
OBJ042_046.jpg,OBJ042,41,train
OBJ042_047.jpg,OBJ042,41,train
OBJ042_048.jpg,OBJ042,41,val
OBJ042_049.jpg,OBJ042,41,train
OBJ042_050.jpg,OBJ042,41,train
OBJ042_051.jpg,OBJ042,41,train
OBJ042_052.jpg,OBJ042,41,train
OBJ042_053.jpg,OBJ042,41,train
OBJ042_054.jpg,OBJ042,41,train
OBJ042_055.jpg,OBJ042,41,val
OBJ042_056.jpg,OBJ042,41,train
OBJ042_057.jpg,OBJ042,41,train
OBJ042_058.jpg,OBJ042,41,train
OBJ042_059.jpg,OBJ042,41,val
OBJ042_060.jpg,OBJ042,41,train
OBJ042_061.jpg,OBJ042,41,train
OBJ042_062.jpg,OBJ042,41,train
OBJ042_063.jpg,OBJ042,41,train
OBJ042_064.jpg,OBJ042,41,train
OBJ042_065.jpg,OBJ042,41,test
OBJ042_066.jpg,OBJ042,41,val
OBJ042_067.jpg,OBJ042,41,test
OBJ042_068.jpg,OBJ042,41,train
OBJ042_069.jpg,OBJ042,41,train
OBJ042_070.jpg,OBJ042,41,train
OBJ042_071.jpg,OBJ042,41,train
OBJ042_072.jpg,OBJ042,41,val
OBJ042_073.jpg,OBJ042,41,train
OBJ042_074.jpg,OBJ042,41,test
OBJ042_075.jpg,OBJ042,41,train
OBJ042_076.jpg,OBJ042,41,train
OBJ042_077.jpg,OBJ042,41,train
OBJ042_078.jpg,OBJ042,41,train
OBJ042_079.jpg,OBJ042,41,val
OBJ042_080.jpg,OBJ042,41,train
OBJ042_081.jpg,OBJ042,41,test
OBJ042_082.jpg,OBJ042,41,train
OBJ042_083.jpg,OBJ042,41,train
OBJ042_084.jpg,OBJ042,41,val
OBJ042_085.jpg,OBJ042,41,train
OBJ042_086.jpg,OBJ042,41,test
OBJ042_087.jpg,OBJ042,41,test
OBJ042_088.jpg,OBJ042,41,train
OBJ042_089.jpg,OBJ042,41,train
OBJ042_090.jpg,OBJ042,41,train
OBJ042_091.jpg,OBJ042,41,train
OBJ042_092.jpg,OBJ042,41,test
OBJ042_093.jpg,OBJ042,41,train
OBJ042_094.jpg,OBJ042,41,train
OBJ042_095.jpg,OBJ042,41,val
OBJ043_001.jpg,OBJ043,42,test
OBJ043_002.jpg,OBJ043,42,train
OBJ043_003.jpg,OBJ043,42,train
OBJ043_004.jpg,OBJ043,42,test
OBJ043_005.jpg,OBJ043,42,train
OBJ043_006.jpg,OBJ043,42,train
OBJ043_007.jpg,OBJ043,42,train
OBJ043_008.jpg,OBJ043,42,val
OBJ043_009.jpg,OBJ043,42,train
OBJ043_010.jpg,OBJ043,42,train
OBJ043_011.jpg,OBJ043,42,train
OBJ043_012.jpg,OBJ043,42,train
OBJ043_013.jpg,OBJ043,42,train
OBJ043_014.jpg,OBJ043,42,train
OBJ043_015.jpg,OBJ043,42,test
OBJ043_016.jpg,OBJ043,42,train
OBJ043_017.jpg,OBJ043,42,train
OBJ043_018.jpg,OBJ043,42,train
OBJ043_019.jpg,OBJ043,42,val
OBJ043_020.jpg,OBJ043,42,train
OBJ043_021.jpg,OBJ043,42,train
OBJ043_022.jpg,OBJ043,42,train
OBJ043_023.jpg,OBJ043,42,test
OBJ043_024.jpg,OBJ043,42,val
OBJ043_025.jpg,OBJ043,42,train
OBJ043_026.jpg,OBJ043,42,train
OBJ043_027.jpg,OBJ043,42,val
OBJ043_028.jpg,OBJ043,42,test
OBJ043_029.jpg,OBJ043,42,train
OBJ043_030.jpg,OBJ043,42,train
OBJ043_031.jpg,OBJ043,42,train
OBJ043_032.jpg,OBJ043,42,train
OBJ043_033.jpg,OBJ043,42,train
OBJ043_034.jpg,OBJ043,42,val
OBJ043_035.jpg,OBJ043,42,train
OBJ043_036.jpg,OBJ043,42,test
OBJ043_037.jpg,OBJ043,42,val
OBJ043_038.jpg,OBJ043,42,train
OBJ043_039.jpg,OBJ043,42,train
OBJ043_040.jpg,OBJ043,42,val
OBJ043_041.jpg,OBJ043,42,val
OBJ043_042.jpg,OBJ043,42,train
OBJ043_043.jpg,OBJ043,42,train
OBJ043_044.jpg,OBJ043,42,train
OBJ043_045.jpg,OBJ043,42,train
OBJ043_046.jpg,OBJ043,42,val
OBJ043_047.jpg,OBJ043,42,train
OBJ043_048.jpg,OBJ043,42,train
OBJ043_049.jpg,OBJ043,42,val
OBJ043_050.jpg,OBJ043,42,train
OBJ043_051.jpg,OBJ043,42,train
OBJ043_052.jpg,OBJ043,42,train
OBJ043_053.jpg,OBJ043,42,val
OBJ043_054.jpg,OBJ043,42,train
OBJ043_055.jpg,OBJ043,42,train
OBJ043_056.jpg,OBJ043,42,train
OBJ043_057.jpg,OBJ043,42,test
OBJ043_058.jpg,OBJ043,42,train
OBJ043_059.jpg,OBJ043,42,train
OBJ043_060.jpg,OBJ043,42,train
OBJ043_061.jpg,OBJ043,42,val
OBJ043_062.jpg,OBJ043,42,train
OBJ043_063.jpg,OBJ043,42,test
OBJ043_064.jpg,OBJ043,42,train
OBJ043_065.jpg,OBJ043,42,train
OBJ043_066.jpg,OBJ043,42,train
OBJ043_067.jpg,OBJ043,42,test
OBJ043_068.jpg,OBJ043,42,test
OBJ043_069.jpg,OBJ043,42,train
OBJ043_070.jpg,OBJ043,42,train
OBJ043_071.jpg,OBJ043,42,train
OBJ043_072.jpg,OBJ043,42,train
OBJ043_073.jpg,OBJ043,42,train
OBJ043_074.jpg,OBJ043,42,val
OBJ043_075.jpg,OBJ043,42,train
OBJ043_076.jpg,OBJ043,42,train
OBJ043_077.jpg,OBJ043,42,train
OBJ043_078.jpg,OBJ043,42,val
OBJ043_079.jpg,OBJ043,42,train
OBJ043_080.jpg,OBJ043,42,val
OBJ043_081.jpg,OBJ043,42,test
OBJ043_082.jpg,OBJ043,42,train
OBJ043_083.jpg,OBJ043,42,train
OBJ043_084.jpg,OBJ043,42,test
OBJ043_085.jpg,OBJ043,42,train
OBJ043_086.jpg,OBJ043,42,train
OBJ043_087.jpg,OBJ043,42,train
OBJ043_088.jpg,OBJ043,42,train
OBJ043_089.jpg,OBJ043,42,train
OBJ043_090.jpg,OBJ043,42,train
OBJ043_091.jpg,OBJ043,42,test
OBJ043_092.jpg,OBJ043,42,train
OBJ043_093.jpg,OBJ043,42,train
OBJ043_094.jpg,OBJ043,42,test
OBJ043_095.jpg,OBJ043,42,train
OBJ044_001.jpg,OBJ044,43,test
OBJ044_002.jpg,OBJ044,43,train
OBJ044_003.jpg,OBJ044,43,val
OBJ044_004.jpg,OBJ044,43,train
OBJ044_005.jpg,OBJ044,43,train
OBJ044_006.jpg,OBJ044,43,test
OBJ044_007.jpg,OBJ044,43,train
OBJ044_008.jpg,OBJ044,43,train
OBJ044_009.jpg,OBJ044,43,train
OBJ044_010.jpg,OBJ044,43,train
OBJ044_011.jpg,OBJ044,43,train
OBJ044_012.jpg,OBJ044,43,train
OBJ044_013.jpg,OBJ044,43,val
OBJ044_014.jpg,OBJ044,43,train
OBJ044_015.jpg,OBJ044,43,test
OBJ044_016.jpg,OBJ044,43,train
OBJ044_017.jpg,OBJ044,43,train
OBJ044_018.jpg,OBJ044,43,train
OBJ044_019.jpg,OBJ044,43,train
OBJ044_020.jpg,OBJ044,43,train
OBJ044_021.jpg,OBJ044,43,train
OBJ044_022.jpg,OBJ044,43,train
OBJ044_023.jpg,OBJ044,43,val
OBJ044_024.jpg,OBJ044,43,train
OBJ044_025.jpg,OBJ044,43,train
OBJ044_026.jpg,OBJ044,43,train
OBJ044_027.jpg,OBJ044,43,train
OBJ044_028.jpg,OBJ044,43,train
OBJ044_029.jpg,OBJ044,43,train
OBJ044_030.jpg,OBJ044,43,train
OBJ044_031.jpg,OBJ044,43,train
OBJ044_032.jpg,OBJ044,43,test
OBJ044_033.jpg,OBJ044,43,train
OBJ044_034.jpg,OBJ044,43,val
OBJ044_035.jpg,OBJ044,43,train
OBJ044_036.jpg,OBJ044,43,train
OBJ044_037.jpg,OBJ044,43,train
OBJ044_038.jpg,OBJ044,43,train
OBJ044_039.jpg,OBJ044,43,test
OBJ044_040.jpg,OBJ044,43,train
OBJ044_041.jpg,OBJ044,43,val
OBJ044_042.jpg,OBJ044,43,train
OBJ044_043.jpg,OBJ044,43,train
OBJ044_044.jpg,OBJ044,43,train
OBJ044_045.jpg,OBJ044,43,train
OBJ044_046.jpg,OBJ044,43,train
OBJ044_047.jpg,OBJ044,43,val
OBJ044_048.jpg,OBJ044,43,train
OBJ044_049.jpg,OBJ044,43,test
OBJ044_050.jpg,OBJ044,43,train
OBJ044_051.jpg,OBJ044,43,train
OBJ044_052.jpg,OBJ044,43,test
OBJ044_053.jpg,OBJ044,43,train
OBJ044_054.jpg,OBJ044,43,train
OBJ044_055.jpg,OBJ044,43,val
OBJ044_056.jpg,OBJ044,43,train
OBJ044_057.jpg,OBJ044,43,val
OBJ044_058.jpg,OBJ044,43,train
OBJ044_059.jpg,OBJ044,43,train
OBJ044_060.jpg,OBJ044,43,train
OBJ044_061.jpg,OBJ044,43,train
OBJ044_062.jpg,OBJ044,43,train
OBJ044_063.jpg,OBJ044,43,val
OBJ044_064.jpg,OBJ044,43,test
OBJ044_065.jpg,OBJ044,43,test
OBJ044_066.jpg,OBJ044,43,val
OBJ044_067.jpg,OBJ044,43,val
OBJ044_068.jpg,OBJ044,43,val
OBJ044_069.jpg,OBJ044,43,train
OBJ044_070.jpg,OBJ044,43,test
OBJ044_071.jpg,OBJ044,43,train
OBJ044_072.jpg,OBJ044,43,train
OBJ044_073.jpg,OBJ044,43,test
OBJ044_074.jpg,OBJ044,43,train
OBJ044_075.jpg,OBJ044,43,train
OBJ044_076.jpg,OBJ044,43,train
OBJ044_077.jpg,OBJ044,43,train
OBJ044_078.jpg,OBJ044,43,train
OBJ044_079.jpg,OBJ044,43,train
OBJ044_080.jpg,OBJ044,43,train
OBJ044_081.jpg,OBJ044,43,test
OBJ044_082.jpg,OBJ044,43,train
OBJ044_083.jpg,OBJ044,43,train
OBJ044_084.jpg,OBJ044,43,train
OBJ044_085.jpg,OBJ044,43,train
OBJ044_086.jpg,OBJ044,43,train
OBJ044_087.jpg,OBJ044,43,train
OBJ044_088.jpg,OBJ044,43,test
OBJ044_089.jpg,OBJ044,43,train
OBJ044_090.jpg,OBJ044,43,train
OBJ044_091.jpg,OBJ044,43,val
OBJ044_092.jpg,OBJ044,43,test
OBJ044_093.jpg,OBJ044,43,val
OBJ044_094.jpg,OBJ044,43,train
OBJ044_095.jpg,OBJ044,43,train
OBJ045_001.jpg,OBJ045,44,train
OBJ045_002.jpg,OBJ045,44,train
OBJ045_003.jpg,OBJ045,44,train
OBJ045_004.jpg,OBJ045,44,train
OBJ045_005.jpg,OBJ045,44,train
OBJ045_006.jpg,OBJ045,44,train
OBJ045_007.jpg,OBJ045,44,test
OBJ045_008.jpg,OBJ045,44,test
OBJ045_009.jpg,OBJ045,44,train
OBJ045_010.jpg,OBJ045,44,train
OBJ045_011.jpg,OBJ045,44,train
OBJ045_012.jpg,OBJ045,44,train
OBJ045_013.jpg,OBJ045,44,val
OBJ045_014.jpg,OBJ045,44,test
OBJ045_015.jpg,OBJ045,44,train
OBJ045_016.jpg,OBJ045,44,train
OBJ045_017.jpg,OBJ045,44,val
OBJ045_018.jpg,OBJ045,44,train
OBJ045_019.jpg,OBJ045,44,test
OBJ045_020.jpg,OBJ045,44,test
OBJ045_021.jpg,OBJ045,44,train
OBJ045_022.jpg,OBJ045,44,train
OBJ045_023.jpg,OBJ045,44,train
OBJ045_024.jpg,OBJ045,44,val
OBJ045_025.jpg,OBJ045,44,train
OBJ045_026.jpg,OBJ045,44,train
OBJ045_027.jpg,OBJ045,44,train
OBJ045_028.jpg,OBJ045,44,train
OBJ045_029.jpg,OBJ045,44,val
OBJ045_030.jpg,OBJ045,44,train
OBJ045_031.jpg,OBJ045,44,train
OBJ045_032.jpg,OBJ045,44,train
OBJ045_033.jpg,OBJ045,44,test
OBJ045_034.jpg,OBJ045,44,train
OBJ045_035.jpg,OBJ045,44,train
OBJ045_036.jpg,OBJ045,44,train
OBJ045_037.jpg,OBJ045,44,train
OBJ045_038.jpg,OBJ045,44,train
OBJ045_039.jpg,OBJ045,44,val
OBJ045_040.jpg,OBJ045,44,train
OBJ045_041.jpg,OBJ045,44,train
OBJ045_042.jpg,OBJ045,44,train
OBJ045_043.jpg,OBJ045,44,train
OBJ045_044.jpg,OBJ045,44,train
OBJ045_045.jpg,OBJ045,44,train
OBJ045_046.jpg,OBJ045,44,train
OBJ045_047.jpg,OBJ045,44,val
OBJ045_048.jpg,OBJ045,44,train
OBJ045_049.jpg,OBJ045,44,train
OBJ045_050.jpg,OBJ045,44,test
OBJ045_051.jpg,OBJ045,44,train
OBJ045_052.jpg,OBJ045,44,train
OBJ045_053.jpg,OBJ045,44,train
OBJ045_054.jpg,OBJ045,44,val
OBJ045_055.jpg,OBJ045,44,train
OBJ045_056.jpg,OBJ045,44,train
OBJ045_057.jpg,OBJ045,44,test
OBJ045_058.jpg,OBJ045,44,train
OBJ045_059.jpg,OBJ045,44,test
OBJ045_060.jpg,OBJ045,44,train
OBJ045_061.jpg,OBJ045,44,train
OBJ045_062.jpg,OBJ045,44,test
OBJ045_063.jpg,OBJ045,44,val
OBJ045_064.jpg,OBJ045,44,train
OBJ045_065.jpg,OBJ045,44,train
OBJ045_066.jpg,OBJ045,44,test
OBJ045_067.jpg,OBJ045,44,train
OBJ045_068.jpg,OBJ045,44,test
OBJ045_069.jpg,OBJ045,44,test
OBJ045_070.jpg,OBJ045,44,train
OBJ045_071.jpg,OBJ045,44,train
OBJ045_072.jpg,OBJ045,44,train
OBJ045_073.jpg,OBJ045,44,train
OBJ045_074.jpg,OBJ045,44,train
OBJ045_075.jpg,OBJ045,44,val
OBJ045_076.jpg,OBJ045,44,train
OBJ045_077.jpg,OBJ045,44,train
OBJ045_078.jpg,OBJ045,44,train
OBJ045_079.jpg,OBJ045,44,val
OBJ045_080.jpg,OBJ045,44,train
OBJ045_081.jpg,OBJ045,44,train
OBJ045_082.jpg,OBJ045,44,test
OBJ045_083.jpg,OBJ045,44,train
OBJ045_084.jpg,OBJ045,44,train
OBJ045_085.jpg,OBJ045,44,train
OBJ045_086.jpg,OBJ045,44,val
OBJ045_087.jpg,OBJ045,44,train
OBJ045_088.jpg,OBJ045,44,train
OBJ045_089.jpg,OBJ045,44,train
OBJ045_090.jpg,OBJ045,44,train
OBJ045_091.jpg,OBJ045,44,val
OBJ045_092.jpg,OBJ045,44,train
OBJ045_093.jpg,OBJ045,44,val
OBJ045_094.jpg,OBJ045,44,val
OBJ045_095.jpg,OBJ045,44,train
OBJ046_001.jpg,OBJ046,45,test
OBJ046_002.jpg,OBJ046,45,train
OBJ046_003.jpg,OBJ046,45,train
OBJ046_004.jpg,OBJ046,45,train
OBJ046_005.jpg,OBJ046,45,train
OBJ046_006.jpg,OBJ046,45,val
OBJ046_007.jpg,OBJ046,45,test
OBJ046_008.jpg,OBJ046,45,train
OBJ046_009.jpg,OBJ046,45,test
OBJ046_010.jpg,OBJ046,45,test
OBJ046_011.jpg,OBJ046,45,train
OBJ046_012.jpg,OBJ046,45,train
OBJ046_013.jpg,OBJ046,45,train
OBJ046_014.jpg,OBJ046,45,train
OBJ046_015.jpg,OBJ046,45,train
OBJ046_016.jpg,OBJ046,45,train
OBJ046_017.jpg,OBJ046,45,val
OBJ046_018.jpg,OBJ046,45,train
OBJ046_019.jpg,OBJ046,45,train
OBJ046_020.jpg,OBJ046,45,train
OBJ046_021.jpg,OBJ046,45,test
OBJ046_022.jpg,OBJ046,45,test
OBJ046_023.jpg,OBJ046,45,train
OBJ046_024.jpg,OBJ046,45,train
OBJ046_025.jpg,OBJ046,45,val
OBJ046_026.jpg,OBJ046,45,train
OBJ046_027.jpg,OBJ046,45,val
OBJ046_028.jpg,OBJ046,45,test
OBJ046_029.jpg,OBJ046,45,train
OBJ046_030.jpg,OBJ046,45,val
OBJ046_031.jpg,OBJ046,45,train
OBJ046_032.jpg,OBJ046,45,test
OBJ046_033.jpg,OBJ046,45,train
OBJ046_034.jpg,OBJ046,45,train
OBJ046_035.jpg,OBJ046,45,val
OBJ046_036.jpg,OBJ046,45,test
OBJ046_037.jpg,OBJ046,45,train
OBJ046_038.jpg,OBJ046,45,val
OBJ046_039.jpg,OBJ046,45,train
OBJ046_040.jpg,OBJ046,45,train
OBJ046_041.jpg,OBJ046,45,train
OBJ046_042.jpg,OBJ046,45,train
OBJ046_043.jpg,OBJ046,45,train
OBJ046_044.jpg,OBJ046,45,train
OBJ046_045.jpg,OBJ046,45,val
OBJ046_046.jpg,OBJ046,45,val
OBJ046_047.jpg,OBJ046,45,train
OBJ046_048.jpg,OBJ046,45,val
OBJ046_049.jpg,OBJ046,45,val
OBJ046_050.jpg,OBJ046,45,val
OBJ046_051.jpg,OBJ046,45,test
OBJ046_052.jpg,OBJ046,45,train
OBJ046_053.jpg,OBJ046,45,train
OBJ046_054.jpg,OBJ046,45,val
OBJ046_055.jpg,OBJ046,45,train
OBJ046_056.jpg,OBJ046,45,train
OBJ046_057.jpg,OBJ046,45,train
OBJ046_058.jpg,OBJ046,45,train
OBJ046_059.jpg,OBJ046,45,train
OBJ046_060.jpg,OBJ046,45,train
OBJ046_061.jpg,OBJ046,45,train
OBJ046_062.jpg,OBJ046,45,train
OBJ046_063.jpg,OBJ046,45,train
OBJ046_064.jpg,OBJ046,45,train
OBJ046_065.jpg,OBJ046,45,val
OBJ046_066.jpg,OBJ046,45,train
OBJ046_067.jpg,OBJ046,45,train
OBJ046_068.jpg,OBJ046,45,test
OBJ046_069.jpg,OBJ046,45,train
OBJ046_070.jpg,OBJ046,45,train
OBJ046_071.jpg,OBJ046,45,train
OBJ046_072.jpg,OBJ046,45,train
OBJ046_073.jpg,OBJ046,45,test
OBJ046_074.jpg,OBJ046,45,train
OBJ046_075.jpg,OBJ046,45,train
OBJ046_076.jpg,OBJ046,45,test
OBJ046_077.jpg,OBJ046,45,train
OBJ046_078.jpg,OBJ046,45,train
OBJ046_079.jpg,OBJ046,45,train
OBJ046_080.jpg,OBJ046,45,train
OBJ046_081.jpg,OBJ046,45,train
OBJ046_082.jpg,OBJ046,45,test
OBJ046_083.jpg,OBJ046,45,train
OBJ046_084.jpg,OBJ046,45,train
OBJ046_085.jpg,OBJ046,45,train
OBJ046_086.jpg,OBJ046,45,train
OBJ046_087.jpg,OBJ046,45,train
OBJ046_088.jpg,OBJ046,45,train
OBJ046_089.jpg,OBJ046,45,train
OBJ046_090.jpg,OBJ046,45,train
OBJ046_091.jpg,OBJ046,45,train
OBJ046_092.jpg,OBJ046,45,train
OBJ046_093.jpg,OBJ046,45,train
OBJ046_094.jpg,OBJ046,45,val
OBJ046_095.jpg,OBJ046,45,train
OBJ047_001.jpg,OBJ047,46,test
OBJ047_002.jpg,OBJ047,46,val
OBJ047_003.jpg,OBJ047,46,val
OBJ047_004.jpg,OBJ047,46,val
OBJ047_005.jpg,OBJ047,46,train
OBJ047_006.jpg,OBJ047,46,train
OBJ047_007.jpg,OBJ047,46,test
OBJ047_008.jpg,OBJ047,46,train
OBJ047_009.jpg,OBJ047,46,train
OBJ047_010.jpg,OBJ047,46,train
OBJ047_011.jpg,OBJ047,46,val
OBJ047_012.jpg,OBJ047,46,train
OBJ047_013.jpg,OBJ047,46,train
OBJ047_014.jpg,OBJ047,46,train
OBJ047_015.jpg,OBJ047,46,train
OBJ047_016.jpg,OBJ047,46,train
OBJ047_017.jpg,OBJ047,46,train
OBJ047_018.jpg,OBJ047,46,test
OBJ047_019.jpg,OBJ047,46,train
OBJ047_020.jpg,OBJ047,46,train
OBJ047_021.jpg,OBJ047,46,train
OBJ047_022.jpg,OBJ047,46,test
OBJ047_023.jpg,OBJ047,46,train
OBJ047_024.jpg,OBJ047,46,train
OBJ047_025.jpg,OBJ047,46,train
OBJ047_026.jpg,OBJ047,46,train
OBJ047_027.jpg,OBJ047,46,train
OBJ047_028.jpg,OBJ047,46,train
OBJ047_029.jpg,OBJ047,46,train
OBJ047_030.jpg,OBJ047,46,train
OBJ047_031.jpg,OBJ047,46,train
OBJ047_032.jpg,OBJ047,46,train
OBJ047_033.jpg,OBJ047,46,train
OBJ047_034.jpg,OBJ047,46,train
OBJ047_035.jpg,OBJ047,46,train
OBJ047_036.jpg,OBJ047,46,val
OBJ047_037.jpg,OBJ047,46,test
OBJ047_038.jpg,OBJ047,46,test
OBJ047_039.jpg,OBJ047,46,train
OBJ047_040.jpg,OBJ047,46,test
OBJ047_041.jpg,OBJ047,46,train
OBJ047_042.jpg,OBJ047,46,train
OBJ047_043.jpg,OBJ047,46,train
OBJ047_044.jpg,OBJ047,46,train
OBJ047_045.jpg,OBJ047,46,train
OBJ047_046.jpg,OBJ047,46,train
OBJ047_047.jpg,OBJ047,46,train
OBJ047_048.jpg,OBJ047,46,train
OBJ047_049.jpg,OBJ047,46,train
OBJ047_050.jpg,OBJ047,46,train
OBJ047_051.jpg,OBJ047,46,train
OBJ047_052.jpg,OBJ047,46,train
OBJ047_053.jpg,OBJ047,46,train
OBJ047_054.jpg,OBJ047,46,val
OBJ047_055.jpg,OBJ047,46,val
OBJ047_056.jpg,OBJ047,46,test
OBJ047_057.jpg,OBJ047,46,val
OBJ047_058.jpg,OBJ047,46,val
OBJ047_059.jpg,OBJ047,46,test
OBJ047_060.jpg,OBJ047,46,test
OBJ047_061.jpg,OBJ047,46,val
OBJ047_062.jpg,OBJ047,46,train
OBJ047_063.jpg,OBJ047,46,test
OBJ047_064.jpg,OBJ047,46,train
OBJ047_065.jpg,OBJ047,46,train
OBJ047_066.jpg,OBJ047,46,train
OBJ047_067.jpg,OBJ047,46,train
OBJ047_068.jpg,OBJ047,46,val
OBJ047_069.jpg,OBJ047,46,train
OBJ047_070.jpg,OBJ047,46,train
OBJ047_071.jpg,OBJ047,46,train
OBJ047_072.jpg,OBJ047,46,train
OBJ047_073.jpg,OBJ047,46,train
OBJ047_074.jpg,OBJ047,46,train
OBJ047_075.jpg,OBJ047,46,train
OBJ047_076.jpg,OBJ047,46,train
OBJ047_077.jpg,OBJ047,46,test
OBJ047_078.jpg,OBJ047,46,train
OBJ047_079.jpg,OBJ047,46,val
OBJ047_080.jpg,OBJ047,46,train
OBJ047_081.jpg,OBJ047,46,train
OBJ047_082.jpg,OBJ047,46,test
OBJ047_083.jpg,OBJ047,46,train
OBJ047_084.jpg,OBJ047,46,train
OBJ047_085.jpg,OBJ047,46,val
OBJ047_086.jpg,OBJ047,46,train
OBJ047_087.jpg,OBJ047,46,train
OBJ047_088.jpg,OBJ047,46,train
OBJ047_089.jpg,OBJ047,46,val
OBJ047_090.jpg,OBJ047,46,test
OBJ047_091.jpg,OBJ047,46,train
OBJ047_092.jpg,OBJ047,46,train
OBJ047_093.jpg,OBJ047,46,train
OBJ047_094.jpg,OBJ047,46,train
OBJ047_095.jpg,OBJ047,46,train
OBJ048_001.jpg,OBJ048,47,train
OBJ048_002.jpg,OBJ048,47,train
OBJ048_003.jpg,OBJ048,47,train
OBJ048_004.jpg,OBJ048,47,train
OBJ048_005.jpg,OBJ048,47,train
OBJ048_006.jpg,OBJ048,47,train
OBJ048_007.jpg,OBJ048,47,train
OBJ048_008.jpg,OBJ048,47,train
OBJ048_009.jpg,OBJ048,47,test
OBJ048_010.jpg,OBJ048,47,test
OBJ048_011.jpg,OBJ048,47,val
OBJ048_012.jpg,OBJ048,47,train
OBJ048_013.jpg,OBJ048,47,train
OBJ048_014.jpg,OBJ048,47,train
OBJ048_015.jpg,OBJ048,47,test
OBJ048_016.jpg,OBJ048,47,train
OBJ048_017.jpg,OBJ048,47,train
OBJ048_018.jpg,OBJ048,47,val
OBJ048_019.jpg,OBJ048,47,test
OBJ048_020.jpg,OBJ048,47,train
OBJ048_021.jpg,OBJ048,47,train
OBJ048_022.jpg,OBJ048,47,val
OBJ048_023.jpg,OBJ048,47,train
OBJ048_024.jpg,OBJ048,47,test
OBJ048_025.jpg,OBJ048,47,train
OBJ048_026.jpg,OBJ048,47,train
OBJ048_027.jpg,OBJ048,47,train
OBJ048_028.jpg,OBJ048,47,test
OBJ048_029.jpg,OBJ048,47,train
OBJ048_030.jpg,OBJ048,47,val
OBJ048_031.jpg,OBJ048,47,train
OBJ048_032.jpg,OBJ048,47,test
OBJ048_033.jpg,OBJ048,47,val
OBJ048_034.jpg,OBJ048,47,val
OBJ048_035.jpg,OBJ048,47,train
OBJ048_036.jpg,OBJ048,47,val
OBJ048_037.jpg,OBJ048,47,train
OBJ048_038.jpg,OBJ048,47,train
OBJ048_039.jpg,OBJ048,47,test
OBJ048_040.jpg,OBJ048,47,train
OBJ048_041.jpg,OBJ048,47,train
OBJ048_042.jpg,OBJ048,47,test
OBJ048_043.jpg,OBJ048,47,train
OBJ048_044.jpg,OBJ048,47,train
OBJ048_045.jpg,OBJ048,47,train
OBJ048_046.jpg,OBJ048,47,train
OBJ048_047.jpg,OBJ048,47,test
OBJ048_048.jpg,OBJ048,47,train
OBJ048_049.jpg,OBJ048,47,train
OBJ048_050.jpg,OBJ048,47,train
OBJ048_051.jpg,OBJ048,47,train
OBJ048_052.jpg,OBJ048,47,train
OBJ048_053.jpg,OBJ048,47,train
OBJ048_054.jpg,OBJ048,47,train
OBJ048_055.jpg,OBJ048,47,train
OBJ048_056.jpg,OBJ048,47,train
OBJ048_057.jpg,OBJ048,47,train
OBJ048_058.jpg,OBJ048,47,train
OBJ048_059.jpg,OBJ048,47,train
OBJ048_060.jpg,OBJ048,47,train
OBJ048_061.jpg,OBJ048,47,train
OBJ048_062.jpg,OBJ048,47,test
OBJ048_063.jpg,OBJ048,47,train
OBJ048_064.jpg,OBJ048,47,train
OBJ048_065.jpg,OBJ048,47,train
OBJ048_066.jpg,OBJ048,47,train
OBJ048_067.jpg,OBJ048,47,val
OBJ048_068.jpg,OBJ048,47,train
OBJ048_069.jpg,OBJ048,47,train
OBJ048_070.jpg,OBJ048,47,train
OBJ048_071.jpg,OBJ048,47,train
OBJ048_072.jpg,OBJ048,47,val
OBJ048_073.jpg,OBJ048,47,test
OBJ048_074.jpg,OBJ048,47,train
OBJ048_075.jpg,OBJ048,47,train
OBJ048_076.jpg,OBJ048,47,train
OBJ048_077.jpg,OBJ048,47,val
OBJ048_078.jpg,OBJ048,47,val
OBJ048_079.jpg,OBJ048,47,train
OBJ048_080.jpg,OBJ048,47,val
OBJ048_081.jpg,OBJ048,47,test
OBJ048_082.jpg,OBJ048,47,val
OBJ048_083.jpg,OBJ048,47,train
OBJ048_084.jpg,OBJ048,47,train
OBJ048_085.jpg,OBJ048,47,train
OBJ048_086.jpg,OBJ048,47,train
OBJ048_087.jpg,OBJ048,47,test
OBJ048_088.jpg,OBJ048,47,train
OBJ048_089.jpg,OBJ048,47,train
OBJ048_090.jpg,OBJ048,47,train
OBJ048_091.jpg,OBJ048,47,train
OBJ048_092.jpg,OBJ048,47,val
OBJ048_093.jpg,OBJ048,47,train
OBJ048_094.jpg,OBJ048,47,test
OBJ048_095.jpg,OBJ048,47,train
OBJ049_001.jpg,OBJ049,48,train
OBJ049_002.jpg,OBJ049,48,train
OBJ049_003.jpg,OBJ049,48,val
OBJ049_004.jpg,OBJ049,48,val
OBJ049_005.jpg,OBJ049,48,train
OBJ049_006.jpg,OBJ049,48,val
OBJ049_007.jpg,OBJ049,48,train
OBJ049_008.jpg,OBJ049,48,val
OBJ049_009.jpg,OBJ049,48,train
OBJ049_010.jpg,OBJ049,48,train
OBJ049_011.jpg,OBJ049,48,train
OBJ049_012.jpg,OBJ049,48,train
OBJ049_013.jpg,OBJ049,48,train
OBJ049_014.jpg,OBJ049,48,train
OBJ049_015.jpg,OBJ049,48,train
OBJ049_016.jpg,OBJ049,48,train
OBJ049_017.jpg,OBJ049,48,train
OBJ049_018.jpg,OBJ049,48,train
OBJ049_019.jpg,OBJ049,48,train
OBJ049_020.jpg,OBJ049,48,val
OBJ049_021.jpg,OBJ049,48,train
OBJ049_022.jpg,OBJ049,48,val
OBJ049_023.jpg,OBJ049,48,train
OBJ049_024.jpg,OBJ049,48,train
OBJ049_025.jpg,OBJ049,48,train
OBJ049_026.jpg,OBJ049,48,train
OBJ049_027.jpg,OBJ049,48,train
OBJ049_028.jpg,OBJ049,48,train
OBJ049_029.jpg,OBJ049,48,train
OBJ049_030.jpg,OBJ049,48,train
OBJ049_031.jpg,OBJ049,48,train
OBJ049_032.jpg,OBJ049,48,train
OBJ049_033.jpg,OBJ049,48,train
OBJ049_034.jpg,OBJ049,48,train
OBJ049_035.jpg,OBJ049,48,train
OBJ049_036.jpg,OBJ049,48,test
OBJ049_037.jpg,OBJ049,48,train
OBJ049_038.jpg,OBJ049,48,train
OBJ049_039.jpg,OBJ049,48,train
OBJ049_040.jpg,OBJ049,48,test
OBJ049_041.jpg,OBJ049,48,train
OBJ049_042.jpg,OBJ049,48,train
OBJ049_043.jpg,OBJ049,48,train
OBJ049_044.jpg,OBJ049,48,train
OBJ049_045.jpg,OBJ049,48,val
OBJ049_046.jpg,OBJ049,48,train
OBJ049_047.jpg,OBJ049,48,train
OBJ049_048.jpg,OBJ049,48,test
OBJ049_049.jpg,OBJ049,48,test
OBJ049_050.jpg,OBJ049,48,train
OBJ049_051.jpg,OBJ049,48,train
OBJ049_052.jpg,OBJ049,48,train
OBJ049_053.jpg,OBJ049,48,train
OBJ049_054.jpg,OBJ049,48,test
OBJ049_055.jpg,OBJ049,48,test
OBJ049_056.jpg,OBJ049,48,train
OBJ049_057.jpg,OBJ049,48,test
OBJ049_058.jpg,OBJ049,48,train
OBJ049_059.jpg,OBJ049,48,val
OBJ049_060.jpg,OBJ049,48,test
OBJ049_061.jpg,OBJ049,48,train
OBJ049_062.jpg,OBJ049,48,val
OBJ049_063.jpg,OBJ049,48,train
OBJ049_064.jpg,OBJ049,48,test
OBJ049_065.jpg,OBJ049,48,train
OBJ049_066.jpg,OBJ049,48,val
OBJ049_067.jpg,OBJ049,48,test
OBJ049_068.jpg,OBJ049,48,train
OBJ049_069.jpg,OBJ049,48,train
OBJ049_070.jpg,OBJ049,48,train
OBJ049_071.jpg,OBJ049,48,train
OBJ049_072.jpg,OBJ049,48,train
OBJ049_073.jpg,OBJ049,48,train
OBJ049_074.jpg,OBJ049,48,train
OBJ049_075.jpg,OBJ049,48,train
OBJ049_076.jpg,OBJ049,48,val
OBJ049_077.jpg,OBJ049,48,test
OBJ049_078.jpg,OBJ049,48,train
OBJ049_079.jpg,OBJ049,48,val
OBJ049_080.jpg,OBJ049,48,val
OBJ049_081.jpg,OBJ049,48,train
OBJ049_082.jpg,OBJ049,48,test
OBJ049_083.jpg,OBJ049,48,train
OBJ049_084.jpg,OBJ049,48,train
OBJ049_085.jpg,OBJ049,48,train
OBJ049_086.jpg,OBJ049,48,train
OBJ049_087.jpg,OBJ049,48,test
OBJ049_088.jpg,OBJ049,48,train
OBJ049_089.jpg,OBJ049,48,train
OBJ049_090.jpg,OBJ049,48,val
OBJ049_091.jpg,OBJ049,48,train
OBJ049_092.jpg,OBJ049,48,test
OBJ049_093.jpg,OBJ049,48,train
OBJ049_094.jpg,OBJ049,48,train
OBJ049_095.jpg,OBJ049,48,train
OBJ049_096.jpg,OBJ049,48,val
OBJ049_097.jpg,OBJ049,48,train
OBJ049_098.jpg,OBJ049,48,test
OBJ049_099.jpg,OBJ049,48,train
OBJ050_001.jpg,OBJ050,49,val
OBJ050_002.jpg,OBJ050,49,train
OBJ050_003.jpg,OBJ050,49,train
OBJ050_004.jpg,OBJ050,49,test
OBJ050_005.jpg,OBJ050,49,train
OBJ050_006.jpg,OBJ050,49,train
OBJ050_007.jpg,OBJ050,49,test
OBJ050_008.jpg,OBJ050,49,test
OBJ050_009.jpg,OBJ050,49,train
OBJ050_010.jpg,OBJ050,49,train
OBJ050_011.jpg,OBJ050,49,train
OBJ050_012.jpg,OBJ050,49,train
OBJ050_013.jpg,OBJ050,49,test
OBJ050_014.jpg,OBJ050,49,train
OBJ050_015.jpg,OBJ050,49,train
OBJ050_016.jpg,OBJ050,49,train
OBJ050_017.jpg,OBJ050,49,train
OBJ050_018.jpg,OBJ050,49,test
OBJ050_019.jpg,OBJ050,49,train
OBJ050_020.jpg,OBJ050,49,train
OBJ050_021.jpg,OBJ050,49,val
OBJ050_022.jpg,OBJ050,49,test
OBJ050_023.jpg,OBJ050,49,val
OBJ050_024.jpg,OBJ050,49,train
OBJ050_025.jpg,OBJ050,49,train
OBJ050_026.jpg,OBJ050,49,train
OBJ050_027.jpg,OBJ050,49,val
OBJ050_028.jpg,OBJ050,49,val
OBJ050_029.jpg,OBJ050,49,train
OBJ050_030.jpg,OBJ050,49,train
OBJ050_031.jpg,OBJ050,49,train
OBJ050_032.jpg,OBJ050,49,train
OBJ050_033.jpg,OBJ050,49,test
OBJ050_034.jpg,OBJ050,49,train
OBJ050_035.jpg,OBJ050,49,train
OBJ050_036.jpg,OBJ050,49,train
OBJ050_037.jpg,OBJ050,49,val
OBJ050_038.jpg,OBJ050,49,val
OBJ050_039.jpg,OBJ050,49,train
OBJ050_040.jpg,OBJ050,49,train
OBJ050_041.jpg,OBJ050,49,train
OBJ050_042.jpg,OBJ050,49,train
OBJ050_043.jpg,OBJ050,49,train
OBJ050_044.jpg,OBJ050,49,train
OBJ050_045.jpg,OBJ050,49,test
OBJ050_046.jpg,OBJ050,49,train
OBJ050_047.jpg,OBJ050,49,train
OBJ050_048.jpg,OBJ050,49,train
OBJ050_049.jpg,OBJ050,49,train
OBJ050_050.jpg,OBJ050,49,train
OBJ050_051.jpg,OBJ050,49,train
OBJ050_052.jpg,OBJ050,49,train
OBJ050_053.jpg,OBJ050,49,val
OBJ050_054.jpg,OBJ050,49,train
OBJ050_055.jpg,OBJ050,49,train
OBJ050_056.jpg,OBJ050,49,train
OBJ050_057.jpg,OBJ050,49,train
OBJ050_058.jpg,OBJ050,49,train
OBJ050_059.jpg,OBJ050,49,train
OBJ050_060.jpg,OBJ050,49,train
OBJ050_061.jpg,OBJ050,49,test
OBJ050_062.jpg,OBJ050,49,val
OBJ050_063.jpg,OBJ050,49,test
OBJ050_064.jpg,OBJ050,49,train
OBJ050_065.jpg,OBJ050,49,train
OBJ050_066.jpg,OBJ050,49,train
OBJ050_067.jpg,OBJ050,49,val
OBJ050_068.jpg,OBJ050,49,train
OBJ050_069.jpg,OBJ050,49,train
OBJ050_070.jpg,OBJ050,49,val
OBJ050_071.jpg,OBJ050,49,train
OBJ050_072.jpg,OBJ050,49,train
OBJ050_073.jpg,OBJ050,49,train
OBJ050_074.jpg,OBJ050,49,test
OBJ050_075.jpg,OBJ050,49,train
OBJ050_076.jpg,OBJ050,49,train
OBJ050_077.jpg,OBJ050,49,train
OBJ050_078.jpg,OBJ050,49,train
OBJ050_079.jpg,OBJ050,49,train
OBJ050_080.jpg,OBJ050,49,val
OBJ050_081.jpg,OBJ050,49,train
OBJ050_082.jpg,OBJ050,49,train
OBJ050_083.jpg,OBJ050,49,train
OBJ050_084.jpg,OBJ050,49,test
OBJ050_085.jpg,OBJ050,49,val
OBJ050_086.jpg,OBJ050,49,train
OBJ050_087.jpg,OBJ050,49,test
OBJ050_088.jpg,OBJ050,49,train
OBJ050_089.jpg,OBJ050,49,train
OBJ050_090.jpg,OBJ050,49,train
OBJ050_091.jpg,OBJ050,49,val
OBJ050_092.jpg,OBJ050,49,val
OBJ050_093.jpg,OBJ050,49,train
OBJ050_094.jpg,OBJ050,49,test
OBJ050_095.jpg,OBJ050,49,train
OBJ051_001.jpg,OBJ051,50,train
OBJ051_002.jpg,OBJ051,50,train
OBJ051_003.jpg,OBJ051,50,train
OBJ051_004.jpg,OBJ051,50,test
OBJ051_005.jpg,OBJ051,50,test
OBJ051_006.jpg,OBJ051,50,train
OBJ051_007.jpg,OBJ051,50,train
OBJ051_008.jpg,OBJ051,50,train
OBJ051_009.jpg,OBJ051,50,train
OBJ051_010.jpg,OBJ051,50,train
OBJ051_011.jpg,OBJ051,50,val
OBJ051_012.jpg,OBJ051,50,val
OBJ051_013.jpg,OBJ051,50,train
OBJ051_014.jpg,OBJ051,50,test
OBJ051_015.jpg,OBJ051,50,train
OBJ051_016.jpg,OBJ051,50,train
OBJ051_017.jpg,OBJ051,50,train
OBJ051_018.jpg,OBJ051,50,train
OBJ051_019.jpg,OBJ051,50,val
OBJ051_020.jpg,OBJ051,50,test
OBJ051_021.jpg,OBJ051,50,val
OBJ051_022.jpg,OBJ051,50,train
OBJ051_023.jpg,OBJ051,50,train
OBJ051_024.jpg,OBJ051,50,test
OBJ051_025.jpg,OBJ051,50,test
OBJ051_026.jpg,OBJ051,50,train
OBJ051_027.jpg,OBJ051,50,train
OBJ051_028.jpg,OBJ051,50,val
OBJ051_029.jpg,OBJ051,50,train
OBJ051_030.jpg,OBJ051,50,train
OBJ051_031.jpg,OBJ051,50,train
OBJ051_032.jpg,OBJ051,50,val
OBJ051_033.jpg,OBJ051,50,train
OBJ051_034.jpg,OBJ051,50,train
OBJ051_035.jpg,OBJ051,50,train
OBJ051_036.jpg,OBJ051,50,train
OBJ051_037.jpg,OBJ051,50,train
OBJ051_038.jpg,OBJ051,50,val
OBJ051_039.jpg,OBJ051,50,train
OBJ051_040.jpg,OBJ051,50,train
OBJ051_041.jpg,OBJ051,50,train
OBJ051_042.jpg,OBJ051,50,val
OBJ051_043.jpg,OBJ051,50,val
OBJ051_044.jpg,OBJ051,50,train
OBJ051_045.jpg,OBJ051,50,train
OBJ051_046.jpg,OBJ051,50,train
OBJ051_047.jpg,OBJ051,50,train
OBJ051_048.jpg,OBJ051,50,val
OBJ051_049.jpg,OBJ051,50,train
OBJ051_050.jpg,OBJ051,50,val
OBJ051_051.jpg,OBJ051,50,test
OBJ051_052.jpg,OBJ051,50,train
OBJ051_053.jpg,OBJ051,50,train
OBJ051_054.jpg,OBJ051,50,train
OBJ051_055.jpg,OBJ051,50,test
OBJ051_056.jpg,OBJ051,50,train
OBJ051_057.jpg,OBJ051,50,train
OBJ051_058.jpg,OBJ051,50,train
OBJ051_059.jpg,OBJ051,50,val
OBJ051_060.jpg,OBJ051,50,train
OBJ051_061.jpg,OBJ051,50,val
OBJ051_062.jpg,OBJ051,50,train
OBJ051_063.jpg,OBJ051,50,val
OBJ051_064.jpg,OBJ051,50,train
OBJ051_065.jpg,OBJ051,50,train
OBJ051_066.jpg,OBJ051,50,test
OBJ051_067.jpg,OBJ051,50,train
OBJ051_068.jpg,OBJ051,50,train
OBJ051_069.jpg,OBJ051,50,val
OBJ051_070.jpg,OBJ051,50,train
OBJ051_071.jpg,OBJ051,50,train
OBJ051_072.jpg,OBJ051,50,train
OBJ051_073.jpg,OBJ051,50,train
OBJ051_074.jpg,OBJ051,50,val
OBJ051_075.jpg,OBJ051,50,test
OBJ051_076.jpg,OBJ051,50,train
OBJ051_077.jpg,OBJ051,50,train
OBJ051_078.jpg,OBJ051,50,train
OBJ051_079.jpg,OBJ051,50,train
OBJ051_080.jpg,OBJ051,50,train
OBJ051_081.jpg,OBJ051,50,train
OBJ051_082.jpg,OBJ051,50,train
OBJ051_083.jpg,OBJ051,50,test
OBJ051_084.jpg,OBJ051,50,train
OBJ051_085.jpg,OBJ051,50,train
OBJ051_086.jpg,OBJ051,50,train
OBJ051_087.jpg,OBJ051,50,test
OBJ051_088.jpg,OBJ051,50,train
OBJ051_089.jpg,OBJ051,50,train
OBJ051_090.jpg,OBJ051,50,train
OBJ051_091.jpg,OBJ051,50,train
OBJ051_092.jpg,OBJ051,50,train
OBJ051_093.jpg,OBJ051,50,test
OBJ051_094.jpg,OBJ051,50,train
OBJ051_095.jpg,OBJ051,50,train
OBJ051_096.jpg,OBJ051,50,train
OBJ051_097.jpg,OBJ051,50,train
OBJ051_098.jpg,OBJ051,50,train
OBJ051_099.jpg,OBJ051,50,test
OBJ051_100.jpg,OBJ051,50,train
OBJ051_101.jpg,OBJ051,50,test
OBJ051_102.jpg,OBJ051,50,train
OBJ051_103.jpg,OBJ051,50,train
OBJ051_104.jpg,OBJ051,50,test
OBJ051_105.jpg,OBJ051,50,train
OBJ052_001.jpg,OBJ052,51,train
OBJ052_002.jpg,OBJ052,51,train
OBJ052_003.jpg,OBJ052,51,val
OBJ052_004.jpg,OBJ052,51,train
OBJ052_005.jpg,OBJ052,51,train
OBJ052_006.jpg,OBJ052,51,train
OBJ052_007.jpg,OBJ052,51,train
OBJ052_008.jpg,OBJ052,51,test
OBJ052_009.jpg,OBJ052,51,train
OBJ052_010.jpg,OBJ052,51,test
OBJ052_011.jpg,OBJ052,51,val
OBJ052_012.jpg,OBJ052,51,val
OBJ052_013.jpg,OBJ052,51,train
OBJ052_014.jpg,OBJ052,51,train
OBJ052_015.jpg,OBJ052,51,test
OBJ052_016.jpg,OBJ052,51,train
OBJ052_017.jpg,OBJ052,51,test
OBJ052_018.jpg,OBJ052,51,train
OBJ052_019.jpg,OBJ052,51,test
OBJ052_020.jpg,OBJ052,51,val
OBJ052_021.jpg,OBJ052,51,train
OBJ052_022.jpg,OBJ052,51,train
OBJ052_023.jpg,OBJ052,51,train
OBJ052_024.jpg,OBJ052,51,train
OBJ052_025.jpg,OBJ052,51,train
OBJ052_026.jpg,OBJ052,51,train
OBJ052_027.jpg,OBJ052,51,train
OBJ052_028.jpg,OBJ052,51,train
OBJ052_029.jpg,OBJ052,51,val
OBJ052_030.jpg,OBJ052,51,train
OBJ052_031.jpg,OBJ052,51,train
OBJ052_032.jpg,OBJ052,51,test
OBJ052_033.jpg,OBJ052,51,train
OBJ052_034.jpg,OBJ052,51,val
OBJ052_035.jpg,OBJ052,51,train
OBJ052_036.jpg,OBJ052,51,train
OBJ052_037.jpg,OBJ052,51,val
OBJ052_038.jpg,OBJ052,51,train
OBJ052_039.jpg,OBJ052,51,train
OBJ052_040.jpg,OBJ052,51,val
OBJ052_041.jpg,OBJ052,51,train
OBJ052_042.jpg,OBJ052,51,test
OBJ052_043.jpg,OBJ052,51,train
OBJ052_044.jpg,OBJ052,51,train
OBJ052_045.jpg,OBJ052,51,train
OBJ052_046.jpg,OBJ052,51,train
OBJ052_047.jpg,OBJ052,51,train
OBJ052_048.jpg,OBJ052,51,train
OBJ052_049.jpg,OBJ052,51,test
OBJ052_050.jpg,OBJ052,51,val
OBJ052_051.jpg,OBJ052,51,train
OBJ052_052.jpg,OBJ052,51,test
OBJ052_053.jpg,OBJ052,51,test
OBJ052_054.jpg,OBJ052,51,train
OBJ052_055.jpg,OBJ052,51,train
OBJ052_056.jpg,OBJ052,51,val
OBJ052_057.jpg,OBJ052,51,test
OBJ052_058.jpg,OBJ052,51,test
OBJ052_059.jpg,OBJ052,51,train
OBJ052_060.jpg,OBJ052,51,train
OBJ052_061.jpg,OBJ052,51,train
OBJ052_062.jpg,OBJ052,51,train
OBJ052_063.jpg,OBJ052,51,train
OBJ052_064.jpg,OBJ052,51,val
OBJ052_065.jpg,OBJ052,51,train
OBJ052_066.jpg,OBJ052,51,train
OBJ052_067.jpg,OBJ052,51,train
OBJ052_068.jpg,OBJ052,51,train
OBJ052_069.jpg,OBJ052,51,test
OBJ052_070.jpg,OBJ052,51,train
OBJ052_071.jpg,OBJ052,51,test
OBJ052_072.jpg,OBJ052,51,train
OBJ052_073.jpg,OBJ052,51,train
OBJ052_074.jpg,OBJ052,51,train
OBJ052_075.jpg,OBJ052,51,train
OBJ052_076.jpg,OBJ052,51,train
OBJ052_077.jpg,OBJ052,51,train
OBJ052_078.jpg,OBJ052,51,train
OBJ052_079.jpg,OBJ052,51,test
OBJ052_080.jpg,OBJ052,51,train
OBJ052_081.jpg,OBJ052,51,val
OBJ052_082.jpg,OBJ052,51,train
OBJ052_083.jpg,OBJ052,51,train
OBJ052_084.jpg,OBJ052,51,train
OBJ052_085.jpg,OBJ052,51,train
OBJ052_086.jpg,OBJ052,51,train
OBJ052_087.jpg,OBJ052,51,train
OBJ052_088.jpg,OBJ052,51,train
OBJ052_089.jpg,OBJ052,51,train
OBJ052_090.jpg,OBJ052,51,train
OBJ052_091.jpg,OBJ052,51,val
OBJ052_092.jpg,OBJ052,51,train
OBJ052_093.jpg,OBJ052,51,train
OBJ052_094.jpg,OBJ052,51,train
OBJ052_095.jpg,OBJ052,51,val
OBJ053_001.jpg,OBJ053,52,train
OBJ053_002.jpg,OBJ053,52,train
OBJ053_003.jpg,OBJ053,52,train
OBJ053_004.jpg,OBJ053,52,val
OBJ053_005.jpg,OBJ053,52,train
OBJ053_006.jpg,OBJ053,52,test
OBJ053_007.jpg,OBJ053,52,train
OBJ053_008.jpg,OBJ053,52,train
OBJ053_009.jpg,OBJ053,52,train
OBJ053_010.jpg,OBJ053,52,train
OBJ053_011.jpg,OBJ053,52,train
OBJ053_012.jpg,OBJ053,52,train
OBJ053_013.jpg,OBJ053,52,val
OBJ053_014.jpg,OBJ053,52,test
OBJ053_015.jpg,OBJ053,52,train
OBJ053_016.jpg,OBJ053,52,test
OBJ053_017.jpg,OBJ053,52,train
OBJ053_018.jpg,OBJ053,52,val
OBJ053_019.jpg,OBJ053,52,train
OBJ053_020.jpg,OBJ053,52,train
OBJ053_021.jpg,OBJ053,52,train
OBJ053_022.jpg,OBJ053,52,train
OBJ053_023.jpg,OBJ053,52,train
OBJ053_024.jpg,OBJ053,52,train
OBJ053_025.jpg,OBJ053,52,val
OBJ053_026.jpg,OBJ053,52,train
OBJ053_027.jpg,OBJ053,52,train
OBJ053_028.jpg,OBJ053,52,train
OBJ053_029.jpg,OBJ053,52,train
OBJ053_030.jpg,OBJ053,52,train
OBJ053_031.jpg,OBJ053,52,train
OBJ053_032.jpg,OBJ053,52,test
OBJ053_033.jpg,OBJ053,52,train
OBJ053_034.jpg,OBJ053,52,train
OBJ053_035.jpg,OBJ053,52,train
OBJ053_036.jpg,OBJ053,52,train
OBJ053_037.jpg,OBJ053,52,train
OBJ053_038.jpg,OBJ053,52,test
OBJ053_039.jpg,OBJ053,52,val
OBJ053_040.jpg,OBJ053,52,train
OBJ053_041.jpg,OBJ053,52,train
OBJ053_042.jpg,OBJ053,52,train
OBJ053_043.jpg,OBJ053,52,train
OBJ053_044.jpg,OBJ053,52,test
OBJ053_045.jpg,OBJ053,52,train
OBJ053_046.jpg,OBJ053,52,train
OBJ053_047.jpg,OBJ053,52,train
OBJ053_048.jpg,OBJ053,52,val
OBJ053_049.jpg,OBJ053,52,train
OBJ053_050.jpg,OBJ053,52,train
OBJ053_051.jpg,OBJ053,52,train
OBJ053_052.jpg,OBJ053,52,train
OBJ053_053.jpg,OBJ053,52,train
OBJ053_054.jpg,OBJ053,52,test
OBJ053_055.jpg,OBJ053,52,val
OBJ053_056.jpg,OBJ053,52,train
OBJ053_057.jpg,OBJ053,52,train
OBJ053_058.jpg,OBJ053,52,train
OBJ053_059.jpg,OBJ053,52,val
OBJ053_060.jpg,OBJ053,52,val
OBJ053_061.jpg,OBJ053,52,train
OBJ053_062.jpg,OBJ053,52,test
OBJ053_063.jpg,OBJ053,52,val
OBJ053_064.jpg,OBJ053,52,train
OBJ053_065.jpg,OBJ053,52,train
OBJ053_066.jpg,OBJ053,52,train
OBJ053_067.jpg,OBJ053,52,train
OBJ053_068.jpg,OBJ053,52,val
OBJ053_069.jpg,OBJ053,52,train
OBJ053_070.jpg,OBJ053,52,train
OBJ053_071.jpg,OBJ053,52,val
OBJ053_072.jpg,OBJ053,52,train
OBJ053_073.jpg,OBJ053,52,test
OBJ053_074.jpg,OBJ053,52,train
OBJ053_075.jpg,OBJ053,52,train
OBJ053_076.jpg,OBJ053,52,val
OBJ053_077.jpg,OBJ053,52,train
OBJ053_078.jpg,OBJ053,52,val
OBJ053_079.jpg,OBJ053,52,train
OBJ053_080.jpg,OBJ053,52,train
OBJ053_081.jpg,OBJ053,52,train
OBJ053_082.jpg,OBJ053,52,train
OBJ053_083.jpg,OBJ053,52,test
OBJ053_084.jpg,OBJ053,52,test
OBJ053_085.jpg,OBJ053,52,train
OBJ053_086.jpg,OBJ053,52,test
OBJ053_087.jpg,OBJ053,52,train
OBJ053_088.jpg,OBJ053,52,test
OBJ053_089.jpg,OBJ053,52,train
OBJ053_090.jpg,OBJ053,52,train
OBJ054_001.jpg,OBJ054,53,test
OBJ054_002.jpg,OBJ054,53,val
OBJ054_003.jpg,OBJ054,53,train
OBJ054_004.jpg,OBJ054,53,train
OBJ054_005.jpg,OBJ054,53,train
OBJ054_006.jpg,OBJ054,53,train
OBJ054_007.jpg,OBJ054,53,train
OBJ054_008.jpg,OBJ054,53,train
OBJ054_009.jpg,OBJ054,53,test
OBJ054_010.jpg,OBJ054,53,train
OBJ054_011.jpg,OBJ054,53,train
OBJ054_012.jpg,OBJ054,53,train
OBJ054_013.jpg,OBJ054,53,test
OBJ054_014.jpg,OBJ054,53,train
OBJ054_015.jpg,OBJ054,53,test
OBJ054_016.jpg,OBJ054,53,val
OBJ054_017.jpg,OBJ054,53,test
OBJ054_018.jpg,OBJ054,53,train
OBJ054_019.jpg,OBJ054,53,train
OBJ054_020.jpg,OBJ054,53,train
OBJ054_021.jpg,OBJ054,53,val
OBJ054_022.jpg,OBJ054,53,train
OBJ054_023.jpg,OBJ054,53,train
OBJ054_024.jpg,OBJ054,53,train
OBJ054_025.jpg,OBJ054,53,train
OBJ054_026.jpg,OBJ054,53,train
OBJ054_027.jpg,OBJ054,53,train
OBJ054_028.jpg,OBJ054,53,test
OBJ054_029.jpg,OBJ054,53,train
OBJ054_030.jpg,OBJ054,53,test
OBJ054_031.jpg,OBJ054,53,train
OBJ054_032.jpg,OBJ054,53,train
OBJ054_033.jpg,OBJ054,53,val
OBJ054_034.jpg,OBJ054,53,train
OBJ054_035.jpg,OBJ054,53,train
OBJ054_036.jpg,OBJ054,53,train
OBJ054_037.jpg,OBJ054,53,train
OBJ054_038.jpg,OBJ054,53,train
OBJ054_039.jpg,OBJ054,53,train
OBJ054_040.jpg,OBJ054,53,val
OBJ054_041.jpg,OBJ054,53,train
OBJ054_042.jpg,OBJ054,53,train
OBJ054_043.jpg,OBJ054,53,val
OBJ054_044.jpg,OBJ054,53,train
OBJ054_045.jpg,OBJ054,53,train
OBJ054_046.jpg,OBJ054,53,train
OBJ054_047.jpg,OBJ054,53,train
OBJ054_048.jpg,OBJ054,53,train
OBJ054_049.jpg,OBJ054,53,train
OBJ054_050.jpg,OBJ054,53,train
OBJ054_051.jpg,OBJ054,53,train
OBJ054_052.jpg,OBJ054,53,test
OBJ054_053.jpg,OBJ054,53,test
OBJ054_054.jpg,OBJ054,53,test
OBJ054_055.jpg,OBJ054,53,test
OBJ054_056.jpg,OBJ054,53,train
OBJ054_057.jpg,OBJ054,53,val
OBJ054_058.jpg,OBJ054,53,train
OBJ054_059.jpg,OBJ054,53,train
OBJ054_060.jpg,OBJ054,53,train
OBJ054_061.jpg,OBJ054,53,test
OBJ054_062.jpg,OBJ054,53,train
OBJ054_063.jpg,OBJ054,53,train
OBJ054_064.jpg,OBJ054,53,train
OBJ054_065.jpg,OBJ054,53,train
OBJ054_066.jpg,OBJ054,53,train
OBJ054_067.jpg,OBJ054,53,train
OBJ054_068.jpg,OBJ054,53,train
OBJ054_069.jpg,OBJ054,53,train
OBJ054_070.jpg,OBJ054,53,train
OBJ054_071.jpg,OBJ054,53,train
OBJ054_072.jpg,OBJ054,53,train
OBJ054_073.jpg,OBJ054,53,test
OBJ054_074.jpg,OBJ054,53,val
OBJ054_075.jpg,OBJ054,53,train
OBJ054_076.jpg,OBJ054,53,val
OBJ054_077.jpg,OBJ054,53,val
OBJ054_078.jpg,OBJ054,53,train
OBJ054_079.jpg,OBJ054,53,train
OBJ054_080.jpg,OBJ054,53,train
OBJ054_081.jpg,OBJ054,53,test
OBJ054_082.jpg,OBJ054,53,val
OBJ054_083.jpg,OBJ054,53,train
OBJ054_084.jpg,OBJ054,53,train
OBJ054_085.jpg,OBJ054,53,train
OBJ054_086.jpg,OBJ054,53,train
OBJ054_087.jpg,OBJ054,53,val
OBJ054_088.jpg,OBJ054,53,test
OBJ054_089.jpg,OBJ054,53,val
OBJ054_090.jpg,OBJ054,53,val
OBJ054_091.jpg,OBJ054,53,train
OBJ054_092.jpg,OBJ054,53,train
OBJ054_093.jpg,OBJ054,53,train
OBJ054_094.jpg,OBJ054,53,train
OBJ054_095.jpg,OBJ054,53,train
OBJ055_001.jpg,OBJ055,54,test
OBJ055_002.jpg,OBJ055,54,train
OBJ055_003.jpg,OBJ055,54,train
OBJ055_004.jpg,OBJ055,54,test
OBJ055_005.jpg,OBJ055,54,train
OBJ055_006.jpg,OBJ055,54,train
OBJ055_007.jpg,OBJ055,54,train
OBJ055_008.jpg,OBJ055,54,train
OBJ055_009.jpg,OBJ055,54,val
OBJ055_010.jpg,OBJ055,54,test
OBJ055_011.jpg,OBJ055,54,train
OBJ055_012.jpg,OBJ055,54,train
OBJ055_013.jpg,OBJ055,54,train
OBJ055_014.jpg,OBJ055,54,test
OBJ055_015.jpg,OBJ055,54,train
OBJ055_016.jpg,OBJ055,54,val
OBJ055_017.jpg,OBJ055,54,train
OBJ055_018.jpg,OBJ055,54,train
OBJ055_019.jpg,OBJ055,54,train
OBJ055_020.jpg,OBJ055,54,test
OBJ055_021.jpg,OBJ055,54,train
OBJ055_022.jpg,OBJ055,54,train
OBJ055_023.jpg,OBJ055,54,train
OBJ055_024.jpg,OBJ055,54,val
OBJ055_025.jpg,OBJ055,54,test
OBJ055_026.jpg,OBJ055,54,val
OBJ055_027.jpg,OBJ055,54,val
OBJ055_028.jpg,OBJ055,54,test
OBJ055_029.jpg,OBJ055,54,train
OBJ055_030.jpg,OBJ055,54,train
OBJ055_031.jpg,OBJ055,54,test
OBJ055_032.jpg,OBJ055,54,train
OBJ055_033.jpg,OBJ055,54,train
OBJ055_034.jpg,OBJ055,54,test
OBJ055_035.jpg,OBJ055,54,train
OBJ055_036.jpg,OBJ055,54,train
OBJ055_037.jpg,OBJ055,54,train
OBJ055_038.jpg,OBJ055,54,val
OBJ055_039.jpg,OBJ055,54,train
OBJ055_040.jpg,OBJ055,54,test
OBJ055_041.jpg,OBJ055,54,train
OBJ055_042.jpg,OBJ055,54,val
OBJ055_043.jpg,OBJ055,54,train
OBJ055_044.jpg,OBJ055,54,train
OBJ055_045.jpg,OBJ055,54,train
OBJ055_046.jpg,OBJ055,54,train
OBJ055_047.jpg,OBJ055,54,train
OBJ055_048.jpg,OBJ055,54,val
OBJ055_049.jpg,OBJ055,54,train
OBJ055_050.jpg,OBJ055,54,train
OBJ055_051.jpg,OBJ055,54,train
OBJ055_052.jpg,OBJ055,54,train
OBJ055_053.jpg,OBJ055,54,train
OBJ055_054.jpg,OBJ055,54,train
OBJ055_055.jpg,OBJ055,54,train
OBJ055_056.jpg,OBJ055,54,test
OBJ055_057.jpg,OBJ055,54,train
OBJ055_058.jpg,OBJ055,54,train
OBJ055_059.jpg,OBJ055,54,train
OBJ055_060.jpg,OBJ055,54,train
OBJ055_061.jpg,OBJ055,54,train
OBJ055_062.jpg,OBJ055,54,train
OBJ055_063.jpg,OBJ055,54,test
OBJ055_064.jpg,OBJ055,54,val
OBJ055_065.jpg,OBJ055,54,train
OBJ055_066.jpg,OBJ055,54,train
OBJ055_067.jpg,OBJ055,54,test
OBJ055_068.jpg,OBJ055,54,train
OBJ055_069.jpg,OBJ055,54,train
OBJ055_070.jpg,OBJ055,54,train
OBJ055_071.jpg,OBJ055,54,train
OBJ055_072.jpg,OBJ055,54,val
OBJ055_073.jpg,OBJ055,54,test
OBJ055_074.jpg,OBJ055,54,train
OBJ055_075.jpg,OBJ055,54,train
OBJ055_076.jpg,OBJ055,54,val
OBJ055_077.jpg,OBJ055,54,train
OBJ055_078.jpg,OBJ055,54,train
OBJ055_079.jpg,OBJ055,54,train
OBJ055_080.jpg,OBJ055,54,val
OBJ055_081.jpg,OBJ055,54,train
OBJ055_082.jpg,OBJ055,54,val
OBJ055_083.jpg,OBJ055,54,train
OBJ055_084.jpg,OBJ055,54,train
OBJ055_085.jpg,OBJ055,54,train
OBJ055_086.jpg,OBJ055,54,train
OBJ055_087.jpg,OBJ055,54,val
OBJ055_088.jpg,OBJ055,54,train
OBJ055_089.jpg,OBJ055,54,train
OBJ055_090.jpg,OBJ055,54,train
OBJ055_091.jpg,OBJ055,54,train
OBJ055_092.jpg,OBJ055,54,train
OBJ055_093.jpg,OBJ055,54,train
OBJ055_094.jpg,OBJ055,54,train
OBJ055_095.jpg,OBJ055,54,val
OBJ056_001.jpg,OBJ056,55,train
OBJ056_002.jpg,OBJ056,55,test
OBJ056_003.jpg,OBJ056,55,train
OBJ056_004.jpg,OBJ056,55,train
OBJ056_005.jpg,OBJ056,55,test
OBJ056_006.jpg,OBJ056,55,train
OBJ056_007.jpg,OBJ056,55,train
OBJ056_008.jpg,OBJ056,55,train
OBJ056_009.jpg,OBJ056,55,train
OBJ056_010.jpg,OBJ056,55,train
OBJ056_011.jpg,OBJ056,55,test
OBJ056_012.jpg,OBJ056,55,train
OBJ056_013.jpg,OBJ056,55,train
OBJ056_014.jpg,OBJ056,55,train
OBJ056_015.jpg,OBJ056,55,train
OBJ056_016.jpg,OBJ056,55,train
OBJ056_017.jpg,OBJ056,55,train
OBJ056_018.jpg,OBJ056,55,train
OBJ056_019.jpg,OBJ056,55,train
OBJ056_020.jpg,OBJ056,55,train
OBJ056_021.jpg,OBJ056,55,train
OBJ056_022.jpg,OBJ056,55,train
OBJ056_023.jpg,OBJ056,55,train
OBJ056_024.jpg,OBJ056,55,train
OBJ056_025.jpg,OBJ056,55,train
OBJ056_026.jpg,OBJ056,55,train
OBJ056_027.jpg,OBJ056,55,train
OBJ056_028.jpg,OBJ056,55,train
OBJ056_029.jpg,OBJ056,55,train
OBJ056_030.jpg,OBJ056,55,val
OBJ056_031.jpg,OBJ056,55,train
OBJ056_032.jpg,OBJ056,55,train
OBJ056_033.jpg,OBJ056,55,train
OBJ056_034.jpg,OBJ056,55,train
OBJ056_035.jpg,OBJ056,55,train
OBJ056_036.jpg,OBJ056,55,train
OBJ056_037.jpg,OBJ056,55,val
OBJ056_038.jpg,OBJ056,55,train
OBJ056_039.jpg,OBJ056,55,val
OBJ056_040.jpg,OBJ056,55,train
OBJ056_041.jpg,OBJ056,55,train
OBJ056_042.jpg,OBJ056,55,train
OBJ056_043.jpg,OBJ056,55,train
OBJ056_044.jpg,OBJ056,55,train
OBJ056_045.jpg,OBJ056,55,train
OBJ056_046.jpg,OBJ056,55,train
OBJ056_047.jpg,OBJ056,55,train
OBJ056_048.jpg,OBJ056,55,train
OBJ056_049.jpg,OBJ056,55,train
OBJ056_050.jpg,OBJ056,55,train
OBJ056_051.jpg,OBJ056,55,test
OBJ056_052.jpg,OBJ056,55,train
OBJ056_053.jpg,OBJ056,55,test
OBJ056_054.jpg,OBJ056,55,val
OBJ056_055.jpg,OBJ056,55,test
OBJ056_056.jpg,OBJ056,55,test
OBJ056_057.jpg,OBJ056,55,train
OBJ056_058.jpg,OBJ056,55,val
OBJ056_059.jpg,OBJ056,55,test
OBJ056_060.jpg,OBJ056,55,val
OBJ056_061.jpg,OBJ056,55,val
OBJ056_062.jpg,OBJ056,55,train
OBJ056_063.jpg,OBJ056,55,test
OBJ056_064.jpg,OBJ056,55,val
OBJ056_065.jpg,OBJ056,55,val
OBJ056_066.jpg,OBJ056,55,train
OBJ056_067.jpg,OBJ056,55,train
OBJ056_068.jpg,OBJ056,55,train
OBJ056_069.jpg,OBJ056,55,val
OBJ056_070.jpg,OBJ056,55,train
OBJ056_071.jpg,OBJ056,55,train
OBJ056_072.jpg,OBJ056,55,test
OBJ056_073.jpg,OBJ056,55,val
OBJ056_074.jpg,OBJ056,55,train
OBJ056_075.jpg,OBJ056,55,test
OBJ056_076.jpg,OBJ056,55,val
OBJ056_077.jpg,OBJ056,55,train
OBJ056_078.jpg,OBJ056,55,train
OBJ056_079.jpg,OBJ056,55,train
OBJ056_080.jpg,OBJ056,55,train
OBJ056_081.jpg,OBJ056,55,train
OBJ056_082.jpg,OBJ056,55,train
OBJ056_083.jpg,OBJ056,55,train
OBJ056_084.jpg,OBJ056,55,train
OBJ056_085.jpg,OBJ056,55,train
OBJ056_086.jpg,OBJ056,55,val
OBJ056_087.jpg,OBJ056,55,test
OBJ056_088.jpg,OBJ056,55,train
OBJ056_089.jpg,OBJ056,55,train
OBJ056_090.jpg,OBJ056,55,train
OBJ056_091.jpg,OBJ056,55,train
OBJ056_092.jpg,OBJ056,55,test
OBJ056_093.jpg,OBJ056,55,val
OBJ056_094.jpg,OBJ056,55,train
OBJ056_095.jpg,OBJ056,55,test
OBJ057_001.jpg,OBJ057,56,train
OBJ057_002.jpg,OBJ057,56,train
OBJ057_003.jpg,OBJ057,56,train
OBJ057_004.jpg,OBJ057,56,train
OBJ057_005.jpg,OBJ057,56,train
OBJ057_006.jpg,OBJ057,56,train
OBJ057_007.jpg,OBJ057,56,train
OBJ057_008.jpg,OBJ057,56,train
OBJ057_009.jpg,OBJ057,56,train
OBJ057_010.jpg,OBJ057,56,train
OBJ057_011.jpg,OBJ057,56,train
OBJ057_012.jpg,OBJ057,56,train
OBJ057_013.jpg,OBJ057,56,val
OBJ057_014.jpg,OBJ057,56,test
OBJ057_015.jpg,OBJ057,56,train
OBJ057_016.jpg,OBJ057,56,val
OBJ057_017.jpg,OBJ057,56,test
OBJ057_018.jpg,OBJ057,56,train
OBJ057_019.jpg,OBJ057,56,test
OBJ057_020.jpg,OBJ057,56,val
OBJ057_021.jpg,OBJ057,56,train
OBJ057_022.jpg,OBJ057,56,train
OBJ057_023.jpg,OBJ057,56,train
OBJ057_024.jpg,OBJ057,56,test
OBJ057_025.jpg,OBJ057,56,train
OBJ057_026.jpg,OBJ057,56,train
OBJ057_027.jpg,OBJ057,56,train
OBJ057_028.jpg,OBJ057,56,train
OBJ057_029.jpg,OBJ057,56,train
OBJ057_030.jpg,OBJ057,56,train
OBJ057_031.jpg,OBJ057,56,train
OBJ057_032.jpg,OBJ057,56,test
OBJ057_033.jpg,OBJ057,56,train
OBJ057_034.jpg,OBJ057,56,train
OBJ057_035.jpg,OBJ057,56,test
OBJ057_036.jpg,OBJ057,56,test
OBJ057_037.jpg,OBJ057,56,val
OBJ057_038.jpg,OBJ057,56,train
OBJ057_039.jpg,OBJ057,56,train
OBJ057_040.jpg,OBJ057,56,val
OBJ057_041.jpg,OBJ057,56,train
OBJ057_042.jpg,OBJ057,56,train
OBJ057_043.jpg,OBJ057,56,train
OBJ057_044.jpg,OBJ057,56,test
OBJ057_045.jpg,OBJ057,56,train
OBJ057_046.jpg,OBJ057,56,train
OBJ057_047.jpg,OBJ057,56,train
OBJ057_048.jpg,OBJ057,56,test
OBJ057_049.jpg,OBJ057,56,train
OBJ057_050.jpg,OBJ057,56,test
OBJ057_051.jpg,OBJ057,56,train
OBJ057_052.jpg,OBJ057,56,train
OBJ057_053.jpg,OBJ057,56,train
OBJ057_054.jpg,OBJ057,56,train
OBJ057_055.jpg,OBJ057,56,train
OBJ057_056.jpg,OBJ057,56,train
OBJ057_057.jpg,OBJ057,56,train
OBJ057_058.jpg,OBJ057,56,val
OBJ057_059.jpg,OBJ057,56,test
OBJ057_060.jpg,OBJ057,56,train
OBJ057_061.jpg,OBJ057,56,val
OBJ057_062.jpg,OBJ057,56,test
OBJ057_063.jpg,OBJ057,56,val
OBJ057_064.jpg,OBJ057,56,train
OBJ057_065.jpg,OBJ057,56,val
OBJ057_066.jpg,OBJ057,56,train
OBJ057_067.jpg,OBJ057,56,train
OBJ057_068.jpg,OBJ057,56,val
OBJ057_069.jpg,OBJ057,56,train
OBJ057_070.jpg,OBJ057,56,val
OBJ057_071.jpg,OBJ057,56,val
OBJ057_072.jpg,OBJ057,56,train
OBJ057_073.jpg,OBJ057,56,train
OBJ057_074.jpg,OBJ057,56,train
OBJ057_075.jpg,OBJ057,56,train
OBJ057_076.jpg,OBJ057,56,train
OBJ057_077.jpg,OBJ057,56,train
OBJ057_078.jpg,OBJ057,56,train
OBJ057_079.jpg,OBJ057,56,train
OBJ057_080.jpg,OBJ057,56,train
OBJ057_081.jpg,OBJ057,56,test
OBJ057_082.jpg,OBJ057,56,train
OBJ057_083.jpg,OBJ057,56,train
OBJ057_084.jpg,OBJ057,56,train
OBJ057_085.jpg,OBJ057,56,train
OBJ057_086.jpg,OBJ057,56,train
OBJ057_087.jpg,OBJ057,56,test
OBJ057_088.jpg,OBJ057,56,train
OBJ057_089.jpg,OBJ057,56,train
OBJ057_090.jpg,OBJ057,56,train
OBJ057_091.jpg,OBJ057,56,val
OBJ057_092.jpg,OBJ057,56,train
OBJ057_093.jpg,OBJ057,56,test
OBJ057_094.jpg,OBJ057,56,train
OBJ057_095.jpg,OBJ057,56,val
OBJ058_001.jpg,OBJ058,57,train
OBJ058_002.jpg,OBJ058,57,train
OBJ058_003.jpg,OBJ058,57,test
OBJ058_004.jpg,OBJ058,57,train
OBJ058_005.jpg,OBJ058,57,train
OBJ058_006.jpg,OBJ058,57,train
OBJ058_007.jpg,OBJ058,57,train
OBJ058_008.jpg,OBJ058,57,train
OBJ058_009.jpg,OBJ058,57,test
OBJ058_010.jpg,OBJ058,57,train
OBJ058_011.jpg,OBJ058,57,val
OBJ058_012.jpg,OBJ058,57,train
OBJ058_013.jpg,OBJ058,57,train
OBJ058_014.jpg,OBJ058,57,test
OBJ058_015.jpg,OBJ058,57,train
OBJ058_016.jpg,OBJ058,57,train
OBJ058_017.jpg,OBJ058,57,train
OBJ058_018.jpg,OBJ058,57,val
OBJ058_019.jpg,OBJ058,57,train
OBJ058_020.jpg,OBJ058,57,train
OBJ058_021.jpg,OBJ058,57,train
OBJ058_022.jpg,OBJ058,57,test
OBJ058_023.jpg,OBJ058,57,val
OBJ058_024.jpg,OBJ058,57,train
OBJ058_025.jpg,OBJ058,57,test
OBJ058_026.jpg,OBJ058,57,train
OBJ058_027.jpg,OBJ058,57,train
OBJ058_028.jpg,OBJ058,57,val
OBJ058_029.jpg,OBJ058,57,train
OBJ058_030.jpg,OBJ058,57,val
OBJ058_031.jpg,OBJ058,57,train
OBJ058_032.jpg,OBJ058,57,val
OBJ058_033.jpg,OBJ058,57,train
OBJ058_034.jpg,OBJ058,57,train
OBJ058_035.jpg,OBJ058,57,test
OBJ058_036.jpg,OBJ058,57,train
OBJ058_037.jpg,OBJ058,57,train
OBJ058_038.jpg,OBJ058,57,train
OBJ058_039.jpg,OBJ058,57,train
OBJ058_040.jpg,OBJ058,57,train
OBJ058_041.jpg,OBJ058,57,val
OBJ058_042.jpg,OBJ058,57,train
OBJ058_043.jpg,OBJ058,57,train
OBJ058_044.jpg,OBJ058,57,train
OBJ058_045.jpg,OBJ058,57,train
OBJ058_046.jpg,OBJ058,57,train
OBJ058_047.jpg,OBJ058,57,val
OBJ058_048.jpg,OBJ058,57,train
OBJ058_049.jpg,OBJ058,57,train
OBJ058_050.jpg,OBJ058,57,train
OBJ058_051.jpg,OBJ058,57,train
OBJ058_052.jpg,OBJ058,57,train
OBJ058_053.jpg,OBJ058,57,train
OBJ058_054.jpg,OBJ058,57,train
OBJ058_055.jpg,OBJ058,57,train
OBJ058_056.jpg,OBJ058,57,train
OBJ058_057.jpg,OBJ058,57,train
OBJ058_058.jpg,OBJ058,57,test
OBJ058_059.jpg,OBJ058,57,train
OBJ058_060.jpg,OBJ058,57,val
OBJ058_061.jpg,OBJ058,57,train
OBJ058_062.jpg,OBJ058,57,train
OBJ058_063.jpg,OBJ058,57,train
OBJ058_064.jpg,OBJ058,57,train
OBJ058_065.jpg,OBJ058,57,test
OBJ058_066.jpg,OBJ058,57,train
OBJ058_067.jpg,OBJ058,57,train
OBJ058_068.jpg,OBJ058,57,train
OBJ058_069.jpg,OBJ058,57,test
OBJ058_070.jpg,OBJ058,57,test
OBJ058_071.jpg,OBJ058,57,train
OBJ058_072.jpg,OBJ058,57,val
OBJ058_073.jpg,OBJ058,57,val
OBJ058_074.jpg,OBJ058,57,val
OBJ058_075.jpg,OBJ058,57,train
OBJ058_076.jpg,OBJ058,57,test
OBJ058_077.jpg,OBJ058,57,val
OBJ058_078.jpg,OBJ058,57,train
OBJ058_079.jpg,OBJ058,57,train
OBJ058_080.jpg,OBJ058,57,train
OBJ058_081.jpg,OBJ058,57,train
OBJ058_082.jpg,OBJ058,57,test
OBJ058_083.jpg,OBJ058,57,train
OBJ058_084.jpg,OBJ058,57,val
OBJ058_085.jpg,OBJ058,57,train
OBJ058_086.jpg,OBJ058,57,test
OBJ058_087.jpg,OBJ058,57,train
OBJ058_088.jpg,OBJ058,57,train
OBJ058_089.jpg,OBJ058,57,train
OBJ058_090.jpg,OBJ058,57,train
OBJ058_091.jpg,OBJ058,57,test
OBJ058_092.jpg,OBJ058,57,train
OBJ058_093.jpg,OBJ058,57,val
OBJ058_094.jpg,OBJ058,57,train
OBJ058_095.jpg,OBJ058,57,train
OBJ059_001.jpg,OBJ059,58,train
OBJ059_002.jpg,OBJ059,58,val
OBJ059_003.jpg,OBJ059,58,train
OBJ059_004.jpg,OBJ059,58,train
OBJ059_005.jpg,OBJ059,58,train
OBJ059_006.jpg,OBJ059,58,train
OBJ059_007.jpg,OBJ059,58,train
OBJ059_008.jpg,OBJ059,58,train
OBJ059_009.jpg,OBJ059,58,train
OBJ059_010.jpg,OBJ059,58,train
OBJ059_011.jpg,OBJ059,58,train
OBJ059_012.jpg,OBJ059,58,train
OBJ059_013.jpg,OBJ059,58,val
OBJ059_014.jpg,OBJ059,58,train
OBJ059_015.jpg,OBJ059,58,test
OBJ059_016.jpg,OBJ059,58,test
OBJ059_017.jpg,OBJ059,58,train
OBJ059_018.jpg,OBJ059,58,test
OBJ059_019.jpg,OBJ059,58,test
OBJ059_020.jpg,OBJ059,58,val
OBJ059_021.jpg,OBJ059,58,val
OBJ059_022.jpg,OBJ059,58,test
OBJ059_023.jpg,OBJ059,58,train
OBJ059_024.jpg,OBJ059,58,train
OBJ059_025.jpg,OBJ059,58,val
OBJ059_026.jpg,OBJ059,58,train
OBJ059_027.jpg,OBJ059,58,val
OBJ059_028.jpg,OBJ059,58,train
OBJ059_029.jpg,OBJ059,58,test
OBJ059_030.jpg,OBJ059,58,val
OBJ059_031.jpg,OBJ059,58,train
OBJ059_032.jpg,OBJ059,58,train
OBJ059_033.jpg,OBJ059,58,train
OBJ059_034.jpg,OBJ059,58,test
OBJ059_035.jpg,OBJ059,58,train
OBJ059_036.jpg,OBJ059,58,val
OBJ059_037.jpg,OBJ059,58,test
OBJ059_038.jpg,OBJ059,58,train
OBJ059_039.jpg,OBJ059,58,train
OBJ059_040.jpg,OBJ059,58,train
OBJ059_041.jpg,OBJ059,58,train
OBJ059_042.jpg,OBJ059,58,train
OBJ059_043.jpg,OBJ059,58,train
OBJ059_044.jpg,OBJ059,58,train
OBJ059_045.jpg,OBJ059,58,val
OBJ059_046.jpg,OBJ059,58,val
OBJ059_047.jpg,OBJ059,58,test
OBJ059_048.jpg,OBJ059,58,train
OBJ059_049.jpg,OBJ059,58,train
OBJ059_050.jpg,OBJ059,58,train
OBJ059_051.jpg,OBJ059,58,train
OBJ059_052.jpg,OBJ059,58,test
OBJ059_053.jpg,OBJ059,58,train
OBJ059_054.jpg,OBJ059,58,test
OBJ059_055.jpg,OBJ059,58,val
OBJ059_056.jpg,OBJ059,58,train
OBJ059_057.jpg,OBJ059,58,train
OBJ059_058.jpg,OBJ059,58,train
OBJ059_059.jpg,OBJ059,58,train
OBJ059_060.jpg,OBJ059,58,train
OBJ059_061.jpg,OBJ059,58,train
OBJ059_062.jpg,OBJ059,58,train
OBJ059_063.jpg,OBJ059,58,val
OBJ059_064.jpg,OBJ059,58,test
OBJ059_065.jpg,OBJ059,58,train
OBJ059_066.jpg,OBJ059,58,train
OBJ059_067.jpg,OBJ059,58,train
OBJ059_068.jpg,OBJ059,58,train
OBJ059_069.jpg,OBJ059,58,test
OBJ059_070.jpg,OBJ059,58,val
OBJ059_071.jpg,OBJ059,58,train
OBJ059_072.jpg,OBJ059,58,train
OBJ059_073.jpg,OBJ059,58,train
OBJ059_074.jpg,OBJ059,58,train
OBJ059_075.jpg,OBJ059,58,train
OBJ059_076.jpg,OBJ059,58,train
OBJ059_077.jpg,OBJ059,58,test
OBJ059_078.jpg,OBJ059,58,train
OBJ059_079.jpg,OBJ059,58,train
OBJ059_080.jpg,OBJ059,58,train
OBJ059_081.jpg,OBJ059,58,train
OBJ059_082.jpg,OBJ059,58,train
OBJ059_083.jpg,OBJ059,58,train
OBJ059_084.jpg,OBJ059,58,train
OBJ059_085.jpg,OBJ059,58,train
OBJ059_086.jpg,OBJ059,58,train
OBJ059_087.jpg,OBJ059,58,train
OBJ059_088.jpg,OBJ059,58,train
OBJ059_089.jpg,OBJ059,58,train
OBJ059_090.jpg,OBJ059,58,train
OBJ059_091.jpg,OBJ059,58,val
OBJ059_092.jpg,OBJ059,58,train
OBJ059_093.jpg,OBJ059,58,train
OBJ059_094.jpg,OBJ059,58,train
OBJ059_095.jpg,OBJ059,58,train
OBJ060_1.JPG,OBJ060,59,train
OBJ060_10.JPG,OBJ060,59,test
OBJ060_11.JPG,OBJ060,59,train
OBJ060_12.JPG,OBJ060,59,test
OBJ060_13.JPG,OBJ060,59,train
OBJ060_14.JPG,OBJ060,59,train
OBJ060_15.JPG,OBJ060,59,train
OBJ060_16.JPG,OBJ060,59,train
OBJ060_17.JPG,OBJ060,59,train
OBJ060_18.JPG,OBJ060,59,train
OBJ060_19.JPG,OBJ060,59,train
OBJ060_2.JPG,OBJ060,59,val
OBJ060_20.JPG,OBJ060,59,train
OBJ060_21.JPG,OBJ060,59,train
OBJ060_22.JPG,OBJ060,59,train
OBJ060_23.JPG,OBJ060,59,test
OBJ060_24.JPG,OBJ060,59,train
OBJ060_25.JPG,OBJ060,59,train
OBJ060_26.JPG,OBJ060,59,val
OBJ060_27.JPG,OBJ060,59,train
OBJ060_28.JPG,OBJ060,59,train
OBJ060_29.JPG,OBJ060,59,train
OBJ060_3.JPG,OBJ060,59,train
OBJ060_30.JPG,OBJ060,59,test
OBJ060_31.JPG,OBJ060,59,train
OBJ060_32.JPG,OBJ060,59,val
OBJ060_33.JPG,OBJ060,59,val
OBJ060_34.JPG,OBJ060,59,train
OBJ060_35.JPG,OBJ060,59,train
OBJ060_36.JPG,OBJ060,59,test
OBJ060_37.JPG,OBJ060,59,train
OBJ060_38.JPG,OBJ060,59,train
OBJ060_39.JPG,OBJ060,59,train
OBJ060_4.JPG,OBJ060,59,train
OBJ060_40.JPG,OBJ060,59,train
OBJ060_41.JPG,OBJ060,59,train
OBJ060_42.JPG,OBJ060,59,train
OBJ060_43.JPG,OBJ060,59,val
OBJ060_44.JPG,OBJ060,59,train
OBJ060_45.JPG,OBJ060,59,test
OBJ060_46.JPG,OBJ060,59,train
OBJ060_47.JPG,OBJ060,59,train
OBJ060_48.JPG,OBJ060,59,test
OBJ060_49.JPG,OBJ060,59,train
OBJ060_5.JPG,OBJ060,59,train
OBJ060_50.JPG,OBJ060,59,train
OBJ060_51.JPG,OBJ060,59,test
OBJ060_52.JPG,OBJ060,59,train
OBJ060_53.JPG,OBJ060,59,val
OBJ060_54.JPG,OBJ060,59,val
OBJ060_55.JPG,OBJ060,59,train
OBJ060_56.JPG,OBJ060,59,train
OBJ060_57.JPG,OBJ060,59,val
OBJ060_58.JPG,OBJ060,59,val
OBJ060_59.JPG,OBJ060,59,train
OBJ060_6.JPG,OBJ060,59,train
OBJ060_60.JPG,OBJ060,59,train
OBJ060_61.JPG,OBJ060,59,train
OBJ060_62.JPG,OBJ060,59,train
OBJ060_63.JPG,OBJ060,59,val
OBJ060_64.JPG,OBJ060,59,train
OBJ060_65.JPG,OBJ060,59,train
OBJ060_66.JPG,OBJ060,59,train
OBJ060_67.JPG,OBJ060,59,train
OBJ060_68.JPG,OBJ060,59,val
OBJ060_69.JPG,OBJ060,59,test
OBJ060_7.JPG,OBJ060,59,val
OBJ060_70.JPG,OBJ060,59,train
OBJ060_71.JPG,OBJ060,59,train
OBJ060_72.JPG,OBJ060,59,train
OBJ060_73.JPG,OBJ060,59,test
OBJ060_74.JPG,OBJ060,59,train
OBJ060_75.JPG,OBJ060,59,train
OBJ060_76.JPG,OBJ060,59,train
OBJ060_77.JPG,OBJ060,59,val
OBJ060_78.JPG,OBJ060,59,train
OBJ060_79.JPG,OBJ060,59,train
OBJ060_8.JPG,OBJ060,59,train
OBJ060_80.JPG,OBJ060,59,test
OBJ060_81.JPG,OBJ060,59,val
OBJ060_82.JPG,OBJ060,59,train
OBJ060_83.JPG,OBJ060,59,train
OBJ060_84.JPG,OBJ060,59,train
OBJ060_85.JPG,OBJ060,59,test
OBJ060_86.JPG,OBJ060,59,train
OBJ060_87.JPG,OBJ060,59,train
OBJ060_88.JPG,OBJ060,59,train
OBJ060_89.JPG,OBJ060,59,train
OBJ060_9.JPG,OBJ060,59,test
OBJ060_90.JPG,OBJ060,59,train
OBJ060_91.JPG,OBJ060,59,train
OBJ060_92.JPG,OBJ060,59,test
OBJ060_93.JPG,OBJ060,59,train
OBJ060_94.JPG,OBJ060,59,train
OBJ060_95.JPG,OBJ060,59,test
OBJ061_001.jpg,OBJ061,60,train
OBJ061_002.jpg,OBJ061,60,train
OBJ061_003.jpg,OBJ061,60,train
OBJ061_004.jpg,OBJ061,60,train
OBJ061_005.jpg,OBJ061,60,train
OBJ061_006.jpg,OBJ061,60,train
OBJ061_007.jpg,OBJ061,60,train
OBJ061_008.jpg,OBJ061,60,train
OBJ061_009.jpg,OBJ061,60,train
OBJ061_010.jpg,OBJ061,60,train
OBJ061_011.jpg,OBJ061,60,train
OBJ061_012.jpg,OBJ061,60,val
OBJ061_013.jpg,OBJ061,60,train
OBJ061_014.jpg,OBJ061,60,test
OBJ061_015.jpg,OBJ061,60,train
OBJ061_016.jpg,OBJ061,60,test
OBJ061_017.jpg,OBJ061,60,train
OBJ061_018.jpg,OBJ061,60,val
OBJ061_019.jpg,OBJ061,60,train
OBJ061_020.jpg,OBJ061,60,test
OBJ061_021.jpg,OBJ061,60,val
OBJ061_022.jpg,OBJ061,60,val
OBJ061_023.jpg,OBJ061,60,val
OBJ061_024.jpg,OBJ061,60,train
OBJ061_025.jpg,OBJ061,60,train
OBJ061_026.jpg,OBJ061,60,train
OBJ061_027.jpg,OBJ061,60,train
OBJ061_028.jpg,OBJ061,60,train
OBJ061_029.jpg,OBJ061,60,train
OBJ061_030.jpg,OBJ061,60,train
OBJ061_031.jpg,OBJ061,60,train
OBJ061_032.jpg,OBJ061,60,train
OBJ061_033.jpg,OBJ061,60,val
OBJ061_034.jpg,OBJ061,60,train
OBJ061_035.jpg,OBJ061,60,train
OBJ061_036.jpg,OBJ061,60,test
OBJ061_037.jpg,OBJ061,60,train
OBJ061_038.jpg,OBJ061,60,val
OBJ061_039.jpg,OBJ061,60,train
OBJ061_040.jpg,OBJ061,60,train
OBJ061_041.jpg,OBJ061,60,train
OBJ061_042.jpg,OBJ061,60,train
OBJ061_043.jpg,OBJ061,60,train
OBJ061_044.jpg,OBJ061,60,train
OBJ061_045.jpg,OBJ061,60,test
OBJ061_046.jpg,OBJ061,60,test
OBJ061_047.jpg,OBJ061,60,train
OBJ061_048.jpg,OBJ061,60,train
OBJ061_049.jpg,OBJ061,60,train
OBJ061_050.jpg,OBJ061,60,train
OBJ061_051.jpg,OBJ061,60,train
OBJ061_052.jpg,OBJ061,60,train
OBJ061_053.jpg,OBJ061,60,train
OBJ061_054.jpg,OBJ061,60,train
OBJ061_055.jpg,OBJ061,60,train
OBJ061_056.jpg,OBJ061,60,test
OBJ061_057.jpg,OBJ061,60,train
OBJ061_058.jpg,OBJ061,60,train
OBJ061_059.jpg,OBJ061,60,test
OBJ061_060.jpg,OBJ061,60,train
OBJ061_061.jpg,OBJ061,60,test
OBJ061_062.jpg,OBJ061,60,train
OBJ061_063.jpg,OBJ061,60,train
OBJ061_064.jpg,OBJ061,60,train
OBJ061_065.jpg,OBJ061,60,train
OBJ061_066.jpg,OBJ061,60,train
OBJ061_067.jpg,OBJ061,60,val
OBJ061_068.jpg,OBJ061,60,val
OBJ061_069.jpg,OBJ061,60,val
OBJ061_070.jpg,OBJ061,60,test
OBJ061_071.jpg,OBJ061,60,train
OBJ061_072.jpg,OBJ061,60,train
OBJ061_073.jpg,OBJ061,60,train
OBJ061_074.jpg,OBJ061,60,train
OBJ061_075.jpg,OBJ061,60,train
OBJ061_076.jpg,OBJ061,60,train
OBJ061_077.jpg,OBJ061,60,train
OBJ061_078.jpg,OBJ061,60,test
OBJ061_079.jpg,OBJ061,60,train
OBJ061_080.jpg,OBJ061,60,val
OBJ061_081.jpg,OBJ061,60,train
OBJ061_082.jpg,OBJ061,60,train
OBJ061_083.jpg,OBJ061,60,train
OBJ061_084.jpg,OBJ061,60,train
OBJ061_085.jpg,OBJ061,60,train
OBJ061_086.jpg,OBJ061,60,train
OBJ061_087.jpg,OBJ061,60,train
OBJ061_088.jpg,OBJ061,60,val
OBJ061_089.jpg,OBJ061,60,train
OBJ061_090.jpg,OBJ061,60,test
OBJ061_091.jpg,OBJ061,60,train
OBJ061_092.jpg,OBJ061,60,val
OBJ061_093.jpg,OBJ061,60,test
OBJ061_094.jpg,OBJ061,60,test
OBJ061_095.jpg,OBJ061,60,val
OBJ062_001.jpg,OBJ062,61,train
OBJ062_002.jpg,OBJ062,61,train
OBJ062_003.jpg,OBJ062,61,val
OBJ062_004.jpg,OBJ062,61,test
OBJ062_005.jpg,OBJ062,61,train
OBJ062_006.jpg,OBJ062,61,train
OBJ062_007.jpg,OBJ062,61,train
OBJ062_008.jpg,OBJ062,61,train
OBJ062_009.jpg,OBJ062,61,train
OBJ062_010.jpg,OBJ062,61,train
OBJ062_011.jpg,OBJ062,61,train
OBJ062_012.jpg,OBJ062,61,train
OBJ062_013.jpg,OBJ062,61,val
OBJ062_014.jpg,OBJ062,61,train
OBJ062_015.jpg,OBJ062,61,train
OBJ062_016.jpg,OBJ062,61,train
OBJ062_017.jpg,OBJ062,61,train
OBJ062_018.jpg,OBJ062,61,train
OBJ062_019.jpg,OBJ062,61,val
OBJ062_020.jpg,OBJ062,61,test
OBJ062_021.jpg,OBJ062,61,train
OBJ062_022.jpg,OBJ062,61,train
OBJ062_023.jpg,OBJ062,61,val
OBJ062_024.jpg,OBJ062,61,train
OBJ062_025.jpg,OBJ062,61,train
OBJ062_026.jpg,OBJ062,61,test
OBJ062_027.jpg,OBJ062,61,train
OBJ062_028.jpg,OBJ062,61,val
OBJ062_029.jpg,OBJ062,61,test
OBJ062_030.jpg,OBJ062,61,train
OBJ062_031.jpg,OBJ062,61,train
OBJ062_032.jpg,OBJ062,61,train
OBJ062_033.jpg,OBJ062,61,test
OBJ062_034.jpg,OBJ062,61,train
OBJ062_035.jpg,OBJ062,61,val
OBJ062_036.jpg,OBJ062,61,train
OBJ062_039.jpg,OBJ062,61,train
OBJ062_040.jpg,OBJ062,61,train
OBJ062_041.jpg,OBJ062,61,test
OBJ062_042.jpg,OBJ062,61,train
OBJ062_043.jpg,OBJ062,61,train
OBJ062_044.jpg,OBJ062,61,test
OBJ062_045.jpg,OBJ062,61,val
OBJ062_046.jpg,OBJ062,61,train
OBJ062_047.jpg,OBJ062,61,val
OBJ062_048.jpg,OBJ062,61,train
OBJ062_049.jpg,OBJ062,61,train
OBJ062_050.jpg,OBJ062,61,train
OBJ062_051.jpg,OBJ062,61,train
OBJ062_053.jpg,OBJ062,61,train
OBJ062_054.jpg,OBJ062,61,val
OBJ062_055.jpg,OBJ062,61,test
OBJ062_056.jpg,OBJ062,61,test
OBJ062_057.jpg,OBJ062,61,train
OBJ062_058.jpg,OBJ062,61,train
OBJ062_059.jpg,OBJ062,61,train
OBJ062_060.jpg,OBJ062,61,val
OBJ062_061.jpg,OBJ062,61,train
OBJ062_062.jpg,OBJ062,61,train
OBJ062_063.jpg,OBJ062,61,test
OBJ062_064.jpg,OBJ062,61,train
OBJ062_065.jpg,OBJ062,61,train
OBJ062_066.jpg,OBJ062,61,train
OBJ062_067.jpg,OBJ062,61,train
OBJ062_068.jpg,OBJ062,61,train
OBJ062_069.jpg,OBJ062,61,train
OBJ062_070.jpg,OBJ062,61,train
OBJ062_071.jpg,OBJ062,61,train
OBJ062_072.jpg,OBJ062,61,val
OBJ062_073.jpg,OBJ062,61,test
OBJ062_074.jpg,OBJ062,61,train
OBJ062_075.jpg,OBJ062,61,train
OBJ062_076.jpg,OBJ062,61,val
OBJ062_077.jpg,OBJ062,61,train
OBJ062_078.jpg,OBJ062,61,train
OBJ062_079.jpg,OBJ062,61,test
OBJ062_080.jpg,OBJ062,61,val
OBJ062_081.jpg,OBJ062,61,train
OBJ062_082.jpg,OBJ062,61,train
OBJ062_083.jpg,OBJ062,61,train
OBJ062_084.jpg,OBJ062,61,train
OBJ062_085.jpg,OBJ062,61,train
OBJ062_086.jpg,OBJ062,61,train
OBJ062_087.jpg,OBJ062,61,val
OBJ062_088.jpg,OBJ062,61,train
OBJ062_089.jpg,OBJ062,61,train
OBJ062_090.jpg,OBJ062,61,test
OBJ062_091.jpg,OBJ062,61,train
OBJ062_092.jpg,OBJ062,61,train
OBJ062_093.jpg,OBJ062,61,train
OBJ062_094.jpg,OBJ062,61,train
OBJ063_001.jpg,OBJ063,62,train
OBJ063_002.jpg,OBJ063,62,train
OBJ063_003.jpg,OBJ063,62,train
OBJ063_004.jpg,OBJ063,62,train
OBJ063_005.jpg,OBJ063,62,train
OBJ063_006.jpg,OBJ063,62,train
OBJ063_007.jpg,OBJ063,62,test
OBJ063_008.jpg,OBJ063,62,train
OBJ063_009.jpg,OBJ063,62,train
OBJ063_010.jpg,OBJ063,62,test
OBJ063_011.jpg,OBJ063,62,train
OBJ063_012.jpg,OBJ063,62,train
OBJ063_013.jpg,OBJ063,62,train
OBJ063_014.jpg,OBJ063,62,val
OBJ063_015.jpg,OBJ063,62,train
OBJ063_016.jpg,OBJ063,62,train
OBJ063_017.jpg,OBJ063,62,test
OBJ063_018.jpg,OBJ063,62,train
OBJ063_019.jpg,OBJ063,62,train
OBJ063_020.jpg,OBJ063,62,train
OBJ063_021.jpg,OBJ063,62,train
OBJ063_022.jpg,OBJ063,62,val
OBJ063_023.jpg,OBJ063,62,train
OBJ063_024.jpg,OBJ063,62,train
OBJ063_025.jpg,OBJ063,62,val
OBJ063_026.jpg,OBJ063,62,val
OBJ063_027.jpg,OBJ063,62,train
OBJ063_028.jpg,OBJ063,62,train
OBJ063_029.jpg,OBJ063,62,val
OBJ063_030.jpg,OBJ063,62,val
OBJ063_031.jpg,OBJ063,62,train
OBJ063_032.jpg,OBJ063,62,train
OBJ063_033.jpg,OBJ063,62,train
OBJ063_034.jpg,OBJ063,62,train
OBJ063_035.jpg,OBJ063,62,test
OBJ063_036.jpg,OBJ063,62,val
OBJ063_037.jpg,OBJ063,62,train
OBJ063_038.jpg,OBJ063,62,val
OBJ063_039.jpg,OBJ063,62,train
OBJ063_040.jpg,OBJ063,62,train
OBJ063_041.jpg,OBJ063,62,val
OBJ063_042.jpg,OBJ063,62,train
OBJ063_043.jpg,OBJ063,62,train
OBJ063_044.jpg,OBJ063,62,train
OBJ063_045.jpg,OBJ063,62,test
OBJ063_046.jpg,OBJ063,62,train
OBJ063_047.jpg,OBJ063,62,val
OBJ063_048.jpg,OBJ063,62,train
OBJ063_049.jpg,OBJ063,62,train
OBJ063_050.jpg,OBJ063,62,train
OBJ063_051.jpg,OBJ063,62,test
OBJ063_052.jpg,OBJ063,62,train
OBJ063_053.jpg,OBJ063,62,test
OBJ063_054.jpg,OBJ063,62,test
OBJ063_055.jpg,OBJ063,62,train
OBJ063_056.jpg,OBJ063,62,train
OBJ063_057.jpg,OBJ063,62,val
OBJ063_058.jpg,OBJ063,62,train
OBJ063_059.jpg,OBJ063,62,train
OBJ063_060.jpg,OBJ063,62,train
OBJ063_061.jpg,OBJ063,62,train
OBJ063_062.jpg,OBJ063,62,train
OBJ063_063.jpg,OBJ063,62,train
OBJ063_064.jpg,OBJ063,62,test
OBJ063_065.jpg,OBJ063,62,train
OBJ063_066.jpg,OBJ063,62,train
OBJ063_067.jpg,OBJ063,62,test
OBJ063_068.jpg,OBJ063,62,train
OBJ063_069.jpg,OBJ063,62,train
OBJ063_070.jpg,OBJ063,62,train
OBJ063_071.jpg,OBJ063,62,train
OBJ063_072.jpg,OBJ063,62,test
OBJ063_073.jpg,OBJ063,62,train
OBJ063_074.jpg,OBJ063,62,train
OBJ063_075.jpg,OBJ063,62,val
OBJ063_076.jpg,OBJ063,62,train
OBJ063_077.jpg,OBJ063,62,train
OBJ063_078.jpg,OBJ063,62,test
OBJ063_079.jpg,OBJ063,62,val
OBJ063_080.jpg,OBJ063,62,val
OBJ063_081.jpg,OBJ063,62,train
OBJ063_082.jpg,OBJ063,62,train
OBJ063_083.jpg,OBJ063,62,test
OBJ063_084.jpg,OBJ063,62,train
OBJ063_085.jpg,OBJ063,62,test
OBJ063_086.jpg,OBJ063,62,train
OBJ063_087.jpg,OBJ063,62,train
OBJ063_088.jpg,OBJ063,62,train
OBJ063_089.jpg,OBJ063,62,train
OBJ063_090.jpg,OBJ063,62,train
OBJ063_091.jpg,OBJ063,62,train
OBJ063_092.jpg,OBJ063,62,train
OBJ063_093.jpg,OBJ063,62,train
OBJ063_094.jpg,OBJ063,62,train
OBJ064_001.jpg,OBJ064,63,train
OBJ064_002.jpg,OBJ064,63,val
OBJ064_003.jpg,OBJ064,63,val
OBJ064_004.jpg,OBJ064,63,train
OBJ064_005.jpg,OBJ064,63,train
OBJ064_006.jpg,OBJ064,63,train
OBJ064_007.jpg,OBJ064,63,test
OBJ064_008.jpg,OBJ064,63,train
OBJ064_009.jpg,OBJ064,63,test
OBJ064_010.jpg,OBJ064,63,train
OBJ064_011.jpg,OBJ064,63,train
OBJ064_012.jpg,OBJ064,63,val
OBJ064_013.jpg,OBJ064,63,train
OBJ064_014.jpg,OBJ064,63,train
OBJ064_015.jpg,OBJ064,63,test
OBJ064_016.jpg,OBJ064,63,train
OBJ064_017.jpg,OBJ064,63,train
OBJ064_018.jpg,OBJ064,63,test
OBJ064_019.jpg,OBJ064,63,train
OBJ064_020.jpg,OBJ064,63,train
OBJ064_021.jpg,OBJ064,63,val
OBJ064_022.jpg,OBJ064,63,train
OBJ064_023.jpg,OBJ064,63,train
OBJ064_024.jpg,OBJ064,63,train
OBJ064_025.jpg,OBJ064,63,train
OBJ064_026.jpg,OBJ064,63,train
OBJ064_027.jpg,OBJ064,63,val
OBJ064_028.jpg,OBJ064,63,train
OBJ064_029.jpg,OBJ064,63,test
OBJ064_030.jpg,OBJ064,63,test
OBJ064_031.jpg,OBJ064,63,train
OBJ064_032.jpg,OBJ064,63,train
OBJ064_033.jpg,OBJ064,63,test
OBJ064_034.jpg,OBJ064,63,train
OBJ064_035.jpg,OBJ064,63,train
OBJ064_036.jpg,OBJ064,63,train
OBJ064_037.jpg,OBJ064,63,test
OBJ064_038.jpg,OBJ064,63,test
OBJ064_039.jpg,OBJ064,63,val
OBJ064_040.jpg,OBJ064,63,train
OBJ064_041.jpg,OBJ064,63,train
OBJ064_042.jpg,OBJ064,63,val
OBJ064_043.jpg,OBJ064,63,test
OBJ064_044.jpg,OBJ064,63,val
OBJ064_045.jpg,OBJ064,63,train
OBJ064_046.jpg,OBJ064,63,train
OBJ064_047.jpg,OBJ064,63,train
OBJ064_048.jpg,OBJ064,63,train
OBJ064_049.jpg,OBJ064,63,train
OBJ064_050.jpg,OBJ064,63,train
OBJ064_051.jpg,OBJ064,63,train
OBJ064_052.jpg,OBJ064,63,val
OBJ064_053.jpg,OBJ064,63,train
OBJ064_054.jpg,OBJ064,63,test
OBJ064_055.jpg,OBJ064,63,train
OBJ064_056.jpg,OBJ064,63,train
OBJ064_057.jpg,OBJ064,63,train
OBJ064_058.jpg,OBJ064,63,test
OBJ064_059.jpg,OBJ064,63,test
OBJ064_060.jpg,OBJ064,63,train
OBJ064_061.jpg,OBJ064,63,train
OBJ064_062.jpg,OBJ064,63,val
OBJ064_063.jpg,OBJ064,63,train
OBJ064_064.jpg,OBJ064,63,train
OBJ064_065.jpg,OBJ064,63,train
OBJ064_066.jpg,OBJ064,63,train
OBJ064_067.jpg,OBJ064,63,train
OBJ064_068.jpg,OBJ064,63,train
OBJ064_069.jpg,OBJ064,63,train
OBJ064_070.jpg,OBJ064,63,train
OBJ064_071.jpg,OBJ064,63,train
OBJ064_072.jpg,OBJ064,63,train
OBJ064_073.jpg,OBJ064,63,train
OBJ064_074.jpg,OBJ064,63,val
OBJ064_075.jpg,OBJ064,63,train
OBJ064_076.jpg,OBJ064,63,test
OBJ064_077.jpg,OBJ064,63,train
OBJ064_078.jpg,OBJ064,63,train
OBJ064_079.jpg,OBJ064,63,train
OBJ064_080.jpg,OBJ064,63,train
OBJ064_081.jpg,OBJ064,63,train
OBJ064_082.jpg,OBJ064,63,train
OBJ064_083.jpg,OBJ064,63,val
OBJ064_084.jpg,OBJ064,63,train
OBJ064_085.jpg,OBJ064,63,train
OBJ064_086.jpg,OBJ064,63,train
OBJ064_087.jpg,OBJ064,63,train
OBJ064_088.jpg,OBJ064,63,train
OBJ064_089.jpg,OBJ064,63,train
OBJ064_090.jpg,OBJ064,63,train
OBJ064_091.jpg,OBJ064,63,train
OBJ064_092.jpg,OBJ064,63,val
OBJ064_093.jpg,OBJ064,63,train
OBJ064_094.jpg,OBJ064,63,train
OBJ064_095.jpg,OBJ064,63,val
OBJ065_001.jpg,OBJ065,64,test
OBJ065_002.jpg,OBJ065,64,train
OBJ065_003.jpg,OBJ065,64,train
OBJ065_004.jpg,OBJ065,64,train
OBJ065_005.jpg,OBJ065,64,train
OBJ065_006.jpg,OBJ065,64,test
OBJ065_007.jpg,OBJ065,64,train
OBJ065_008.jpg,OBJ065,64,train
OBJ065_009.jpg,OBJ065,64,train
OBJ065_010.jpg,OBJ065,64,test
OBJ065_011.jpg,OBJ065,64,train
OBJ065_012.jpg,OBJ065,64,test
OBJ065_013.jpg,OBJ065,64,val
OBJ065_014.jpg,OBJ065,64,train
OBJ065_015.jpg,OBJ065,64,train
OBJ065_016.jpg,OBJ065,64,train
OBJ065_017.jpg,OBJ065,64,train
OBJ065_018.jpg,OBJ065,64,test
OBJ065_019.jpg,OBJ065,64,train
OBJ065_020.jpg,OBJ065,64,train
OBJ065_021.jpg,OBJ065,64,train
OBJ065_022.jpg,OBJ065,64,train
OBJ065_023.jpg,OBJ065,64,test
OBJ065_024.jpg,OBJ065,64,train
OBJ065_025.jpg,OBJ065,64,val
OBJ065_026.jpg,OBJ065,64,val
OBJ065_027.jpg,OBJ065,64,train
OBJ065_028.jpg,OBJ065,64,test
OBJ065_029.jpg,OBJ065,64,train
OBJ065_030.jpg,OBJ065,64,train
OBJ065_031.jpg,OBJ065,64,train
OBJ065_032.jpg,OBJ065,64,train
OBJ065_033.jpg,OBJ065,64,train
OBJ065_034.jpg,OBJ065,64,train
OBJ065_035.jpg,OBJ065,64,train
OBJ065_036.jpg,OBJ065,64,val
OBJ065_037.jpg,OBJ065,64,train
OBJ065_038.jpg,OBJ065,64,train
OBJ065_039.jpg,OBJ065,64,train
OBJ065_040.jpg,OBJ065,64,train
OBJ065_041.jpg,OBJ065,64,test
OBJ065_042.jpg,OBJ065,64,train
OBJ065_043.jpg,OBJ065,64,val
OBJ065_044.jpg,OBJ065,64,val
OBJ065_045.jpg,OBJ065,64,train
OBJ065_046.jpg,OBJ065,64,train
OBJ065_047.jpg,OBJ065,64,train
OBJ065_048.jpg,OBJ065,64,train
OBJ065_049.jpg,OBJ065,64,train
OBJ065_050.jpg,OBJ065,64,test
OBJ065_051.jpg,OBJ065,64,train
OBJ065_052.jpg,OBJ065,64,train
OBJ065_053.jpg,OBJ065,64,train
OBJ065_054.jpg,OBJ065,64,train
OBJ065_055.jpg,OBJ065,64,train
OBJ065_056.jpg,OBJ065,64,val
OBJ065_057.jpg,OBJ065,64,train
OBJ065_058.jpg,OBJ065,64,train
OBJ065_059.jpg,OBJ065,64,val
OBJ065_060.jpg,OBJ065,64,test
OBJ065_061.jpg,OBJ065,64,train
OBJ065_062.jpg,OBJ065,64,val
OBJ065_063.jpg,OBJ065,64,train
OBJ065_064.jpg,OBJ065,64,train
OBJ065_065.jpg,OBJ065,64,train
OBJ065_066.jpg,OBJ065,64,train
OBJ065_067.jpg,OBJ065,64,train
OBJ065_068.jpg,OBJ065,64,train
OBJ065_069.jpg,OBJ065,64,test
OBJ065_070.jpg,OBJ065,64,train
OBJ065_071.jpg,OBJ065,64,train
OBJ065_072.jpg,OBJ065,64,val
OBJ065_073.jpg,OBJ065,64,train
OBJ065_074.jpg,OBJ065,64,test
OBJ065_075.jpg,OBJ065,64,train
OBJ065_076.jpg,OBJ065,64,val
OBJ065_077.jpg,OBJ065,64,train
OBJ065_078.jpg,OBJ065,64,val
OBJ065_079.jpg,OBJ065,64,test
OBJ065_080.jpg,OBJ065,64,test
OBJ065_081.jpg,OBJ065,64,val
OBJ065_082.jpg,OBJ065,64,train
OBJ065_083.jpg,OBJ065,64,train
OBJ065_084.jpg,OBJ065,64,train
OBJ065_085.jpg,OBJ065,64,val
OBJ065_086.jpg,OBJ065,64,train
OBJ065_087.jpg,OBJ065,64,train
OBJ065_088.jpg,OBJ065,64,train
OBJ065_089.jpg,OBJ065,64,test
OBJ065_090.jpg,OBJ065,64,train
OBJ065_091.jpg,OBJ065,64,train
OBJ065_092.jpg,OBJ065,64,train
OBJ065_093.jpg,OBJ065,64,train
OBJ065_094.jpg,OBJ065,64,train
OBJ065_095.jpg,OBJ065,64,train
OBJ066_001.jpg,OBJ066,65,train
OBJ066_002.jpg,OBJ066,65,train
OBJ066_003.jpg,OBJ066,65,train
OBJ066_004.jpg,OBJ066,65,train
OBJ066_005.jpg,OBJ066,65,train
OBJ066_006.jpg,OBJ066,65,test
OBJ066_007.jpg,OBJ066,65,train
OBJ066_008.jpg,OBJ066,65,train
OBJ066_009.jpg,OBJ066,65,train
OBJ066_010.jpg,OBJ066,65,train
OBJ066_011.jpg,OBJ066,65,train
OBJ066_012.jpg,OBJ066,65,train
OBJ066_013.jpg,OBJ066,65,train
OBJ066_014.jpg,OBJ066,65,train
OBJ066_015.jpg,OBJ066,65,train
OBJ066_016.jpg,OBJ066,65,test
OBJ066_017.jpg,OBJ066,65,train
OBJ066_018.jpg,OBJ066,65,train
OBJ066_019.jpg,OBJ066,65,test
OBJ066_020.jpg,OBJ066,65,train
OBJ066_021.jpg,OBJ066,65,train
OBJ066_022.jpg,OBJ066,65,val
OBJ066_023.jpg,OBJ066,65,train
OBJ066_024.jpg,OBJ066,65,train
OBJ066_025.jpg,OBJ066,65,test
OBJ066_026.jpg,OBJ066,65,test
OBJ066_027.jpg,OBJ066,65,train
OBJ066_028.jpg,OBJ066,65,val
OBJ066_029.jpg,OBJ066,65,train
OBJ066_030.jpg,OBJ066,65,train
OBJ066_031.jpg,OBJ066,65,train
OBJ066_032.jpg,OBJ066,65,train
OBJ066_033.jpg,OBJ066,65,test
OBJ066_034.jpg,OBJ066,65,train
OBJ066_035.jpg,OBJ066,65,val
OBJ066_036.jpg,OBJ066,65,train
OBJ066_037.jpg,OBJ066,65,test
OBJ066_038.jpg,OBJ066,65,test
OBJ066_039.jpg,OBJ066,65,train
OBJ066_040.jpg,OBJ066,65,val
OBJ066_041.jpg,OBJ066,65,train
OBJ066_042.jpg,OBJ066,65,train
OBJ066_043.jpg,OBJ066,65,train
OBJ066_044.jpg,OBJ066,65,train
OBJ066_045.jpg,OBJ066,65,test
OBJ066_046.jpg,OBJ066,65,val
OBJ066_047.jpg,OBJ066,65,train
OBJ066_048.jpg,OBJ066,65,train
OBJ066_049.jpg,OBJ066,65,val
OBJ066_050.jpg,OBJ066,65,train
OBJ066_051.jpg,OBJ066,65,train
OBJ066_052.jpg,OBJ066,65,test
OBJ066_053.jpg,OBJ066,65,train
OBJ066_054.jpg,OBJ066,65,test
OBJ066_055.jpg,OBJ066,65,val
OBJ066_056.jpg,OBJ066,65,train
OBJ066_057.jpg,OBJ066,65,train
OBJ066_058.jpg,OBJ066,65,train
OBJ066_059.jpg,OBJ066,65,test
OBJ066_060.jpg,OBJ066,65,test
OBJ066_061.jpg,OBJ066,65,train
OBJ066_062.jpg,OBJ066,65,train
OBJ066_063.jpg,OBJ066,65,train
OBJ066_064.jpg,OBJ066,65,train
OBJ066_065.jpg,OBJ066,65,val
OBJ066_066.jpg,OBJ066,65,train
OBJ066_067.jpg,OBJ066,65,train
OBJ066_068.jpg,OBJ066,65,train
OBJ066_069.jpg,OBJ066,65,train
OBJ066_070.jpg,OBJ066,65,train
OBJ066_071.jpg,OBJ066,65,train
OBJ066_072.jpg,OBJ066,65,val
OBJ066_073.jpg,OBJ066,65,train
OBJ066_074.jpg,OBJ066,65,train
OBJ066_075.jpg,OBJ066,65,train
OBJ066_076.jpg,OBJ066,65,train
OBJ066_077.jpg,OBJ066,65,val
OBJ066_078.jpg,OBJ066,65,train
OBJ066_079.jpg,OBJ066,65,train
OBJ066_080.jpg,OBJ066,65,test
OBJ066_081.jpg,OBJ066,65,train
OBJ066_083.jpg,OBJ066,65,train
OBJ066_084.jpg,OBJ066,65,train
OBJ066_085.jpg,OBJ066,65,train
OBJ066_086.jpg,OBJ066,65,val
OBJ066_087.jpg,OBJ066,65,train
OBJ066_088.jpg,OBJ066,65,train
OBJ066_089.jpg,OBJ066,65,train
OBJ066_090.jpg,OBJ066,65,val
OBJ066_091.jpg,OBJ066,65,train
OBJ066_092.jpg,OBJ066,65,train
OBJ066_093.jpg,OBJ066,65,val
OBJ066_094.jpg,OBJ066,65,val
OBJ066_095.jpg,OBJ066,65,train
OBJ067_0001.jpg,OBJ067,66,test
OBJ067_0002.jpg,OBJ067,66,train
OBJ067_0003.jpg,OBJ067,66,train
OBJ067_0004.jpg,OBJ067,66,train
OBJ067_0005.jpg,OBJ067,66,train
OBJ067_0006.jpg,OBJ067,66,test
OBJ067_0007.jpg,OBJ067,66,train
OBJ067_0008.jpg,OBJ067,66,train
OBJ067_0009.jpg,OBJ067,66,train
OBJ067_0010.jpg,OBJ067,66,train
OBJ067_0011.jpg,OBJ067,66,train
OBJ067_0012.jpg,OBJ067,66,train
OBJ067_0013.jpg,OBJ067,66,train
OBJ067_0014.jpg,OBJ067,66,train
OBJ067_0015.jpg,OBJ067,66,train
OBJ067_0016.jpg,OBJ067,66,val
OBJ067_0017.jpg,OBJ067,66,train
OBJ067_0018.jpg,OBJ067,66,val
OBJ067_0019.jpg,OBJ067,66,test
OBJ067_0020.jpg,OBJ067,66,train
OBJ067_0021.jpg,OBJ067,66,test
OBJ067_0022.jpg,OBJ067,66,train
OBJ067_0023.jpg,OBJ067,66,val
OBJ067_0024.jpg,OBJ067,66,train
OBJ067_0025.jpg,OBJ067,66,test
OBJ067_0026.jpg,OBJ067,66,train
OBJ067_0027.jpg,OBJ067,66,train
OBJ067_0028.jpg,OBJ067,66,train
OBJ067_0029.jpg,OBJ067,66,train
OBJ067_0030.jpg,OBJ067,66,train
OBJ067_0031.jpg,OBJ067,66,train
OBJ067_0032.jpg,OBJ067,66,train
OBJ067_0033.jpg,OBJ067,66,train
OBJ067_0034.jpg,OBJ067,66,test
OBJ067_0035.jpg,OBJ067,66,test
OBJ067_0036.jpg,OBJ067,66,train
OBJ067_0037.jpg,OBJ067,66,train
OBJ067_0038.jpg,OBJ067,66,train
OBJ067_0039.jpg,OBJ067,66,val
OBJ067_0040.jpg,OBJ067,66,train
OBJ067_0041.jpg,OBJ067,66,train
OBJ067_0042.jpg,OBJ067,66,test
OBJ067_0043.jpg,OBJ067,66,train
OBJ067_0044.jpg,OBJ067,66,train
OBJ067_0045.jpg,OBJ067,66,val
OBJ067_0046.jpg,OBJ067,66,train
OBJ067_0047.jpg,OBJ067,66,train
OBJ067_0048.jpg,OBJ067,66,val
OBJ067_0049.jpg,OBJ067,66,val
OBJ067_0050.jpg,OBJ067,66,train
OBJ067_0051.jpg,OBJ067,66,train
OBJ067_0052.jpg,OBJ067,66,train
OBJ067_0053.jpg,OBJ067,66,train
OBJ067_0054.jpg,OBJ067,66,val
OBJ067_0055.jpg,OBJ067,66,val
OBJ067_0056.jpg,OBJ067,66,train
OBJ067_0057.jpg,OBJ067,66,train
OBJ067_0058.jpg,OBJ067,66,train
OBJ067_0059.jpg,OBJ067,66,train
OBJ067_0060.jpg,OBJ067,66,train
OBJ067_0061.jpg,OBJ067,66,train
OBJ067_0062.jpg,OBJ067,66,val
OBJ067_0063.jpg,OBJ067,66,train
OBJ067_0064.jpg,OBJ067,66,train
OBJ067_0065.jpg,OBJ067,66,train
OBJ067_0066.jpg,OBJ067,66,train
OBJ067_0067.jpg,OBJ067,66,train
OBJ067_0068.jpg,OBJ067,66,train
OBJ067_0069.jpg,OBJ067,66,train
OBJ067_0070.jpg,OBJ067,66,test
OBJ067_0071.jpg,OBJ067,66,train
OBJ067_0072.jpg,OBJ067,66,train
OBJ067_0073.jpg,OBJ067,66,test
OBJ067_0074.jpg,OBJ067,66,train
OBJ067_0075.jpg,OBJ067,66,train
OBJ067_0076.jpg,OBJ067,66,train
OBJ067_0077.jpg,OBJ067,66,val
OBJ067_0078.jpg,OBJ067,66,train
OBJ067_0079.jpg,OBJ067,66,train
OBJ067_0080.jpg,OBJ067,66,train
OBJ067_0081.jpg,OBJ067,66,train
OBJ067_0082.jpg,OBJ067,66,train
OBJ067_0083.jpg,OBJ067,66,val
OBJ067_0084.jpg,OBJ067,66,train
OBJ067_0085.jpg,OBJ067,66,train
OBJ067_0086.jpg,OBJ067,66,train
OBJ067_0087.jpg,OBJ067,66,test
OBJ067_0088.jpg,OBJ067,66,test
OBJ067_0089.jpg,OBJ067,66,val
OBJ067_0090.jpg,OBJ067,66,train
OBJ067_0091.jpg,OBJ067,66,val
OBJ067_0092.jpg,OBJ067,66,test
OBJ067_0093.jpg,OBJ067,66,test
OBJ067_0094.jpg,OBJ067,66,train
OBJ067_0095.jpg,OBJ067,66,train
OBJ068_001.jpg,OBJ068,67,train
OBJ068_002.jpg,OBJ068,67,val
OBJ068_003.jpg,OBJ068,67,train
OBJ068_004.jpg,OBJ068,67,train
OBJ068_005.jpg,OBJ068,67,train
OBJ068_006.jpg,OBJ068,67,train
OBJ068_007.jpg,OBJ068,67,test
OBJ068_008.jpg,OBJ068,67,train
OBJ068_009.jpg,OBJ068,67,train
OBJ068_010.jpg,OBJ068,67,train
OBJ068_011.jpg,OBJ068,67,train
OBJ068_012.jpg,OBJ068,67,train
OBJ068_013.jpg,OBJ068,67,val
OBJ068_014.jpg,OBJ068,67,test
OBJ068_015.jpg,OBJ068,67,val
OBJ068_016.jpg,OBJ068,67,test
OBJ068_017.jpg,OBJ068,67,train
OBJ068_018.jpg,OBJ068,67,train
OBJ068_019.jpg,OBJ068,67,train
OBJ068_020.jpg,OBJ068,67,test
OBJ068_021.jpg,OBJ068,67,train
OBJ068_022.jpg,OBJ068,67,train
OBJ068_023.jpg,OBJ068,67,train
OBJ068_024.jpg,OBJ068,67,train
OBJ068_025.jpg,OBJ068,67,test
OBJ068_026.jpg,OBJ068,67,train
OBJ068_027.jpg,OBJ068,67,train
OBJ068_028.jpg,OBJ068,67,train
OBJ068_029.jpg,OBJ068,67,train
OBJ068_030.jpg,OBJ068,67,train
OBJ068_031.jpg,OBJ068,67,test
OBJ068_032.jpg,OBJ068,67,train
OBJ068_033.jpg,OBJ068,67,train
OBJ068_034.jpg,OBJ068,67,train
OBJ068_035.jpg,OBJ068,67,test
OBJ068_036.jpg,OBJ068,67,train
OBJ068_037.jpg,OBJ068,67,train
OBJ068_038.jpg,OBJ068,67,train
OBJ068_039.jpg,OBJ068,67,train
OBJ068_040.jpg,OBJ068,67,train
OBJ068_041.jpg,OBJ068,67,train
OBJ068_042.jpg,OBJ068,67,train
OBJ068_043.jpg,OBJ068,67,train
OBJ068_044.jpg,OBJ068,67,train
OBJ068_045.jpg,OBJ068,67,train
OBJ068_046.jpg,OBJ068,67,train
OBJ068_047.jpg,OBJ068,67,train
OBJ068_048.jpg,OBJ068,67,train
OBJ068_049.jpg,OBJ068,67,test
OBJ068_050.jpg,OBJ068,67,test
OBJ068_051.jpg,OBJ068,67,train
OBJ068_052.jpg,OBJ068,67,train
OBJ068_053.jpg,OBJ068,67,train
OBJ068_054.jpg,OBJ068,67,train
OBJ068_055.jpg,OBJ068,67,test
OBJ068_056.jpg,OBJ068,67,train
OBJ068_057.jpg,OBJ068,67,train
OBJ068_058.jpg,OBJ068,67,val
OBJ068_059.jpg,OBJ068,67,val
OBJ068_060.jpg,OBJ068,67,val
OBJ068_061.jpg,OBJ068,67,train
OBJ068_062.jpg,OBJ068,67,val
OBJ068_063.jpg,OBJ068,67,train
OBJ068_064.jpg,OBJ068,67,test
OBJ068_065.jpg,OBJ068,67,train
OBJ068_066.jpg,OBJ068,67,train
OBJ068_067.jpg,OBJ068,67,val
OBJ068_068.jpg,OBJ068,67,val
OBJ068_069.jpg,OBJ068,67,val
OBJ068_070.jpg,OBJ068,67,val
OBJ068_071.jpg,OBJ068,67,train
OBJ068_072.jpg,OBJ068,67,test
OBJ068_073.jpg,OBJ068,67,train
OBJ068_074.jpg,OBJ068,67,train
OBJ068_075.jpg,OBJ068,67,val
OBJ068_076.jpg,OBJ068,67,train
OBJ068_077.jpg,OBJ068,67,train
OBJ068_078.jpg,OBJ068,67,train
OBJ068_079.jpg,OBJ068,67,train
OBJ068_080.jpg,OBJ068,67,train
OBJ068_081.jpg,OBJ068,67,test
OBJ068_082.jpg,OBJ068,67,test
OBJ068_083.jpg,OBJ068,67,train
OBJ068_084.jpg,OBJ068,67,train
OBJ068_085.jpg,OBJ068,67,train
OBJ068_086.jpg,OBJ068,67,train
OBJ068_087.jpg,OBJ068,67,train
OBJ068_088.jpg,OBJ068,67,train
OBJ068_089.jpg,OBJ068,67,val
OBJ068_090.jpg,OBJ068,67,val
OBJ068_091.jpg,OBJ068,67,train
OBJ068_092.jpg,OBJ068,67,train
OBJ068_093.jpg,OBJ068,67,train
OBJ068_094.jpg,OBJ068,67,train
OBJ068_095.jpg,OBJ068,67,val
OBJ069_001.jpg,OBJ069,68,test
OBJ069_002.jpg,OBJ069,68,train
OBJ069_003.jpg,OBJ069,68,test
OBJ069_004.jpg,OBJ069,68,train
OBJ069_005.jpg,OBJ069,68,test
OBJ069_006.jpg,OBJ069,68,train
OBJ069_007.jpg,OBJ069,68,train
OBJ069_008.jpg,OBJ069,68,train
OBJ069_009.jpg,OBJ069,68,train
OBJ069_010.jpg,OBJ069,68,train
OBJ069_011.jpg,OBJ069,68,train
OBJ069_012.jpg,OBJ069,68,train
OBJ069_013.jpg,OBJ069,68,train
OBJ069_014.jpg,OBJ069,68,test
OBJ069_015.jpg,OBJ069,68,train
OBJ069_016.jpg,OBJ069,68,train
OBJ069_017.jpg,OBJ069,68,val
OBJ069_018.jpg,OBJ069,68,train
OBJ069_019.jpg,OBJ069,68,train
OBJ069_020.jpg,OBJ069,68,train
OBJ069_021.jpg,OBJ069,68,train
OBJ069_022.jpg,OBJ069,68,train
OBJ069_023.jpg,OBJ069,68,val
OBJ069_024.jpg,OBJ069,68,test
OBJ069_025.jpg,OBJ069,68,train
OBJ069_026.jpg,OBJ069,68,train
OBJ069_027.jpg,OBJ069,68,train
OBJ069_028.jpg,OBJ069,68,train
OBJ069_029.jpg,OBJ069,68,train
OBJ069_030.jpg,OBJ069,68,train
OBJ069_031.jpg,OBJ069,68,val
OBJ069_032.jpg,OBJ069,68,train
OBJ069_033.jpg,OBJ069,68,test
OBJ069_034.jpg,OBJ069,68,train
OBJ069_035.jpg,OBJ069,68,train
OBJ069_036.jpg,OBJ069,68,train
OBJ069_037.jpg,OBJ069,68,test
OBJ069_038.jpg,OBJ069,68,train
OBJ069_039.jpg,OBJ069,68,train
OBJ069_040.jpg,OBJ069,68,train
OBJ069_041.jpg,OBJ069,68,val
OBJ069_042.jpg,OBJ069,68,val
OBJ069_043.jpg,OBJ069,68,train
OBJ069_044.jpg,OBJ069,68,val
OBJ069_045.jpg,OBJ069,68,train
OBJ069_046.jpg,OBJ069,68,train
OBJ069_047.jpg,OBJ069,68,test
OBJ069_048.jpg,OBJ069,68,val
OBJ069_049.jpg,OBJ069,68,train
OBJ069_050.jpg,OBJ069,68,test
OBJ069_051.jpg,OBJ069,68,train
OBJ069_052.jpg,OBJ069,68,train
OBJ069_053.jpg,OBJ069,68,train
OBJ069_054.jpg,OBJ069,68,train
OBJ069_055.jpg,OBJ069,68,train
OBJ069_056.jpg,OBJ069,68,train
OBJ069_057.jpg,OBJ069,68,train
OBJ069_058.jpg,OBJ069,68,train
OBJ069_059.jpg,OBJ069,68,val
OBJ069_060.jpg,OBJ069,68,train
OBJ069_061.jpg,OBJ069,68,test
OBJ069_062.jpg,OBJ069,68,val
OBJ069_063.jpg,OBJ069,68,test
OBJ069_064.jpg,OBJ069,68,train
OBJ069_065.jpg,OBJ069,68,train
OBJ069_066.jpg,OBJ069,68,train
OBJ069_067.jpg,OBJ069,68,train
OBJ069_068.jpg,OBJ069,68,train
OBJ069_069.jpg,OBJ069,68,train
OBJ069_070.jpg,OBJ069,68,train
OBJ069_071.jpg,OBJ069,68,test
OBJ069_072.jpg,OBJ069,68,train
OBJ069_073.jpg,OBJ069,68,train
OBJ069_074.jpg,OBJ069,68,train
OBJ069_075.jpg,OBJ069,68,val
OBJ069_076.jpg,OBJ069,68,train
OBJ069_077.jpg,OBJ069,68,train
OBJ069_078.jpg,OBJ069,68,train
OBJ069_079.jpg,OBJ069,68,test
OBJ069_080.jpg,OBJ069,68,val
OBJ069_081.jpg,OBJ069,68,train
OBJ069_082.jpg,OBJ069,68,val
OBJ069_083.jpg,OBJ069,68,val
OBJ069_084.jpg,OBJ069,68,train
OBJ069_085.jpg,OBJ069,68,train
OBJ069_086.jpg,OBJ069,68,train
OBJ069_087.jpg,OBJ069,68,val
OBJ069_088.jpg,OBJ069,68,train
OBJ069_089.jpg,OBJ069,68,train
OBJ069_090.jpg,OBJ069,68,train
OBJ069_091.jpg,OBJ069,68,test
OBJ069_092.jpg,OBJ069,68,train
OBJ069_093.jpg,OBJ069,68,train
OBJ070_001.jpg,OBJ070,69,test
OBJ070_002.jpg,OBJ070,69,train
OBJ070_003.jpg,OBJ070,69,train
OBJ070_004.jpg,OBJ070,69,val
OBJ070_005.jpg,OBJ070,69,train
OBJ070_006.jpg,OBJ070,69,train
OBJ070_007.jpg,OBJ070,69,train
OBJ070_008.jpg,OBJ070,69,train
OBJ070_009.jpg,OBJ070,69,test
OBJ070_010.jpg,OBJ070,69,train
OBJ070_011.jpg,OBJ070,69,train
OBJ070_012.jpg,OBJ070,69,train
OBJ070_013.jpg,OBJ070,69,train
OBJ070_014.jpg,OBJ070,69,train
OBJ070_015.jpg,OBJ070,69,train
OBJ070_016.jpg,OBJ070,69,test
OBJ070_017.jpg,OBJ070,69,train
OBJ070_018.jpg,OBJ070,69,val
OBJ070_019.jpg,OBJ070,69,train
OBJ070_020.jpg,OBJ070,69,val
OBJ070_021.jpg,OBJ070,69,train
OBJ070_022.jpg,OBJ070,69,test
OBJ070_023.jpg,OBJ070,69,train
OBJ070_024.jpg,OBJ070,69,train
OBJ070_025.jpg,OBJ070,69,train
OBJ070_026.jpg,OBJ070,69,train
OBJ070_027.jpg,OBJ070,69,val
OBJ070_028.jpg,OBJ070,69,train
OBJ070_029.jpg,OBJ070,69,val
OBJ070_030.jpg,OBJ070,69,train
OBJ070_031.jpg,OBJ070,69,train
OBJ070_032.jpg,OBJ070,69,val
OBJ070_033.jpg,OBJ070,69,train
OBJ070_034.jpg,OBJ070,69,test
OBJ070_035.jpg,OBJ070,69,train
OBJ070_036.jpg,OBJ070,69,train
OBJ070_037.jpg,OBJ070,69,test
OBJ070_038.jpg,OBJ070,69,test
OBJ070_039.jpg,OBJ070,69,train
OBJ070_040.jpg,OBJ070,69,train
OBJ070_041.jpg,OBJ070,69,train
OBJ070_042.jpg,OBJ070,69,val
OBJ070_043.jpg,OBJ070,69,test
OBJ070_044.jpg,OBJ070,69,train
OBJ070_045.jpg,OBJ070,69,train
OBJ070_046.jpg,OBJ070,69,train
OBJ070_047.jpg,OBJ070,69,train
OBJ070_048.jpg,OBJ070,69,train
OBJ070_049.jpg,OBJ070,69,train
OBJ070_050.jpg,OBJ070,69,train
OBJ070_051.jpg,OBJ070,69,test
OBJ070_052.jpg,OBJ070,69,train
OBJ070_053.jpg,OBJ070,69,train
OBJ070_054.jpg,OBJ070,69,train
OBJ070_055.jpg,OBJ070,69,val
OBJ070_056.jpg,OBJ070,69,train
OBJ070_057.jpg,OBJ070,69,test
OBJ070_058.jpg,OBJ070,69,train
OBJ070_059.jpg,OBJ070,69,test
OBJ070_060.jpg,OBJ070,69,train
OBJ070_061.jpg,OBJ070,69,train
OBJ070_062.jpg,OBJ070,69,train
OBJ070_063.jpg,OBJ070,69,train
OBJ070_064.jpg,OBJ070,69,val
OBJ070_065.jpg,OBJ070,69,val
OBJ070_066.jpg,OBJ070,69,test
OBJ070_067.jpg,OBJ070,69,train
OBJ070_068.jpg,OBJ070,69,train
OBJ070_069.jpg,OBJ070,69,val
OBJ070_070.jpg,OBJ070,69,train
OBJ070_071.jpg,OBJ070,69,val
OBJ070_072.jpg,OBJ070,69,train
OBJ070_073.jpg,OBJ070,69,val
OBJ070_074.jpg,OBJ070,69,train
OBJ070_075.jpg,OBJ070,69,train
OBJ070_076.jpg,OBJ070,69,train
OBJ070_077.jpg,OBJ070,69,train
OBJ070_078.jpg,OBJ070,69,train
OBJ070_079.jpg,OBJ070,69,train
OBJ070_080.jpg,OBJ070,69,train
OBJ070_081.jpg,OBJ070,69,train
OBJ070_082.jpg,OBJ070,69,train
OBJ070_083.jpg,OBJ070,69,train
OBJ070_084.jpg,OBJ070,69,train
OBJ070_085.jpg,OBJ070,69,train
OBJ070_086.jpg,OBJ070,69,train
OBJ070_087.jpg,OBJ070,69,train
OBJ070_088.jpg,OBJ070,69,train
OBJ070_089.jpg,OBJ070,69,test
OBJ070_090.jpg,OBJ070,69,train
OBJ070_091.jpg,OBJ070,69,train
OBJ070_092.jpg,OBJ070,69,train
OBJ070_093.jpg,OBJ070,69,val
OBJ070_094.jpg,OBJ070,69,train
OBJ070_095.jpg,OBJ070,69,test
OBJ071_001.jpg,OBJ071,70,test
OBJ071_002.jpg,OBJ071,70,train
OBJ071_003.jpg,OBJ071,70,train
OBJ071_004.jpg,OBJ071,70,train
OBJ071_005.jpg,OBJ071,70,train
OBJ071_006.jpg,OBJ071,70,train
OBJ071_007.jpg,OBJ071,70,train
OBJ071_008.jpg,OBJ071,70,train
OBJ071_009.jpg,OBJ071,70,train
OBJ071_010.jpg,OBJ071,70,train
OBJ071_011.jpg,OBJ071,70,train
OBJ071_012.jpg,OBJ071,70,train
OBJ071_013.jpg,OBJ071,70,train
OBJ071_014.jpg,OBJ071,70,test
OBJ071_015.jpg,OBJ071,70,train
OBJ071_016.jpg,OBJ071,70,train
OBJ071_017.jpg,OBJ071,70,test
OBJ071_018.jpg,OBJ071,70,val
OBJ071_019.jpg,OBJ071,70,val
OBJ071_020.jpg,OBJ071,70,train
OBJ071_021.jpg,OBJ071,70,train
OBJ071_022.jpg,OBJ071,70,test
OBJ071_023.jpg,OBJ071,70,train
OBJ071_024.jpg,OBJ071,70,train
OBJ071_025.jpg,OBJ071,70,train
OBJ071_026.jpg,OBJ071,70,train
OBJ071_027.jpg,OBJ071,70,train
OBJ071_028.jpg,OBJ071,70,train
OBJ071_029.jpg,OBJ071,70,test
OBJ071_030.jpg,OBJ071,70,val
OBJ071_031.jpg,OBJ071,70,val
OBJ071_032.jpg,OBJ071,70,train
OBJ071_033.jpg,OBJ071,70,train
OBJ071_034.jpg,OBJ071,70,train
OBJ071_035.jpg,OBJ071,70,val
OBJ071_036.jpg,OBJ071,70,train
OBJ071_037.jpg,OBJ071,70,test
OBJ071_038.jpg,OBJ071,70,val
OBJ071_039.jpg,OBJ071,70,train
OBJ071_040.jpg,OBJ071,70,train
OBJ071_041.jpg,OBJ071,70,val
OBJ071_042.jpg,OBJ071,70,test
OBJ071_043.jpg,OBJ071,70,train
OBJ071_044.jpg,OBJ071,70,val
OBJ071_045.jpg,OBJ071,70,train
OBJ071_046.jpg,OBJ071,70,train
OBJ071_047.jpg,OBJ071,70,train
OBJ071_048.jpg,OBJ071,70,train
OBJ071_049.jpg,OBJ071,70,train
OBJ071_050.jpg,OBJ071,70,train
OBJ071_051.jpg,OBJ071,70,train
OBJ071_052.jpg,OBJ071,70,test
OBJ071_053.jpg,OBJ071,70,train
OBJ071_054.jpg,OBJ071,70,train
OBJ071_055.jpg,OBJ071,70,train
OBJ071_056.jpg,OBJ071,70,val
OBJ071_057.jpg,OBJ071,70,test
OBJ071_058.jpg,OBJ071,70,train
OBJ071_059.jpg,OBJ071,70,train
OBJ071_060.jpg,OBJ071,70,train
OBJ071_061.jpg,OBJ071,70,train
OBJ071_062.jpg,OBJ071,70,train
OBJ071_063.jpg,OBJ071,70,train
OBJ071_064.jpg,OBJ071,70,train
OBJ071_065.jpg,OBJ071,70,test
OBJ071_066.jpg,OBJ071,70,train
OBJ071_067.jpg,OBJ071,70,test
OBJ071_068.jpg,OBJ071,70,train
OBJ071_069.jpg,OBJ071,70,train
OBJ071_070.jpg,OBJ071,70,val
OBJ071_071.jpg,OBJ071,70,train
OBJ071_072.jpg,OBJ071,70,train
OBJ071_073.jpg,OBJ071,70,train
OBJ071_074.jpg,OBJ071,70,train
OBJ071_075.jpg,OBJ071,70,val
OBJ071_076.jpg,OBJ071,70,train
OBJ071_077.jpg,OBJ071,70,train
OBJ071_078.jpg,OBJ071,70,train
OBJ071_079.jpg,OBJ071,70,val
OBJ071_080.jpg,OBJ071,70,test
OBJ071_081.jpg,OBJ071,70,train
OBJ071_082.jpg,OBJ071,70,train
OBJ071_083.jpg,OBJ071,70,train
OBJ071_084.jpg,OBJ071,70,test
OBJ071_085.jpg,OBJ071,70,train
OBJ071_086.jpg,OBJ071,70,train
OBJ071_087.jpg,OBJ071,70,train
OBJ071_088.jpg,OBJ071,70,val
OBJ071_089.jpg,OBJ071,70,train
OBJ071_090.jpg,OBJ071,70,train
OBJ071_091.jpg,OBJ071,70,train
OBJ071_092.jpg,OBJ071,70,train
OBJ071_093.jpg,OBJ071,70,test
OBJ071_094.jpg,OBJ071,70,val
OBJ071_095.jpg,OBJ071,70,train
OBJ072_001.jpg,OBJ072,71,test
OBJ072_002.jpg,OBJ072,71,train
OBJ072_003.jpg,OBJ072,71,val
OBJ072_004.jpg,OBJ072,71,train
OBJ072_005.jpg,OBJ072,71,train
OBJ072_006.jpg,OBJ072,71,test
OBJ072_007.jpg,OBJ072,71,test
OBJ072_008.jpg,OBJ072,71,train
OBJ072_009.jpg,OBJ072,71,train
OBJ072_010.jpg,OBJ072,71,test
OBJ072_011.jpg,OBJ072,71,train
OBJ072_012.jpg,OBJ072,71,train
OBJ072_013.jpg,OBJ072,71,train
OBJ072_014.jpg,OBJ072,71,test
OBJ072_015.jpg,OBJ072,71,train
OBJ072_016.jpg,OBJ072,71,train
OBJ072_017.jpg,OBJ072,71,train
OBJ072_018.jpg,OBJ072,71,train
OBJ072_019.jpg,OBJ072,71,train
OBJ072_020.jpg,OBJ072,71,train
OBJ072_021.jpg,OBJ072,71,val
OBJ072_022.jpg,OBJ072,71,train
OBJ072_023.jpg,OBJ072,71,test
OBJ072_024.jpg,OBJ072,71,train
OBJ072_025.jpg,OBJ072,71,train
OBJ072_026.jpg,OBJ072,71,test
OBJ072_027.jpg,OBJ072,71,train
OBJ072_028.jpg,OBJ072,71,train
OBJ072_029.jpg,OBJ072,71,val
OBJ072_030.jpg,OBJ072,71,val
OBJ072_031.jpg,OBJ072,71,test
OBJ072_032.jpg,OBJ072,71,val
OBJ072_033.jpg,OBJ072,71,train
OBJ072_034.jpg,OBJ072,71,test
OBJ072_035.jpg,OBJ072,71,test
OBJ072_036.jpg,OBJ072,71,train
OBJ072_037.jpg,OBJ072,71,train
OBJ072_038.jpg,OBJ072,71,train
OBJ072_039.jpg,OBJ072,71,train
OBJ072_040.jpg,OBJ072,71,train
OBJ072_041.jpg,OBJ072,71,val
OBJ072_042.jpg,OBJ072,71,train
OBJ072_043.jpg,OBJ072,71,val
OBJ072_044.jpg,OBJ072,71,train
OBJ072_045.jpg,OBJ072,71,train
OBJ072_046.jpg,OBJ072,71,train
OBJ072_047.jpg,OBJ072,71,train
OBJ072_048.jpg,OBJ072,71,train
OBJ072_049.jpg,OBJ072,71,train
OBJ072_050.jpg,OBJ072,71,train
OBJ072_051.jpg,OBJ072,71,train
OBJ072_052.jpg,OBJ072,71,val
OBJ072_053.jpg,OBJ072,71,train
OBJ072_054.jpg,OBJ072,71,train
OBJ072_055.jpg,OBJ072,71,train
OBJ072_056.jpg,OBJ072,71,train
OBJ072_057.jpg,OBJ072,71,train
OBJ072_058.jpg,OBJ072,71,test
OBJ072_059.jpg,OBJ072,71,train
OBJ072_060.jpg,OBJ072,71,train
OBJ072_061.jpg,OBJ072,71,val
OBJ072_062.jpg,OBJ072,71,train
OBJ072_063.jpg,OBJ072,71,train
OBJ072_064.jpg,OBJ072,71,train
OBJ072_065.jpg,OBJ072,71,train
OBJ072_066.jpg,OBJ072,71,train
OBJ072_067.jpg,OBJ072,71,test
OBJ072_068.jpg,OBJ072,71,train
OBJ072_069.jpg,OBJ072,71,train
OBJ072_070.jpg,OBJ072,71,train
OBJ072_071.jpg,OBJ072,71,val
OBJ072_072.jpg,OBJ072,71,train
OBJ072_073.jpg,OBJ072,71,train
OBJ072_074.jpg,OBJ072,71,train
OBJ072_075.jpg,OBJ072,71,train
OBJ072_076.jpg,OBJ072,71,train
OBJ072_077.jpg,OBJ072,71,train
OBJ072_078.jpg,OBJ072,71,val
OBJ072_079.jpg,OBJ072,71,test
OBJ072_080.jpg,OBJ072,71,val
OBJ072_081.jpg,OBJ072,71,train
OBJ072_082.jpg,OBJ072,71,train
OBJ072_083.jpg,OBJ072,71,train
OBJ072_084.jpg,OBJ072,71,train
OBJ072_085.jpg,OBJ072,71,val
OBJ072_086.jpg,OBJ072,71,train
OBJ072_087.jpg,OBJ072,71,val
OBJ072_088.jpg,OBJ072,71,train
OBJ072_089.jpg,OBJ072,71,train
OBJ072_090.jpg,OBJ072,71,train
OBJ072_091.jpg,OBJ072,71,train
OBJ072_092.jpg,OBJ072,71,train
OBJ072_093.jpg,OBJ072,71,test
OBJ072_094.jpg,OBJ072,71,train
OBJ072_095.jpg,OBJ072,71,train
OBJ073_001.jpg,OBJ073,72,train
OBJ073_002.jpg,OBJ073,72,train
OBJ073_003.jpg,OBJ073,72,val
OBJ073_004.jpg,OBJ073,72,train
OBJ073_005.jpg,OBJ073,72,train
OBJ073_006.jpg,OBJ073,72,train
OBJ073_007.jpg,OBJ073,72,train
OBJ073_008.jpg,OBJ073,72,train
OBJ073_009.jpg,OBJ073,72,val
OBJ073_010.jpg,OBJ073,72,train
OBJ073_011.jpg,OBJ073,72,train
OBJ073_012.jpg,OBJ073,72,train
OBJ073_013.jpg,OBJ073,72,train
OBJ073_014.jpg,OBJ073,72,train
OBJ073_015.jpg,OBJ073,72,val
OBJ073_016.jpg,OBJ073,72,train
OBJ073_017.jpg,OBJ073,72,test
OBJ073_018.jpg,OBJ073,72,train
OBJ073_019.jpg,OBJ073,72,val
OBJ073_020.jpg,OBJ073,72,train
OBJ073_021.jpg,OBJ073,72,train
OBJ073_022.jpg,OBJ073,72,train
OBJ073_023.jpg,OBJ073,72,train
OBJ073_024.jpg,OBJ073,72,train
OBJ073_025.jpg,OBJ073,72,train
OBJ073_026.jpg,OBJ073,72,test
OBJ073_027.jpg,OBJ073,72,test
OBJ073_028.jpg,OBJ073,72,train
OBJ073_029.jpg,OBJ073,72,train
OBJ073_030.jpg,OBJ073,72,train
OBJ073_031.jpg,OBJ073,72,train
OBJ073_032.jpg,OBJ073,72,train
OBJ073_033.jpg,OBJ073,72,test
OBJ073_034.jpg,OBJ073,72,train
OBJ073_035.jpg,OBJ073,72,train
OBJ073_036.jpg,OBJ073,72,train
OBJ073_037.jpg,OBJ073,72,train
OBJ073_038.jpg,OBJ073,72,train
OBJ073_039.jpg,OBJ073,72,train
OBJ073_040.jpg,OBJ073,72,train
OBJ073_041.jpg,OBJ073,72,train
OBJ073_042.jpg,OBJ073,72,test
OBJ073_043.jpg,OBJ073,72,train
OBJ073_044.jpg,OBJ073,72,train
OBJ073_045.jpg,OBJ073,72,train
OBJ073_046.jpg,OBJ073,72,val
OBJ073_047.jpg,OBJ073,72,val
OBJ073_048.jpg,OBJ073,72,train
OBJ073_049.jpg,OBJ073,72,test
OBJ073_050.jpg,OBJ073,72,train
OBJ073_051.jpg,OBJ073,72,train
OBJ073_052.jpg,OBJ073,72,test
OBJ073_053.jpg,OBJ073,72,test
OBJ073_054.jpg,OBJ073,72,train
OBJ073_055.jpg,OBJ073,72,val
OBJ073_056.jpg,OBJ073,72,test
OBJ073_057.jpg,OBJ073,72,train
OBJ073_058.jpg,OBJ073,72,train
OBJ073_059.jpg,OBJ073,72,train
OBJ073_060.jpg,OBJ073,72,train
OBJ073_061.jpg,OBJ073,72,train
OBJ073_062.jpg,OBJ073,72,train
OBJ073_063.jpg,OBJ073,72,val
OBJ073_064.jpg,OBJ073,72,train
OBJ073_065.jpg,OBJ073,72,train
OBJ073_066.jpg,OBJ073,72,val
OBJ073_067.jpg,OBJ073,72,train
OBJ073_068.jpg,OBJ073,72,train
OBJ073_069.jpg,OBJ073,72,train
OBJ073_070.jpg,OBJ073,72,train
OBJ073_071.jpg,OBJ073,72,train
OBJ073_072.jpg,OBJ073,72,train
OBJ073_073.jpg,OBJ073,72,train
OBJ073_074.jpg,OBJ073,72,val
OBJ073_075.jpg,OBJ073,72,train
OBJ073_076.jpg,OBJ073,72,train
OBJ073_077.jpg,OBJ073,72,test
OBJ073_078.jpg,OBJ073,72,train
OBJ073_079.jpg,OBJ073,72,test
OBJ073_080.jpg,OBJ073,72,test
OBJ073_081.jpg,OBJ073,72,train
OBJ073_082.jpg,OBJ073,72,val
OBJ073_083.jpg,OBJ073,72,val
OBJ073_084.jpg,OBJ073,72,train
OBJ073_085.jpg,OBJ073,72,val
OBJ073_086.jpg,OBJ073,72,val
OBJ073_087.jpg,OBJ073,72,test
OBJ073_088.jpg,OBJ073,72,val
OBJ073_089.jpg,OBJ073,72,test
OBJ073_090.jpg,OBJ073,72,train
OBJ073_091.jpg,OBJ073,72,train
OBJ073_092.jpg,OBJ073,72,train
OBJ073_093.jpg,OBJ073,72,train
OBJ073_094.jpg,OBJ073,72,train
OBJ073_095.jpg,OBJ073,72,train
