path,label,label_idx,fname
/content/data/IE7615 Deep Learning for AI/images_OBJ036/OBJ036_039.jpg,images_OBJ036,35,OBJ036_039.jpg
/content/data/IE7615 Deep Learning for AI/images_OBJ039/OBJ039_005.jpg,images_OBJ039,38,OBJ039_005.jpg
/content/data/IE7615 Deep Learning for AI/images_OBJ055/OBJ055_070.jpg,images_OBJ055,54,OBJ055_070.jpg
/content/data/IE7615 Deep Learning for AI/images_OBJ044/OBJ044_024.jpg,images_OBJ044,43,OBJ044_024.jpg
/content/data/IE7615 Deep Learning for AI/images_OBJ050/OBJ050_042.jpg,images_OBJ050,49,OBJ050_042.jpg
/content/data/IE7615 Deep Learning for AI/images_OBJ072/OBJ072_050.jpg,images_OBJ072,71,OBJ072_050.jpg
/content/data/IE7615 Deep Learning for AI/images_OBJ026/OBJ026_084.jpg,images_OBJ026,25,OBJ026_084.jpg
/content/data/IE7615 Deep Learning for AI/images_OBJ071/OBJ071_026.jpg,images_OBJ071,70,OBJ071_026.jpg
/content/data/IE7615 Deep Learning for AI/images_OBJ024/OBJ024_011.jpg,images_OBJ024,23,OBJ024_011.jpg
/content/data/IE7615 Deep Learning for AI/images_OBJ009/OBJ009_057.jpg,images_OBJ009,8,OBJ009_057.jpg
/content/data/IE7615 Deep Learning for AI/images_OBJ010/OBJ010_060.jpg,images_OBJ010,9,OBJ010_060.jpg
/content/data/IE7615 Deep Learning for AI/images_OBJ070/OBJ070_039.jpg,images_OBJ070,69,OBJ070_039.jpg
/content/data/IE7615 Deep Learning for AI/images_OBJ001/OBJ001_088.jpg,images_OBJ001,0,OBJ001_088.jpg
/content/data/IE7615 Deep Learning for AI/images_OBJ010/OBJ010_028.jpg,images_OBJ010,9,OBJ010_028.jpg
/content/data/IE7615 Deep Learning for AI/images_OBJ059/OBJ059_066.jpg,images_OBJ059,58,OBJ059_066.jpg
/content/data/IE7615 Deep Learning for AI/images_OBJ048/OBJ048_037.jpg,images_OBJ048,47,OBJ048_037.jpg
/content/data/IE7615 Deep Learning for AI/images_OBJ002/OBJ002_002.jpg,images_OBJ002,1,OBJ002_002.jpg
/content/data/IE7615 Deep Learning for AI/images_OBJ060/OBJ060_46.JPG,images_OBJ060,59,OBJ060_46.JPG
/content/data/IE7615 Deep Learning for AI/images_OBJ049/OBJ049_042.jpg,images_OBJ049,48,OBJ049_042.jpg
/content/data/IE7615 Deep Learning for AI/images_OBJ035/OBJ035_065.jpg,images_OBJ035,34,OBJ035_065.jpg
/content/data/IE7615 Deep Learning for AI/images_OBJ026/OBJ026_067.jpg,images_OBJ026,25,OBJ026_067.jpg
/content/data/IE7615 Deep Learning for AI/images_OBJ071/OBJ071_092.jpg,images_OBJ071,70,OBJ071_092.jpg
/content/data/IE7615 Deep Learning for AI/images_OBJ013/OBJ013_077.jpg,images_OBJ013,12,OBJ013_077.jpg
/content/data/IE7615 Deep Learning for AI/images_OBJ016/OBJ016_020.jpg,images_OBJ016,15,OBJ016_020.jpg
/content/data/IE7615 Deep Learning for AI/images_OBJ065/OBJ065_002.jpg,images_OBJ065,64,OBJ065_002.jpg
/content/data/IE7615 Deep Learning for AI/images_OBJ056/OBJ056_062.jpg,images_OBJ056,55,OBJ056_062.jpg
/content/data/IE7615 Deep Learning for AI/images_OBJ037/OBJ037_044.jpg,images_OBJ037,36,OBJ037_044.jpg
/content/data/IE7615 Deep Learning for AI/images_OBJ065/OBJ065_027.jpg,images_OBJ065,64,OBJ065_027.jpg
/content/data/IE7615 Deep Learning for AI/images_OBJ047/OBJ047_027.jpg,images_OBJ047,46,OBJ047_027.jpg
/content/data/IE7615 Deep Learning for AI/images_OBJ038/OBJ038_057.jpg,images_OBJ038,37,OBJ038_057.jpg
/content/data/IE7615 Deep Learning for AI/images_OBJ055/OBJ055_091.jpg,images_OBJ055,54,OBJ055_091.jpg
/content/data/IE7615 Deep Learning for AI/images_OBJ015/OBJ015_043.jpg,images_OBJ015,14,OBJ015_043.jpg
/content/data/IE7615 Deep Learning for AI/images_OBJ004/OBJ004_049.jpg,images_OBJ004,3,OBJ004_049.jpg
/content/data/IE7615 Deep Learning for AI/images_OBJ071/OBJ071_083.jpg,images_OBJ071,70,OBJ071_083.jpg
/content/data/IE7615 Deep Learning for AI/images_OBJ009/OBJ009_037.jpg,images_OBJ009,8,OBJ009_037.jpg
/content/data/IE7615 Deep Learning for AI/images_OBJ046/OBJ046_055.jpg,images_OBJ046,45,OBJ046_055.jpg
/content/data/IE7615 Deep Learning for AI/images_OBJ067/OBJ067_0090.jpg,images_OBJ067,66,OBJ067_0090.jpg
/content/data/IE7615 Deep Learning for AI/images_OBJ066/OBJ066_032.jpg,images_OBJ066,65,OBJ066_032.jpg
/content/data/IE7615 Deep Learning for AI/images_OBJ061/OBJ061_060.jpg,images_OBJ061,60,OBJ061_060.jpg
/content/data/IE7615 Deep Learning for AI/images_OBJ047/OBJ047_029.jpg,images_OBJ047,46,OBJ047_029.jpg
/content/data/IE7615 Deep Learning for AI/images_OBJ009/OBJ009_004.jpg,images_OBJ009,8,OBJ009_004.jpg
/content/data/IE7615 Deep Learning for AI/images_OBJ051/OBJ051_103.jpg,images_OBJ051,50,OBJ051_103.jpg
/content/data/IE7615 Deep Learning for AI/images_OBJ045/OBJ045_031.jpg,images_OBJ045,44,OBJ045_031.jpg
/content/data/IE7615 Deep Learning for AI/images_OBJ071/OBJ071_081.jpg,images_OBJ071,70,OBJ071_081.jpg
/content/data/IE7615 Deep Learning for AI/images_OBJ042/OBJ042_024.jpg,images_OBJ042,41,OBJ042_024.jpg
/content/data/IE7615 Deep Learning for AI/images_OBJ018/OBJ018_040.jpg,images_OBJ018,17,OBJ018_040.jpg
/content/data/IE7615 Deep Learning for AI/images_OBJ055/OBJ055_037.jpg,images_OBJ055,54,OBJ055_037.jpg
/content/data/IE7615 Deep Learning for AI/images_OBJ044/OBJ044_002.jpg,images_OBJ044,43,OBJ044_002.jpg
/content/data/IE7615 Deep Learning for AI/images_OBJ042/OBJ042_031.jpg,images_OBJ042,41,OBJ042_031.jpg
/content/data/IE7615 Deep Learning for AI/images_OBJ034/OBJ034_005.jpg,images_OBJ034,33,OBJ034_005.jpg
/content/data/IE7615 Deep Learning for AI/images_OBJ070/OBJ070_008.jpg,images_OBJ070,69,OBJ070_008.jpg
/content/data/IE7615 Deep Learning for AI/images_OBJ054/OBJ054_069.jpg,images_OBJ054,53,OBJ054_069.jpg
/content/data/IE7615 Deep Learning for AI/images_OBJ006/OBJ006_048.jpg,images_OBJ006,5,OBJ006_048.jpg
/content/data/IE7615 Deep Learning for AI/images_OBJ070/OBJ070_070.jpg,images_OBJ070,69,OBJ070_070.jpg
/content/data/IE7615 Deep Learning for AI/images_OBJ068/OBJ068_083.jpg,images_OBJ068,67,OBJ068_083.jpg
/content/data/IE7615 Deep Learning for AI/images_OBJ025/OBJ025_005.jpg,images_OBJ025,24,OBJ025_005.jpg
/content/data/IE7615 Deep Learning for AI/images_OBJ026/OBJ026_043.jpg,images_OBJ026,25,OBJ026_043.jpg
/content/data/IE7615 Deep Learning for AI/images_OBJ042/OBJ042_001.jpg,images_OBJ042,41,OBJ042_001.jpg
/content/data/IE7615 Deep Learning for AI/images_OBJ053/OBJ053_005.jpg,images_OBJ053,52,OBJ053_005.jpg
/content/data/IE7615 Deep Learning for AI/images_OBJ020/OBJ020_015.jpg,images_OBJ020,19,OBJ020_015.jpg
/content/data/IE7615 Deep Learning for AI/images_OBJ034/OBJ034_009.jpg,images_OBJ034,33,OBJ034_009.jpg
/content/data/IE7615 Deep Learning for AI/images_OBJ066/OBJ066_001.jpg,images_OBJ066,65,OBJ066_001.jpg
/content/data/IE7615 Deep Learning for AI/images_OBJ036/OBJ036_077.jpg,images_OBJ036,35,OBJ036_077.jpg
/content/data/IE7615 Deep Learning for AI/images_OBJ063/OBJ063_011.jpg,images_OBJ063,62,OBJ063_011.jpg
/content/data/IE7615 Deep Learning for AI/images_OBJ036/OBJ036_087.jpg,images_OBJ036,35,OBJ036_087.jpg
/content/data/IE7615 Deep Learning for AI/images_OBJ014/sunglasses_052.jpeg,images_OBJ014,13,sunglasses_052.jpeg
/content/data/IE7615 Deep Learning for AI/images_OBJ032/OBJ032_043.jpg,images_OBJ032,31,OBJ032_043.jpg
/content/data/IE7615 Deep Learning for AI/images_OBJ030/OBJ030_066.jpg,images_OBJ030,29,OBJ030_066.jpg
/content/data/IE7615 Deep Learning for AI/images_OBJ003/OBJ003_034.jpg,images_OBJ003,2,OBJ003_034.jpg
/content/data/IE7615 Deep Learning for AI/images_OBJ019/OBJ019_016.jpg,images_OBJ019,18,OBJ019_016.jpg
/content/data/IE7615 Deep Learning for AI/images_OBJ044/OBJ044_021.jpg,images_OBJ044,43,OBJ044_021.jpg
/content/data/IE7615 Deep Learning for AI/images_OBJ033/OBJ033_077.jpg,images_OBJ033,32,OBJ033_077.jpg
/content/data/IE7615 Deep Learning for AI/images_OBJ072/OBJ072_018.jpg,images_OBJ072,71,OBJ072_018.jpg
/content/data/IE7615 Deep Learning for AI/images_OBJ039/OBJ039_041.jpg,images_OBJ039,38,OBJ039_041.jpg
/content/data/IE7615 Deep Learning for AI/images_OBJ033/OBJ033_051.jpg,images_OBJ033,32,OBJ033_051.jpg
/content/data/IE7615 Deep Learning for AI/images_OBJ022/OBJ022_053.jpeg,images_OBJ022,21,OBJ022_053.jpeg
/content/data/IE7615 Deep Learning for AI/images_OBJ046/OBJ046_015.jpg,images_OBJ046,45,OBJ046_015.jpg
/content/data/IE7615 Deep Learning for AI/images_OBJ021/OBJ021_015.jpg,images_OBJ021,20,OBJ021_015.jpg
/content/data/IE7615 Deep Learning for AI/images_OBJ039/OBJ039_045.jpg,images_OBJ039,38,OBJ039_045.jpg
/content/data/IE7615 Deep Learning for AI/images_OBJ006/OBJ006_041.jpg,images_OBJ006,5,OBJ006_041.jpg
/content/data/IE7615 Deep Learning for AI/images_OBJ023/OBJ023_084.JPG,images_OBJ023,22,OBJ023_084.JPG
/content/data/IE7615 Deep Learning for AI/images_OBJ026/OBJ026_024.jpg,images_OBJ026,25,OBJ026_024.jpg
/content/data/IE7615 Deep Learning for AI/images_OBJ073/OBJ073_007.jpg,images_OBJ073,72,OBJ073_007.jpg
/content/data/IE7615 Deep Learning for AI/images_OBJ025/OBJ025_093.jpg,images_OBJ025,24,OBJ025_093.jpg
/content/data/IE7615 Deep Learning for AI/images_OBJ056/OBJ056_038.jpg,images_OBJ056,55,OBJ056_038.jpg
/content/data/IE7615 Deep Learning for AI/images_OBJ067/OBJ067_0003.jpg,images_OBJ067,66,OBJ067_0003.jpg
/content/data/IE7615 Deep Learning for AI/images_OBJ019/OBJ019_006.jpg,images_OBJ019,18,OBJ019_006.jpg
/content/data/IE7615 Deep Learning for AI/images_OBJ013/OBJ013_018.jpg,images_OBJ013,12,OBJ013_018.jpg
/content/data/IE7615 Deep Learning for AI/images_OBJ009/OBJ009_058.jpg,images_OBJ009,8,OBJ009_058.jpg
/content/data/IE7615 Deep Learning for AI/images_OBJ061/OBJ061_077.jpg,images_OBJ061,60,OBJ061_077.jpg
/content/data/IE7615 Deep Learning for AI/images_OBJ003/OBJ003_077.jpg,images_OBJ003,2,OBJ003_077.jpg
/content/data/IE7615 Deep Learning for AI/images_OBJ071/OBJ071_071.jpg,images_OBJ071,70,OBJ071_071.jpg
/content/data/IE7615 Deep Learning for AI/images_OBJ055/OBJ055_090.jpg,images_OBJ055,54,OBJ055_090.jpg
/content/data/IE7615 Deep Learning for AI/images_OBJ032/OBJ032_036.jpg,images_OBJ032,31,OBJ032_036.jpg
/content/data/IE7615 Deep Learning for AI/images_OBJ037/OBJ037_003.jpg,images_OBJ037,36,OBJ037_003.jpg
/content/data/IE7615 Deep Learning for AI/images_OBJ016/OBJ016_071.jpg,images_OBJ016,15,OBJ016_071.jpg
/content/data/IE7615 Deep Learning for AI/images_OBJ064/OBJ064_004.jpg,images_OBJ064,63,OBJ064_004.jpg
/content/data/IE7615 Deep Learning for AI/images_OBJ013/OBJ013_027.jpg,images_OBJ013,12,OBJ013_027.jpg
/content/data/IE7615 Deep Learning for AI/images_OBJ030/OBJ030_034.jpg,images_OBJ030,29,OBJ030_034.jpg
/content/data/IE7615 Deep Learning for AI/images_OBJ040/OBJ040_055.JPG,images_OBJ040,39,OBJ040_055.JPG
/content/data/IE7615 Deep Learning for AI/images_OBJ023/OBJ023_079.JPG,images_OBJ023,22,OBJ023_079.JPG
/content/data/IE7615 Deep Learning for AI/images_OBJ015/OBJ015_066.jpg,images_OBJ015,14,OBJ015_066.jpg
/content/data/IE7615 Deep Learning for AI/images_OBJ048/OBJ048_058.jpg,images_OBJ048,47,OBJ048_058.jpg
/content/data/IE7615 Deep Learning for AI/images_OBJ048/OBJ048_076.jpg,images_OBJ048,47,OBJ048_076.jpg
/content/data/IE7615 Deep Learning for AI/images_OBJ007/OBJ007_011.jpg,images_OBJ007,6,OBJ007_011.jpg
/content/data/IE7615 Deep Learning for AI/images_OBJ001/OBJ001_064.jpg,images_OBJ001,0,OBJ001_064.jpg
/content/data/IE7615 Deep Learning for AI/images_OBJ039/OBJ039_067.jpg,images_OBJ039,38,OBJ039_067.jpg
/content/data/IE7615 Deep Learning for AI/images_OBJ066/OBJ066_061.jpg,images_OBJ066,65,OBJ066_061.jpg
/content/data/IE7615 Deep Learning for AI/images_OBJ071/OBJ071_025.jpg,images_OBJ071,70,OBJ071_025.jpg
/content/data/IE7615 Deep Learning for AI/images_OBJ062/OBJ062_006.jpg,images_OBJ062,61,OBJ062_006.jpg
/content/data/IE7615 Deep Learning for AI/images_OBJ049/OBJ049_081.jpg,images_OBJ049,48,OBJ049_081.jpg
/content/data/IE7615 Deep Learning for AI/images_OBJ043/OBJ043_075.jpg,images_OBJ043,42,OBJ043_075.jpg
/content/data/IE7615 Deep Learning for AI/images_OBJ065/OBJ065_068.jpg,images_OBJ065,64,OBJ065_068.jpg
/content/data/IE7615 Deep Learning for AI/images_OBJ043/OBJ043_005.jpg,images_OBJ043,42,OBJ043_005.jpg
/content/data/IE7615 Deep Learning for AI/images_OBJ052/OBJ052_077.jpg,images_OBJ052,51,OBJ052_077.jpg
/content/data/IE7615 Deep Learning for AI/images_OBJ015/OBJ015_014.jpg,images_OBJ015,14,OBJ015_014.jpg
/content/data/IE7615 Deep Learning for AI/images_OBJ010/OBJ010_007.jpg,images_OBJ010,9,OBJ010_007.jpg
/content/data/IE7615 Deep Learning for AI/images_OBJ025/OBJ025_090.jpg,images_OBJ025,24,OBJ025_090.jpg
/content/data/IE7615 Deep Learning for AI/images_OBJ004/OBJ004_057.jpg,images_OBJ004,3,OBJ004_057.jpg
/content/data/IE7615 Deep Learning for AI/images_OBJ044/OBJ044_045.jpg,images_OBJ044,43,OBJ044_045.jpg
/content/data/IE7615 Deep Learning for AI/images_OBJ017/OBJ017_042.jpg,images_OBJ017,16,OBJ017_042.jpg
/content/data/IE7615 Deep Learning for AI/images_OBJ026/OBJ026_011.jpg,images_OBJ026,25,OBJ026_011.jpg
/content/data/IE7615 Deep Learning for AI/images_OBJ045/OBJ045_072.jpg,images_OBJ045,44,OBJ045_072.jpg
/content/data/IE7615 Deep Learning for AI/images_OBJ038/OBJ038_010.jpg,images_OBJ038,37,OBJ038_010.jpg
/content/data/IE7615 Deep Learning for AI/images_OBJ012/OBJ012_022.jpg,images_OBJ012,11,OBJ012_022.jpg
/content/data/IE7615 Deep Learning for AI/images_OBJ025/OBJ025_080.jpg,images_OBJ025,24,OBJ025_080.jpg
/content/data/IE7615 Deep Learning for AI/images_OBJ065/OBJ065_034.jpg,images_OBJ065,64,OBJ065_034.jpg
/content/data/IE7615 Deep Learning for AI/images_OBJ045/OBJ045_027.jpg,images_OBJ045,44,OBJ045_027.jpg
/content/data/IE7615 Deep Learning for AI/images_OBJ053/OBJ053_012.jpg,images_OBJ053,52,OBJ053_012.jpg
/content/data/IE7615 Deep Learning for AI/images_OBJ053/OBJ053_069.jpg,images_OBJ053,52,OBJ053_069.jpg
/content/data/IE7615 Deep Learning for AI/images_OBJ037/OBJ037_018.jpg,images_OBJ037,36,OBJ037_018.jpg
/content/data/IE7615 Deep Learning for AI/images_OBJ037/OBJ037_090.jpg,images_OBJ037,36,OBJ037_090.jpg
/content/data/IE7615 Deep Learning for AI/images_OBJ001/OBJ001_013.jpg,images_OBJ001,0,OBJ001_013.jpg
/content/data/IE7615 Deep Learning for AI/images_OBJ061/OBJ061_009.jpg,images_OBJ061,60,OBJ061_009.jpg
/content/data/IE7615 Deep Learning for AI/images_OBJ057/OBJ057_086.jpg,images_OBJ057,56,OBJ057_086.jpg
/content/data/IE7615 Deep Learning for AI/images_OBJ051/OBJ051_009.jpg,images_OBJ051,50,OBJ051_009.jpg
/content/data/IE7615 Deep Learning for AI/images_OBJ067/OBJ067_0022.jpg,images_OBJ067,66,OBJ067_0022.jpg
/content/data/IE7615 Deep Learning for AI/images_OBJ046/OBJ046_042.jpg,images_OBJ046,45,OBJ046_042.jpg
/content/data/IE7615 Deep Learning for AI/images_OBJ033/OBJ033_037.jpg,images_OBJ033,32,OBJ033_037.jpg
/content/data/IE7615 Deep Learning for AI/images_OBJ015/OBJ015_094.jpg,images_OBJ015,14,OBJ015_094.jpg
/content/data/IE7615 Deep Learning for AI/images_OBJ062/OBJ062_011.jpg,images_OBJ062,61,OBJ062_011.jpg
/content/data/IE7615 Deep Learning for AI/images_OBJ057/OBJ057_001.jpg,images_OBJ057,56,OBJ057_001.jpg
/content/data/IE7615 Deep Learning for AI/images_OBJ014/sunglasses_009.jpeg,images_OBJ014,13,sunglasses_009.jpeg
/content/data/IE7615 Deep Learning for AI/images_OBJ067/OBJ067_0014.jpg,images_OBJ067,66,OBJ067_0014.jpg
/content/data/IE7615 Deep Learning for AI/images_OBJ027/OBJ027_090.jpg,images_OBJ027,26,OBJ027_090.jpg
/content/data/IE7615 Deep Learning for AI/images_OBJ048/OBJ048_041.jpg,images_OBJ048,47,OBJ048_041.jpg
/content/data/IE7615 Deep Learning for AI/images_OBJ048/OBJ048_043.jpg,images_OBJ048,47,OBJ048_043.jpg
/content/data/IE7615 Deep Learning for AI/images_OBJ008/OBJ008_016.jpg,images_OBJ008,7,OBJ008_016.jpg
/content/data/IE7615 Deep Learning for AI/images_OBJ031/OBJ031_047.jpg,images_OBJ031,30,OBJ031_047.jpg
/content/data/IE7615 Deep Learning for AI/images_OBJ040/OBJ040_032.JPG,images_OBJ040,39,OBJ040_032.JPG
/content/data/IE7615 Deep Learning for AI/images_OBJ005/OBJ005_081.jpg,images_OBJ005,4,OBJ005_081.jpg
/content/data/IE7615 Deep Learning for AI/images_OBJ043/OBJ043_058.jpg,images_OBJ043,42,OBJ043_058.jpg
/content/data/IE7615 Deep Learning for AI/images_OBJ071/OBJ071_007.jpg,images_OBJ071,70,OBJ071_007.jpg
/content/data/IE7615 Deep Learning for AI/images_OBJ003/OBJ003_088.jpg,images_OBJ003,2,OBJ003_088.jpg
/content/data/IE7615 Deep Learning for AI/images_OBJ062/OBJ062_014.jpg,images_OBJ062,61,OBJ062_014.jpg
/content/data/IE7615 Deep Learning for AI/images_OBJ032/OBJ032_046.jpg,images_OBJ032,31,OBJ032_046.jpg
/content/data/IE7615 Deep Learning for AI/images_OBJ058/OBJ058_010.jpg,images_OBJ058,57,OBJ058_010.jpg
/content/data/IE7615 Deep Learning for AI/images_OBJ070/OBJ070_053.jpg,images_OBJ070,69,OBJ070_053.jpg
/content/data/IE7615 Deep Learning for AI/images_OBJ039/OBJ039_071.jpg,images_OBJ039,38,OBJ039_071.jpg
/content/data/IE7615 Deep Learning for AI/images_OBJ011/OBJ011_024.jpg,images_OBJ011,10,OBJ011_024.jpg
/content/data/IE7615 Deep Learning for AI/images_OBJ027/OBJ027_033.jpg,images_OBJ027,26,OBJ027_033.jpg
/content/data/IE7615 Deep Learning for AI/images_OBJ042/OBJ042_023.jpg,images_OBJ042,41,OBJ042_023.jpg
/content/data/IE7615 Deep Learning for AI/images_OBJ002/OBJ002_023.jpg,images_OBJ002,1,OBJ002_023.jpg
/content/data/IE7615 Deep Learning for AI/images_OBJ030/OBJ030_018.jpg,images_OBJ030,29,OBJ030_018.jpg
/content/data/IE7615 Deep Learning for AI/images_OBJ043/OBJ043_056.jpg,images_OBJ043,42,OBJ043_056.jpg
/content/data/IE7615 Deep Learning for AI/images_OBJ004/OBJ004_078.jpg,images_OBJ004,3,OBJ004_078.jpg
/content/data/IE7615 Deep Learning for AI/images_OBJ056/OBJ056_066.jpg,images_OBJ056,55,OBJ056_066.jpg
/content/data/IE7615 Deep Learning for AI/images_OBJ054/OBJ054_022.jpg,images_OBJ054,53,OBJ054_022.jpg
/content/data/IE7615 Deep Learning for AI/images_OBJ032/OBJ032_039.jpg,images_OBJ032,31,OBJ032_039.jpg
/content/data/IE7615 Deep Learning for AI/images_OBJ013/OBJ013_009.jpg,images_OBJ013,12,OBJ013_009.jpg
/content/data/IE7615 Deep Learning for AI/images_OBJ040/OBJ040_058.JPG,images_OBJ040,39,OBJ040_058.JPG
/content/data/IE7615 Deep Learning for AI/images_OBJ056/OBJ056_015.jpg,images_OBJ056,55,OBJ056_015.jpg
/content/data/IE7615 Deep Learning for AI/images_OBJ029/OBJ029_068.jpg,images_OBJ029,28,OBJ029_068.jpg
/content/data/IE7615 Deep Learning for AI/images_OBJ038/OBJ038_078.jpg,images_OBJ038,37,OBJ038_078.jpg
/content/data/IE7615 Deep Learning for AI/images_OBJ020/OBJ020_019.jpg,images_OBJ020,19,OBJ020_019.jpg
/content/data/IE7615 Deep Learning for AI/images_OBJ025/OBJ025_069.jpg,images_OBJ025,24,OBJ025_069.jpg
/content/data/IE7615 Deep Learning for AI/images_OBJ044/OBJ044_026.jpg,images_OBJ044,43,OBJ044_026.jpg
/content/data/IE7615 Deep Learning for AI/images_OBJ043/OBJ043_038.jpg,images_OBJ043,42,OBJ043_038.jpg
/content/data/IE7615 Deep Learning for AI/images_OBJ001/OBJ001_051.jpg,images_OBJ001,0,OBJ001_051.jpg
/content/data/IE7615 Deep Learning for AI/images_OBJ008/OBJ008_030.jpg,images_OBJ008,7,OBJ008_030.jpg
/content/data/IE7615 Deep Learning for AI/images_OBJ004/OBJ004_011.jpg,images_OBJ004,3,OBJ004_011.jpg
/content/data/IE7615 Deep Learning for AI/images_OBJ046/OBJ046_093.jpg,images_OBJ046,45,OBJ046_093.jpg
/content/data/IE7615 Deep Learning for AI/images_OBJ068/OBJ068_043.jpg,images_OBJ068,67,OBJ068_043.jpg
/content/data/IE7615 Deep Learning for AI/images_OBJ032/OBJ032_001.jpg,images_OBJ032,31,OBJ032_001.jpg
/content/data/IE7615 Deep Learning for AI/images_OBJ048/OBJ048_023.jpg,images_OBJ048,47,OBJ048_023.jpg
/content/data/IE7615 Deep Learning for AI/images_OBJ073/OBJ073_043.jpg,images_OBJ073,72,OBJ073_043.jpg
/content/data/IE7615 Deep Learning for AI/images_OBJ066/OBJ066_009.jpg,images_OBJ066,65,OBJ066_009.jpg
/content/data/IE7615 Deep Learning for AI/images_OBJ007/OBJ007_004.jpg,images_OBJ007,6,OBJ007_004.jpg
/content/data/IE7615 Deep Learning for AI/images_OBJ028/OBJ028_026.jpg,images_OBJ028,27,OBJ028_026.jpg
/content/data/IE7615 Deep Learning for AI/images_OBJ052/OBJ052_021.jpg,images_OBJ052,51,OBJ052_021.jpg
/content/data/IE7615 Deep Learning for AI/images_OBJ021/OBJ021_068.jpg,images_OBJ021,20,OBJ021_068.jpg
/content/data/IE7615 Deep Learning for AI/images_OBJ023/OBJ023_026.JPG,images_OBJ023,22,OBJ023_026.JPG
/content/data/IE7615 Deep Learning for AI/images_OBJ001/OBJ001_033.jpg,images_OBJ001,0,OBJ001_033.jpg
/content/data/IE7615 Deep Learning for AI/images_OBJ059/OBJ059_033.jpg,images_OBJ059,58,OBJ059_033.jpg
/content/data/IE7615 Deep Learning for AI/images_OBJ061/OBJ061_026.jpg,images_OBJ061,60,OBJ061_026.jpg
/content/data/IE7615 Deep Learning for AI/images_OBJ002/OBJ002_093.jpg,images_OBJ002,1,OBJ002_093.jpg
/content/data/IE7615 Deep Learning for AI/images_OBJ063/OBJ063_056.jpg,images_OBJ063,62,OBJ063_056.jpg
/content/data/IE7615 Deep Learning for AI/images_OBJ049/OBJ049_068.jpg,images_OBJ049,48,OBJ049_068.jpg
/content/data/IE7615 Deep Learning for AI/images_OBJ012/OBJ012_083.jpg,images_OBJ012,11,OBJ012_083.jpg
/content/data/IE7615 Deep Learning for AI/images_OBJ004/OBJ004_010.jpg,images_OBJ004,3,OBJ004_010.jpg
/content/data/IE7615 Deep Learning for AI/images_OBJ065/OBJ065_087.jpg,images_OBJ065,64,OBJ065_087.jpg
/content/data/IE7615 Deep Learning for AI/images_OBJ056/OBJ056_021.jpg,images_OBJ056,55,OBJ056_021.jpg
/content/data/IE7615 Deep Learning for AI/images_OBJ038/OBJ038_024.jpg,images_OBJ038,37,OBJ038_024.jpg
/content/data/IE7615 Deep Learning for AI/images_OBJ007/OBJ007_028.jpg,images_OBJ007,6,OBJ007_028.jpg
/content/data/IE7615 Deep Learning for AI/images_OBJ031/OBJ031_001.jpg,images_OBJ031,30,OBJ031_001.jpg
/content/data/IE7615 Deep Learning for AI/images_OBJ009/OBJ009_006.jpg,images_OBJ009,8,OBJ009_006.jpg
/content/data/IE7615 Deep Learning for AI/images_OBJ058/OBJ058_049.jpg,images_OBJ058,57,OBJ058_049.jpg
/content/data/IE7615 Deep Learning for AI/images_OBJ052/OBJ052_016.jpg,images_OBJ052,51,OBJ052_016.jpg
/content/data/IE7615 Deep Learning for AI/images_OBJ037/OBJ037_005.jpg,images_OBJ037,36,OBJ037_005.jpg
/content/data/IE7615 Deep Learning for AI/images_OBJ062/OBJ062_077.jpg,images_OBJ062,61,OBJ062_077.jpg
/content/data/IE7615 Deep Learning for AI/images_OBJ045/OBJ045_036.jpg,images_OBJ045,44,OBJ045_036.jpg
/content/data/IE7615 Deep Learning for AI/images_OBJ004/OBJ004_053.jpg,images_OBJ004,3,OBJ004_053.jpg
/content/data/IE7615 Deep Learning for AI/images_OBJ041/OBJ041_035.jpg,images_OBJ041,40,OBJ041_035.jpg
/content/data/IE7615 Deep Learning for AI/images_OBJ045/OBJ045_040.jpg,images_OBJ045,44,OBJ045_040.jpg
/content/data/IE7615 Deep Learning for AI/images_OBJ042/OBJ042_010.jpg,images_OBJ042,41,OBJ042_010.jpg
/content/data/IE7615 Deep Learning for AI/images_OBJ067/OBJ067_0085.jpg,images_OBJ067,66,OBJ067_0085.jpg
/content/data/IE7615 Deep Learning for AI/images_OBJ045/OBJ045_034.jpg,images_OBJ045,44,OBJ045_034.jpg
/content/data/IE7615 Deep Learning for AI/images_OBJ056/OBJ056_050.jpg,images_OBJ056,55,OBJ056_050.jpg
/content/data/IE7615 Deep Learning for AI/images_OBJ060/OBJ060_44.JPG,images_OBJ060,59,OBJ060_44.JPG
/content/data/IE7615 Deep Learning for AI/images_OBJ014/sunglasses_054.jpeg,images_OBJ014,13,sunglasses_054.jpeg
/content/data/IE7615 Deep Learning for AI/images_OBJ040/OBJ040_016.JPG,images_OBJ040,39,OBJ040_016.JPG
/content/data/IE7615 Deep Learning for AI/images_OBJ069/OBJ069_009.jpg,images_OBJ069,68,OBJ069_009.jpg
/content/data/IE7615 Deep Learning for AI/images_OBJ056/OBJ056_003.jpg,images_OBJ056,55,OBJ056_003.jpg
/content/data/IE7615 Deep Learning for AI/images_OBJ017/OBJ017_025.jpg,images_OBJ017,16,OBJ017_025.jpg
/content/data/IE7615 Deep Learning for AI/images_OBJ033/OBJ033_070.jpg,images_OBJ033,32,OBJ033_070.jpg
/content/data/IE7615 Deep Learning for AI/images_OBJ020/OBJ020_002.jpg,images_OBJ020,19,OBJ020_002.jpg
/content/data/IE7615 Deep Learning for AI/images_OBJ020/OBJ020_008.jpg,images_OBJ020,19,OBJ020_008.jpg
/content/data/IE7615 Deep Learning for AI/images_OBJ070/OBJ070_052.jpg,images_OBJ070,69,OBJ070_052.jpg
/content/data/IE7615 Deep Learning for AI/images_OBJ001/OBJ001_077.jpg,images_OBJ001,0,OBJ001_077.jpg
/content/data/IE7615 Deep Learning for AI/images_OBJ062/OBJ062_088.jpg,images_OBJ062,61,OBJ062_088.jpg
/content/data/IE7615 Deep Learning for AI/images_OBJ026/OBJ026_044.jpg,images_OBJ026,25,OBJ026_044.jpg
/content/data/IE7615 Deep Learning for AI/images_OBJ002/OBJ002_011.jpg,images_OBJ002,1,OBJ002_011.jpg
/content/data/IE7615 Deep Learning for AI/images_OBJ019/OBJ019_010.jpg,images_OBJ019,18,OBJ019_010.jpg
/content/data/IE7615 Deep Learning for AI/images_OBJ031/OBJ031_048.jpg,images_OBJ031,30,OBJ031_048.jpg
/content/data/IE7615 Deep Learning for AI/images_OBJ008/OBJ008_027.jpg,images_OBJ008,7,OBJ008_027.jpg
/content/data/IE7615 Deep Learning for AI/images_OBJ010/OBJ010_077.jpg,images_OBJ010,9,OBJ010_077.jpg
/content/data/IE7615 Deep Learning for AI/images_OBJ003/OBJ003_081.jpg,images_OBJ003,2,OBJ003_081.jpg
/content/data/IE7615 Deep Learning for AI/images_OBJ031/OBJ031_059.jpg,images_OBJ031,30,OBJ031_059.jpg
/content/data/IE7615 Deep Learning for AI/images_OBJ030/OBJ030_051.jpg,images_OBJ030,29,OBJ030_051.jpg
/content/data/IE7615 Deep Learning for AI/images_OBJ023/OBJ023_062.JPG,images_OBJ023,22,OBJ023_062.JPG
/content/data/IE7615 Deep Learning for AI/images_OBJ045/OBJ045_003.jpg,images_OBJ045,44,OBJ045_003.jpg
/content/data/IE7615 Deep Learning for AI/images_OBJ055/OBJ055_061.jpg,images_OBJ055,54,OBJ055_061.jpg
/content/data/IE7615 Deep Learning for AI/images_OBJ032/OBJ032_072.jpg,images_OBJ032,31,OBJ032_072.jpg
/content/data/IE7615 Deep Learning for AI/images_OBJ025/OBJ025_033.jpg,images_OBJ025,24,OBJ025_033.jpg
/content/data/IE7615 Deep Learning for AI/images_OBJ061/OBJ061_071.jpg,images_OBJ061,60,OBJ061_071.jpg
/content/data/IE7615 Deep Learning for AI/images_OBJ034/OBJ034_031.jpg,images_OBJ034,33,OBJ034_031.jpg
/content/data/IE7615 Deep Learning for AI/images_OBJ046/OBJ046_083.jpg,images_OBJ046,45,OBJ046_083.jpg
/content/data/IE7615 Deep Learning for AI/images_OBJ039/OBJ039_002.jpg,images_OBJ039,38,OBJ039_002.jpg
/content/data/IE7615 Deep Learning for AI/images_OBJ020/OBJ020_030.jpg,images_OBJ020,19,OBJ020_030.jpg
/content/data/IE7615 Deep Learning for AI/images_OBJ039/OBJ039_038.jpg,images_OBJ039,38,OBJ039_038.jpg
/content/data/IE7615 Deep Learning for AI/images_OBJ033/OBJ033_085.jpg,images_OBJ033,32,OBJ033_085.jpg
/content/data/IE7615 Deep Learning for AI/images_OBJ019/OBJ019_062.jpg,images_OBJ019,18,OBJ019_062.jpg
/content/data/IE7615 Deep Learning for AI/images_OBJ041/OBJ041_024.jpg,images_OBJ041,40,OBJ041_024.jpg
/content/data/IE7615 Deep Learning for AI/images_OBJ018/OBJ018_072.jpg,images_OBJ018,17,OBJ018_072.jpg
/content/data/IE7615 Deep Learning for AI/images_OBJ009/OBJ009_081.jpg,images_OBJ009,8,OBJ009_081.jpg
/content/data/IE7615 Deep Learning for AI/images_OBJ011/OBJ011_049.jpg,images_OBJ011,10,OBJ011_049.jpg
/content/data/IE7615 Deep Learning for AI/images_OBJ012/OBJ012_067.jpg,images_OBJ012,11,OBJ012_067.jpg
/content/data/IE7615 Deep Learning for AI/images_OBJ058/OBJ058_021.jpg,images_OBJ058,57,OBJ058_021.jpg
/content/data/IE7615 Deep Learning for AI/images_OBJ016/OBJ016_022.jpg,images_OBJ016,15,OBJ016_022.jpg
/content/data/IE7615 Deep Learning for AI/images_OBJ031/OBJ031_045.jpg,images_OBJ031,30,OBJ031_045.jpg
/content/data/IE7615 Deep Learning for AI/images_OBJ007/OBJ007_030.jpg,images_OBJ007,6,OBJ007_030.jpg
/content/data/IE7615 Deep Learning for AI/images_OBJ003/OBJ003_080.jpg,images_OBJ003,2,OBJ003_080.jpg
/content/data/IE7615 Deep Learning for AI/images_OBJ028/OBJ028_060.jpg,images_OBJ028,27,OBJ028_060.jpg
/content/data/IE7615 Deep Learning for AI/images_OBJ034/OBJ034_024.jpg,images_OBJ034,33,OBJ034_024.jpg
/content/data/IE7615 Deep Learning for AI/images_OBJ051/OBJ051_030.jpg,images_OBJ051,50,OBJ051_030.jpg
/content/data/IE7615 Deep Learning for AI/images_OBJ029/OBJ029_005.jpg,images_OBJ029,28,OBJ029_005.jpg
/content/data/IE7615 Deep Learning for AI/images_OBJ021/OBJ021_042.jpg,images_OBJ021,20,OBJ021_042.jpg
/content/data/IE7615 Deep Learning for AI/images_OBJ016/OBJ016_046.jpg,images_OBJ016,15,OBJ016_046.jpg
/content/data/IE7615 Deep Learning for AI/images_OBJ030/OBJ030_052.jpg,images_OBJ030,29,OBJ030_052.jpg
/content/data/IE7615 Deep Learning for AI/images_OBJ043/OBJ043_022.jpg,images_OBJ043,42,OBJ043_022.jpg
/content/data/IE7615 Deep Learning for AI/images_OBJ014/sunglasses_019.jpeg,images_OBJ014,13,sunglasses_019.jpeg
/content/data/IE7615 Deep Learning for AI/images_OBJ033/OBJ033_021.jpg,images_OBJ033,32,OBJ033_021.jpg
/content/data/IE7615 Deep Learning for AI/images_OBJ070/OBJ070_077.jpg,images_OBJ070,69,OBJ070_077.jpg
/content/data/IE7615 Deep Learning for AI/images_OBJ028/OBJ028_065.jpg,images_OBJ028,27,OBJ028_065.jpg
/content/data/IE7615 Deep Learning for AI/images_OBJ021/OBJ021_049.jpg,images_OBJ021,20,OBJ021_049.jpg
/content/data/IE7615 Deep Learning for AI/images_OBJ072/OBJ072_070.jpg,images_OBJ072,71,OBJ072_070.jpg
/content/data/IE7615 Deep Learning for AI/images_OBJ053/OBJ053_081.jpg,images_OBJ053,52,OBJ053_081.jpg
/content/data/IE7615 Deep Learning for AI/images_OBJ040/OBJ040_067.JPG,images_OBJ040,39,OBJ040_067.JPG
/content/data/IE7615 Deep Learning for AI/images_OBJ028/OBJ028_014.jpg,images_OBJ028,27,OBJ028_014.jpg
/content/data/IE7615 Deep Learning for AI/images_OBJ054/OBJ054_059.jpg,images_OBJ054,53,OBJ054_059.jpg
/content/data/IE7615 Deep Learning for AI/images_OBJ004/OBJ004_019.jpg,images_OBJ004,3,OBJ004_019.jpg
/content/data/IE7615 Deep Learning for AI/images_OBJ058/OBJ058_004.jpg,images_OBJ058,57,OBJ058_004.jpg
/content/data/IE7615 Deep Learning for AI/images_OBJ043/OBJ043_082.jpg,images_OBJ043,42,OBJ043_082.jpg
/content/data/IE7615 Deep Learning for AI/images_OBJ066/OBJ066_002.jpg,images_OBJ066,65,OBJ066_002.jpg
/content/data/IE7615 Deep Learning for AI/images_OBJ026/OBJ026_008.jpg,images_OBJ026,25,OBJ026_008.jpg
/content/data/IE7615 Deep Learning for AI/images_OBJ047/OBJ047_070.jpg,images_OBJ047,46,OBJ047_070.jpg
/content/data/IE7615 Deep Learning for AI/images_OBJ021/OBJ021_089.jpg,images_OBJ021,20,OBJ021_089.jpg
/content/data/IE7615 Deep Learning for AI/images_OBJ019/OBJ019_003.jpg,images_OBJ019,18,OBJ019_003.jpg
/content/data/IE7615 Deep Learning for AI/images_OBJ023/OBJ023_058.JPG,images_OBJ023,22,OBJ023_058.JPG
/content/data/IE7615 Deep Learning for AI/images_OBJ020/OBJ020_016.jpg,images_OBJ020,19,OBJ020_016.jpg
/content/data/IE7615 Deep Learning for AI/images_OBJ066/OBJ066_029.jpg,images_OBJ066,65,OBJ066_029.jpg
/content/data/IE7615 Deep Learning for AI/images_OBJ032/OBJ032_068.jpg,images_OBJ032,31,OBJ032_068.jpg
/content/data/IE7615 Deep Learning for AI/images_OBJ037/OBJ037_043.jpg,images_OBJ037,36,OBJ037_043.jpg
/content/data/IE7615 Deep Learning for AI/images_OBJ062/OBJ062_092.jpg,images_OBJ062,61,OBJ062_092.jpg
/content/data/IE7615 Deep Learning for AI/images_OBJ059/OBJ059_060.jpg,images_OBJ059,58,OBJ059_060.jpg
/content/data/IE7615 Deep Learning for AI/images_OBJ001/OBJ001_071.jpg,images_OBJ001,0,OBJ001_071.jpg
/content/data/IE7615 Deep Learning for AI/images_OBJ046/OBJ046_052.jpg,images_OBJ046,45,OBJ046_052.jpg
/content/data/IE7615 Deep Learning for AI/images_OBJ034/OBJ034_059.jpg,images_OBJ034,33,OBJ034_059.jpg
/content/data/IE7615 Deep Learning for AI/images_OBJ029/OBJ029_057.jpg,images_OBJ029,28,OBJ029_057.jpg
/content/data/IE7615 Deep Learning for AI/images_OBJ061/OBJ061_031.jpg,images_OBJ061,60,OBJ061_031.jpg
/content/data/IE7615 Deep Learning for AI/images_OBJ008/OBJ008_071.jpg,images_OBJ008,7,OBJ008_071.jpg
/content/data/IE7615 Deep Learning for AI/images_OBJ035/OBJ035_011.jpg,images_OBJ035,34,OBJ035_011.jpg
/content/data/IE7615 Deep Learning for AI/images_OBJ034/OBJ034_011.jpg,images_OBJ034,33,OBJ034_011.jpg
/content/data/IE7615 Deep Learning for AI/images_OBJ029/OBJ029_075.jpg,images_OBJ029,28,OBJ029_075.jpg
/content/data/IE7615 Deep Learning for AI/images_OBJ023/OBJ023_033.JPG,images_OBJ023,22,OBJ023_033.JPG
/content/data/IE7615 Deep Learning for AI/images_OBJ044/OBJ044_025.jpg,images_OBJ044,43,OBJ044_025.jpg
/content/data/IE7615 Deep Learning for AI/images_OBJ067/OBJ067_0059.jpg,images_OBJ067,66,OBJ067_0059.jpg
/content/data/IE7615 Deep Learning for AI/images_OBJ031/OBJ031_008.jpg,images_OBJ031,30,OBJ031_008.jpg
/content/data/IE7615 Deep Learning for AI/images_OBJ030/OBJ030_046.jpg,images_OBJ030,29,OBJ030_046.jpg
/content/data/IE7615 Deep Learning for AI/images_OBJ020/OBJ020_045.jpg,images_OBJ020,19,OBJ020_045.jpg
/content/data/IE7615 Deep Learning for AI/images_OBJ022/OBJ022_057.jpeg,images_OBJ022,21,OBJ022_057.jpeg
/content/data/IE7615 Deep Learning for AI/images_OBJ019/OBJ019_047.jpg,images_OBJ019,18,OBJ019_047.jpg
/content/data/IE7615 Deep Learning for AI/images_OBJ063/OBJ063_052.jpg,images_OBJ063,62,OBJ063_052.jpg
/content/data/IE7615 Deep Learning for AI/images_OBJ053/OBJ053_070.jpg,images_OBJ053,52,OBJ053_070.jpg
/content/data/IE7615 Deep Learning for AI/images_OBJ027/OBJ027_068.jpg,images_OBJ027,26,OBJ027_068.jpg
/content/data/IE7615 Deep Learning for AI/images_OBJ024/OBJ024_054.jpg,images_OBJ024,23,OBJ024_054.jpg
/content/data/IE7615 Deep Learning for AI/images_OBJ023/OBJ023_021.JPG,images_OBJ023,22,OBJ023_021.JPG
/content/data/IE7615 Deep Learning for AI/images_OBJ003/OBJ003_093.jpg,images_OBJ003,2,OBJ003_093.jpg
/content/data/IE7615 Deep Learning for AI/images_OBJ047/OBJ047_078.jpg,images_OBJ047,46,OBJ047_078.jpg
/content/data/IE7615 Deep Learning for AI/images_OBJ069/OBJ069_068.jpg,images_OBJ069,68,OBJ069_068.jpg
/content/data/IE7615 Deep Learning for AI/images_OBJ071/OBJ071_032.jpg,images_OBJ071,70,OBJ071_032.jpg
/content/data/IE7615 Deep Learning for AI/images_OBJ018/OBJ018_001.jpg,images_OBJ018,17,OBJ018_001.jpg
/content/data/IE7615 Deep Learning for AI/images_OBJ027/OBJ027_041.jpg,images_OBJ027,26,OBJ027_041.jpg
/content/data/IE7615 Deep Learning for AI/images_OBJ072/OBJ072_074.jpg,images_OBJ072,71,OBJ072_074.jpg
/content/data/IE7615 Deep Learning for AI/images_OBJ016/OBJ016_086.jpg,images_OBJ016,15,OBJ016_086.jpg
/content/data/IE7615 Deep Learning for AI/images_OBJ052/OBJ052_031.jpg,images_OBJ052,51,OBJ052_031.jpg
/content/data/IE7615 Deep Learning for AI/images_OBJ005/OBJ005_042.jpg,images_OBJ005,4,OBJ005_042.jpg
/content/data/IE7615 Deep Learning for AI/images_OBJ025/OBJ025_054.jpg,images_OBJ025,24,OBJ025_054.jpg
/content/data/IE7615 Deep Learning for AI/images_OBJ003/OBJ003_047.jpg,images_OBJ003,2,OBJ003_047.jpg
/content/data/IE7615 Deep Learning for AI/images_OBJ052/OBJ052_001.jpg,images_OBJ052,51,OBJ052_001.jpg
/content/data/IE7615 Deep Learning for AI/images_OBJ038/OBJ038_029.jpg,images_OBJ038,37,OBJ038_029.jpg
/content/data/IE7615 Deep Learning for AI/images_OBJ058/OBJ058_064.jpg,images_OBJ058,57,OBJ058_064.jpg
/content/data/IE7615 Deep Learning for AI/images_OBJ039/OBJ039_011.jpg,images_OBJ039,38,OBJ039_011.jpg
/content/data/IE7615 Deep Learning for AI/images_OBJ035/OBJ035_007.jpg,images_OBJ035,34,OBJ035_007.jpg
/content/data/IE7615 Deep Learning for AI/images_OBJ061/OBJ061_085.jpg,images_OBJ061,60,OBJ061_085.jpg
/content/data/IE7615 Deep Learning for AI/images_OBJ007/OBJ007_089.jpg,images_OBJ007,6,OBJ007_089.jpg
/content/data/IE7615 Deep Learning for AI/images_OBJ011/OBJ011_035.jpg,images_OBJ011,10,OBJ011_035.jpg
/content/data/IE7615 Deep Learning for AI/images_OBJ014/sunglasses_072.jpeg,images_OBJ014,13,sunglasses_072.jpeg
/content/data/IE7615 Deep Learning for AI/images_OBJ045/OBJ045_074.jpg,images_OBJ045,44,OBJ045_074.jpg
/content/data/IE7615 Deep Learning for AI/images_OBJ001/OBJ001_094.jpg,images_OBJ001,0,OBJ001_094.jpg
/content/data/IE7615 Deep Learning for AI/images_OBJ001/OBJ001_057.jpg,images_OBJ001,0,OBJ001_057.jpg
/content/data/IE7615 Deep Learning for AI/images_OBJ060/OBJ060_20.JPG,images_OBJ060,59,OBJ060_20.JPG
/content/data/IE7615 Deep Learning for AI/images_OBJ013/OBJ013_060.jpg,images_OBJ013,12,OBJ013_060.jpg
/content/data/IE7615 Deep Learning for AI/images_OBJ051/OBJ051_077.jpg,images_OBJ051,50,OBJ051_077.jpg
/content/data/IE7615 Deep Learning for AI/images_OBJ007/OBJ007_060.jpg,images_OBJ007,6,OBJ007_060.jpg
/content/data/IE7615 Deep Learning for AI/images_OBJ031/OBJ031_031.jpg,images_OBJ031,30,OBJ031_031.jpg
/content/data/IE7615 Deep Learning for AI/images_OBJ048/OBJ048_040.jpg,images_OBJ048,47,OBJ048_040.jpg
/content/data/IE7615 Deep Learning for AI/images_OBJ030/OBJ030_059.jpg,images_OBJ030,29,OBJ030_059.jpg
/content/data/IE7615 Deep Learning for AI/images_OBJ011/OBJ011_030.jpg,images_OBJ011,10,OBJ011_030.jpg
/content/data/IE7615 Deep Learning for AI/images_OBJ014/sunglasses_083.jpeg,images_OBJ014,13,sunglasses_083.jpeg
/content/data/IE7615 Deep Learning for AI/images_OBJ067/OBJ067_0036.jpg,images_OBJ067,66,OBJ067_0036.jpg
/content/data/IE7615 Deep Learning for AI/images_OBJ051/OBJ051_085.jpg,images_OBJ051,50,OBJ051_085.jpg
/content/data/IE7615 Deep Learning for AI/images_OBJ064/OBJ064_082.jpg,images_OBJ064,63,OBJ064_082.jpg
/content/data/IE7615 Deep Learning for AI/images_OBJ057/OBJ057_051.jpg,images_OBJ057,56,OBJ057_051.jpg
/content/data/IE7615 Deep Learning for AI/images_OBJ041/OBJ041_001.jpg,images_OBJ041,40,OBJ041_001.jpg
/content/data/IE7615 Deep Learning for AI/images_OBJ013/OBJ013_071.jpg,images_OBJ013,12,OBJ013_071.jpg
/content/data/IE7615 Deep Learning for AI/images_OBJ060/OBJ060_22.JPG,images_OBJ060,59,OBJ060_22.JPG
/content/data/IE7615 Deep Learning for AI/images_OBJ030/OBJ030_076.jpg,images_OBJ030,29,OBJ030_076.jpg
/content/data/IE7615 Deep Learning for AI/images_OBJ062/OBJ062_005.jpg,images_OBJ062,61,OBJ062_005.jpg
/content/data/IE7615 Deep Learning for AI/images_OBJ046/OBJ046_034.jpg,images_OBJ046,45,OBJ046_034.jpg
/content/data/IE7615 Deep Learning for AI/images_OBJ051/OBJ051_035.jpg,images_OBJ051,50,OBJ051_035.jpg
/content/data/IE7615 Deep Learning for AI/images_OBJ039/OBJ039_073.jpg,images_OBJ039,38,OBJ039_073.jpg
/content/data/IE7615 Deep Learning for AI/images_OBJ066/OBJ066_017.jpg,images_OBJ066,65,OBJ066_017.jpg
/content/data/IE7615 Deep Learning for AI/images_OBJ029/OBJ029_032.jpg,images_OBJ029,28,OBJ029_032.jpg
/content/data/IE7615 Deep Learning for AI/images_OBJ041/OBJ041_009.jpg,images_OBJ041,40,OBJ041_009.jpg
/content/data/IE7615 Deep Learning for AI/images_OBJ027/OBJ027_022.jpg,images_OBJ027,26,OBJ027_022.jpg
/content/data/IE7615 Deep Learning for AI/images_OBJ013/OBJ013_087.jpg,images_OBJ013,12,OBJ013_087.jpg
/content/data/IE7615 Deep Learning for AI/images_OBJ053/OBJ053_053.jpg,images_OBJ053,52,OBJ053_053.jpg
/content/data/IE7615 Deep Learning for AI/images_OBJ036/OBJ036_084.jpg,images_OBJ036,35,OBJ036_084.jpg
/content/data/IE7615 Deep Learning for AI/images_OBJ035/OBJ035_083.jpg,images_OBJ035,34,OBJ035_083.jpg
/content/data/IE7615 Deep Learning for AI/images_OBJ055/OBJ055_046.jpg,images_OBJ055,54,OBJ055_046.jpg
/content/data/IE7615 Deep Learning for AI/images_OBJ021/OBJ021_004.jpg,images_OBJ021,20,OBJ021_004.jpg
/content/data/IE7615 Deep Learning for AI/images_OBJ069/OBJ069_038.jpg,images_OBJ069,68,OBJ069_038.jpg
/content/data/IE7615 Deep Learning for AI/images_OBJ032/OBJ032_049.jpg,images_OBJ032,31,OBJ032_049.jpg
/content/data/IE7615 Deep Learning for AI/images_OBJ067/OBJ067_0012.jpg,images_OBJ067,66,OBJ067_0012.jpg
/content/data/IE7615 Deep Learning for AI/images_OBJ049/OBJ049_017.jpg,images_OBJ049,48,OBJ049_017.jpg
/content/data/IE7615 Deep Learning for AI/images_OBJ068/OBJ068_093.jpg,images_OBJ068,67,OBJ068_093.jpg
/content/data/IE7615 Deep Learning for AI/images_OBJ025/OBJ025_003.jpg,images_OBJ025,24,OBJ025_003.jpg
/content/data/IE7615 Deep Learning for AI/images_OBJ054/OBJ054_003.jpg,images_OBJ054,53,OBJ054_003.jpg
/content/data/IE7615 Deep Learning for AI/images_OBJ026/OBJ026_077.jpg,images_OBJ026,25,OBJ026_077.jpg
/content/data/IE7615 Deep Learning for AI/images_OBJ015/OBJ015_058.jpg,images_OBJ015,14,OBJ015_058.jpg
/content/data/IE7615 Deep Learning for AI/images_OBJ010/OBJ010_043.jpg,images_OBJ010,9,OBJ010_043.jpg
/content/data/IE7615 Deep Learning for AI/images_OBJ014/sunglasses_015.jpeg,images_OBJ014,13,sunglasses_015.jpeg
/content/data/IE7615 Deep Learning for AI/images_OBJ002/OBJ002_033.jpg,images_OBJ002,1,OBJ002_033.jpg
/content/data/IE7615 Deep Learning for AI/images_OBJ061/OBJ061_027.jpg,images_OBJ061,60,OBJ061_027.jpg
/content/data/IE7615 Deep Learning for AI/images_OBJ060/OBJ060_14.JPG,images_OBJ060,59,OBJ060_14.JPG
/content/data/IE7615 Deep Learning for AI/images_OBJ051/OBJ051_082.jpg,images_OBJ051,50,OBJ051_082.jpg
/content/data/IE7615 Deep Learning for AI/images_OBJ037/OBJ037_054.jpg,images_OBJ037,36,OBJ037_054.jpg
/content/data/IE7615 Deep Learning for AI/images_OBJ003/OBJ003_052.jpg,images_OBJ003,2,OBJ003_052.jpg
/content/data/IE7615 Deep Learning for AI/images_OBJ043/OBJ043_076.jpg,images_OBJ043,42,OBJ043_076.jpg
/content/data/IE7615 Deep Learning for AI/images_OBJ026/OBJ026_032.jpg,images_OBJ026,25,OBJ026_032.jpg
/content/data/IE7615 Deep Learning for AI/images_OBJ023/OBJ023_071.JPG,images_OBJ023,22,OBJ023_071.JPG
/content/data/IE7615 Deep Learning for AI/images_OBJ040/OBJ040_026.JPG,images_OBJ040,39,OBJ040_026.JPG
/content/data/IE7615 Deep Learning for AI/images_OBJ020/OBJ020_048.jpg,images_OBJ020,19,OBJ020_048.jpg
/content/data/IE7615 Deep Learning for AI/images_OBJ034/OBJ034_029.jpg,images_OBJ034,33,OBJ034_029.jpg
/content/data/IE7615 Deep Learning for AI/images_OBJ071/OBJ071_048.jpg,images_OBJ071,70,OBJ071_048.jpg
/content/data/IE7615 Deep Learning for AI/images_OBJ056/OBJ056_007.jpg,images_OBJ056,55,OBJ056_007.jpg
/content/data/IE7615 Deep Learning for AI/images_OBJ025/OBJ025_092.jpg,images_OBJ025,24,OBJ025_092.jpg
/content/data/IE7615 Deep Learning for AI/images_OBJ061/OBJ061_005.jpg,images_OBJ061,60,OBJ061_005.jpg
/content/data/IE7615 Deep Learning for AI/images_OBJ014/sunglasses_046.jpeg,images_OBJ014,13,sunglasses_046.jpeg
/content/data/IE7615 Deep Learning for AI/images_OBJ007/OBJ07_033.jpg,images_OBJ007,6,OBJ07_033.jpg
/content/data/IE7615 Deep Learning for AI/images_OBJ040/OBJ040_027.JPG,images_OBJ040,39,OBJ040_027.JPG
/content/data/IE7615 Deep Learning for AI/images_OBJ058/OBJ058_080.jpg,images_OBJ058,57,OBJ058_080.jpg
/content/data/IE7615 Deep Learning for AI/images_OBJ006/OBJ006_040.jpg,images_OBJ006,5,OBJ006_040.jpg
/content/data/IE7615 Deep Learning for AI/images_OBJ056/OBJ056_094.jpg,images_OBJ056,55,OBJ056_094.jpg
/content/data/IE7615 Deep Learning for AI/images_OBJ064/OBJ064_071.jpg,images_OBJ064,63,OBJ064_071.jpg
/content/data/IE7615 Deep Learning for AI/images_OBJ016/OBJ016_078.jpg,images_OBJ016,15,OBJ016_078.jpg
/content/data/IE7615 Deep Learning for AI/images_OBJ063/OBJ063_092.jpg,images_OBJ063,62,OBJ063_092.jpg
/content/data/IE7615 Deep Learning for AI/images_OBJ040/OBJ040_045.JPG,images_OBJ040,39,OBJ040_045.JPG
/content/data/IE7615 Deep Learning for AI/images_OBJ020/OBJ020_080.jpg,images_OBJ020,19,OBJ020_080.jpg
/content/data/IE7615 Deep Learning for AI/images_OBJ069/OBJ069_057.jpg,images_OBJ069,68,OBJ069_057.jpg
/content/data/IE7615 Deep Learning for AI/images_OBJ006/OBJ006_014.jpg,images_OBJ006,5,OBJ006_014.jpg
/content/data/IE7615 Deep Learning for AI/images_OBJ071/OBJ071_090.jpg,images_OBJ071,70,OBJ071_090.jpg
/content/data/IE7615 Deep Learning for AI/images_OBJ008/OBJ008_044.jpg,images_OBJ008,7,OBJ008_044.jpg
/content/data/IE7615 Deep Learning for AI/images_OBJ058/OBJ058_001.jpg,images_OBJ058,57,OBJ058_001.jpg
/content/data/IE7615 Deep Learning for AI/images_OBJ005/OBJ005_035.jpg,images_OBJ005,4,OBJ005_035.jpg
/content/data/IE7615 Deep Learning for AI/images_OBJ019/OBJ019_018.jpg,images_OBJ019,18,OBJ019_018.jpg
/content/data/IE7615 Deep Learning for AI/images_OBJ023/OBJ023_011.JPG,images_OBJ023,22,OBJ023_011.JPG
/content/data/IE7615 Deep Learning for AI/images_OBJ066/OBJ066_083.jpg,images_OBJ066,65,OBJ066_083.jpg
/content/data/IE7615 Deep Learning for AI/images_OBJ061/OBJ061_011.jpg,images_OBJ061,60,OBJ061_011.jpg
/content/data/IE7615 Deep Learning for AI/images_OBJ021/OBJ021_058.jpg,images_OBJ021,20,OBJ021_058.jpg
/content/data/IE7615 Deep Learning for AI/images_OBJ024/OBJ024_016.jpg,images_OBJ024,23,OBJ024_016.jpg
/content/data/IE7615 Deep Learning for AI/images_OBJ027/OBJ027_042.jpg,images_OBJ027,26,OBJ027_042.jpg
/content/data/IE7615 Deep Learning for AI/images_OBJ023/OBJ023_083.JPG,images_OBJ023,22,OBJ023_083.JPG
/content/data/IE7615 Deep Learning for AI/images_OBJ044/OBJ044_011.jpg,images_OBJ044,43,OBJ044_011.jpg
/content/data/IE7615 Deep Learning for AI/images_OBJ054/OBJ054_071.jpg,images_OBJ054,53,OBJ054_071.jpg
/content/data/IE7615 Deep Learning for AI/images_OBJ022/OBJ022_090.jpeg,images_OBJ022,21,OBJ022_090.jpeg
/content/data/IE7615 Deep Learning for AI/images_OBJ066/OBJ066_010.jpg,images_OBJ066,65,OBJ066_010.jpg
/content/data/IE7615 Deep Learning for AI/images_OBJ006/OBJ006_090.jpg,images_OBJ006,5,OBJ006_090.jpg
/content/data/IE7615 Deep Learning for AI/images_OBJ051/OBJ051_022.jpg,images_OBJ051,50,OBJ051_022.jpg
/content/data/IE7615 Deep Learning for AI/images_OBJ025/OBJ025_079.jpg,images_OBJ025,24,OBJ025_079.jpg
/content/data/IE7615 Deep Learning for AI/images_OBJ024/OBJ024_090.jpg,images_OBJ024,23,OBJ024_090.jpg
/content/data/IE7615 Deep Learning for AI/images_OBJ040/OBJ040_084.JPG,images_OBJ040,39,OBJ040_084.JPG
/content/data/IE7615 Deep Learning for AI/images_OBJ060/OBJ060_88.JPG,images_OBJ060,59,OBJ060_88.JPG
/content/data/IE7615 Deep Learning for AI/images_OBJ048/OBJ048_035.jpg,images_OBJ048,47,OBJ048_035.jpg
/content/data/IE7615 Deep Learning for AI/images_OBJ030/OBJ030_093.jpg,images_OBJ030,29,OBJ030_093.jpg
/content/data/IE7615 Deep Learning for AI/images_OBJ041/OBJ041_029.jpg,images_OBJ041,40,OBJ041_029.jpg
/content/data/IE7615 Deep Learning for AI/images_OBJ017/OBJ017_001.jpg,images_OBJ017,16,OBJ017_001.jpg
/content/data/IE7615 Deep Learning for AI/images_OBJ052/OBJ052_087.jpg,images_OBJ052,51,OBJ052_087.jpg
/content/data/IE7615 Deep Learning for AI/images_OBJ020/OBJ020_067.jpg,images_OBJ020,19,OBJ020_067.jpg
/content/data/IE7615 Deep Learning for AI/images_OBJ057/OBJ057_074.jpg,images_OBJ057,56,OBJ057_074.jpg
/content/data/IE7615 Deep Learning for AI/images_OBJ035/OBJ035_049.jpg,images_OBJ035,34,OBJ035_049.jpg
/content/data/IE7615 Deep Learning for AI/images_OBJ047/OBJ047_094.jpg,images_OBJ047,46,OBJ047_094.jpg
/content/data/IE7615 Deep Learning for AI/images_OBJ055/OBJ055_003.jpg,images_OBJ055,54,OBJ055_003.jpg
/content/data/IE7615 Deep Learning for AI/images_OBJ056/OBJ056_044.jpg,images_OBJ056,55,OBJ056_044.jpg
/content/data/IE7615 Deep Learning for AI/images_OBJ057/OBJ057_021.jpg,images_OBJ057,56,OBJ057_021.jpg
/content/data/IE7615 Deep Learning for AI/images_OBJ013/OBJ013_015.jpg,images_OBJ013,12,OBJ013_015.jpg
/content/data/IE7615 Deep Learning for AI/images_OBJ065/OBJ065_008.jpg,images_OBJ065,64,OBJ065_008.jpg
/content/data/IE7615 Deep Learning for AI/images_OBJ028/OBJ028_084.jpg,images_OBJ028,27,OBJ028_084.jpg
/content/data/IE7615 Deep Learning for AI/images_OBJ028/OBJ028_055.jpg,images_OBJ028,27,OBJ028_055.jpg
/content/data/IE7615 Deep Learning for AI/images_OBJ012/OBJ012_069.jpg,images_OBJ012,11,OBJ012_069.jpg
/content/data/IE7615 Deep Learning for AI/images_OBJ028/OBJ028_059.jpg,images_OBJ028,27,OBJ028_059.jpg
/content/data/IE7615 Deep Learning for AI/images_OBJ034/OBJ034_004.jpg,images_OBJ034,33,OBJ034_004.jpg
/content/data/IE7615 Deep Learning for AI/images_OBJ049/OBJ049_050.jpg,images_OBJ049,48,OBJ049_050.jpg
/content/data/IE7615 Deep Learning for AI/images_OBJ056/OBJ056_090.jpg,images_OBJ056,55,OBJ056_090.jpg
/content/data/IE7615 Deep Learning for AI/images_OBJ058/OBJ058_094.jpg,images_OBJ058,57,OBJ058_094.jpg
/content/data/IE7615 Deep Learning for AI/images_OBJ048/OBJ048_091.jpg,images_OBJ048,47,OBJ048_091.jpg
/content/data/IE7615 Deep Learning for AI/images_OBJ049/OBJ049_019.jpg,images_OBJ049,48,OBJ049_019.jpg
/content/data/IE7615 Deep Learning for AI/images_OBJ046/OBJ046_079.jpg,images_OBJ046,45,OBJ046_079.jpg
/content/data/IE7615 Deep Learning for AI/images_OBJ040/OBJ040_094.JPG,images_OBJ040,39,OBJ040_094.JPG
/content/data/IE7615 Deep Learning for AI/images_OBJ027/OBJ027_004.jpg,images_OBJ027,26,OBJ027_004.jpg
/content/data/IE7615 Deep Learning for AI/images_OBJ009/OBJ009_074.jpg,images_OBJ009,8,OBJ009_074.jpg
/content/data/IE7615 Deep Learning for AI/images_OBJ012/OBJ012_038.jpg,images_OBJ012,11,OBJ012_038.jpg
/content/data/IE7615 Deep Learning for AI/images_OBJ037/OBJ037_089.jpg,images_OBJ037,36,OBJ037_089.jpg
/content/data/IE7615 Deep Learning for AI/images_OBJ013/OBJ013_040.jpg,images_OBJ013,12,OBJ013_040.jpg
/content/data/IE7615 Deep Learning for AI/images_OBJ013/OBJ013_078.jpg,images_OBJ013,12,OBJ013_078.jpg
/content/data/IE7615 Deep Learning for AI/images_OBJ005/OBJ005_017.jpg,images_OBJ005,4,OBJ005_017.jpg
/content/data/IE7615 Deep Learning for AI/images_OBJ016/OBJ016_074.jpg,images_OBJ016,15,OBJ016_074.jpg
/content/data/IE7615 Deep Learning for AI/images_OBJ045/OBJ045_012.jpg,images_OBJ045,44,OBJ045_012.jpg
/content/data/IE7615 Deep Learning for AI/images_OBJ004/OBJ004_012.jpg,images_OBJ004,3,OBJ004_012.jpg
/content/data/IE7615 Deep Learning for AI/images_OBJ060/OBJ060_17.JPG,images_OBJ060,59,OBJ060_17.JPG
/content/data/IE7615 Deep Learning for AI/images_OBJ055/OBJ055_023.jpg,images_OBJ055,54,OBJ055_023.jpg
/content/data/IE7615 Deep Learning for AI/images_OBJ013/OBJ013_064.jpg,images_OBJ013,12,OBJ013_064.jpg
/content/data/IE7615 Deep Learning for AI/images_OBJ037/OBJ037_056.jpg,images_OBJ037,36,OBJ037_056.jpg
/content/data/IE7615 Deep Learning for AI/images_OBJ011/OBJ011_078.jpg,images_OBJ011,10,OBJ011_078.jpg
/content/data/IE7615 Deep Learning for AI/images_OBJ050/OBJ050_002.jpg,images_OBJ050,49,OBJ050_002.jpg
/content/data/IE7615 Deep Learning for AI/images_OBJ066/OBJ066_036.jpg,images_OBJ066,65,OBJ066_036.jpg
/content/data/IE7615 Deep Learning for AI/images_OBJ049/OBJ049_030.jpg,images_OBJ049,48,OBJ049_030.jpg
/content/data/IE7615 Deep Learning for AI/images_OBJ014/sunglasses_068.jpeg,images_OBJ014,13,sunglasses_068.jpeg
/content/data/IE7615 Deep Learning for AI/images_OBJ009/OBJ009_083.jpg,images_OBJ009,8,OBJ009_083.jpg
/content/data/IE7615 Deep Learning for AI/images_OBJ020/OBJ020_087.jpg,images_OBJ020,19,OBJ020_087.jpg
/content/data/IE7615 Deep Learning for AI/images_OBJ015/OBJ015_028.jpg,images_OBJ015,14,OBJ015_028.jpg
/content/data/IE7615 Deep Learning for AI/images_OBJ022/OBJ022_010.jpeg,images_OBJ022,21,OBJ022_010.jpeg
/content/data/IE7615 Deep Learning for AI/images_OBJ040/OBJ040_079.JPG,images_OBJ040,39,OBJ040_079.JPG
/content/data/IE7615 Deep Learning for AI/images_OBJ038/OBJ038_012.jpg,images_OBJ038,37,OBJ038_012.jpg
/content/data/IE7615 Deep Learning for AI/images_OBJ036/OBJ036_074.jpg,images_OBJ036,35,OBJ036_074.jpg
/content/data/IE7615 Deep Learning for AI/images_OBJ006/OBJ006_078.jpg,images_OBJ006,5,OBJ006_078.jpg
/content/data/IE7615 Deep Learning for AI/images_OBJ032/OBJ032_015.jpg,images_OBJ032,31,OBJ032_015.jpg
/content/data/IE7615 Deep Learning for AI/images_OBJ062/OBJ062_032.jpg,images_OBJ062,61,OBJ062_032.jpg
/content/data/IE7615 Deep Learning for AI/images_OBJ030/OBJ030_029.jpg,images_OBJ030,29,OBJ030_029.jpg
/content/data/IE7615 Deep Learning for AI/images_OBJ045/OBJ045_090.jpg,images_OBJ045,44,OBJ045_090.jpg
/content/data/IE7615 Deep Learning for AI/images_OBJ053/OBJ053_043.jpg,images_OBJ053,52,OBJ053_043.jpg
/content/data/IE7615 Deep Learning for AI/images_OBJ052/OBJ052_027.jpg,images_OBJ052,51,OBJ052_027.jpg
/content/data/IE7615 Deep Learning for AI/images_OBJ011/OBJ011_058.jpg,images_OBJ011,10,OBJ011_058.jpg
/content/data/IE7615 Deep Learning for AI/images_OBJ038/OBJ038_070.jpg,images_OBJ038,37,OBJ038_070.jpg
/content/data/IE7615 Deep Learning for AI/images_OBJ043/OBJ043_055.jpg,images_OBJ043,42,OBJ043_055.jpg
/content/data/IE7615 Deep Learning for AI/images_OBJ008/OBJ008_075.jpg,images_OBJ008,7,OBJ008_075.jpg
/content/data/IE7615 Deep Learning for AI/images_OBJ031/OBJ031_037.jpg,images_OBJ031,30,OBJ031_037.jpg
/content/data/IE7615 Deep Learning for AI/images_OBJ022/OBJ022_052.jpeg,images_OBJ022,21,OBJ022_052.jpeg
/content/data/IE7615 Deep Learning for AI/images_OBJ025/OBJ025_051.jpg,images_OBJ025,24,OBJ025_051.jpg
/content/data/IE7615 Deep Learning for AI/images_OBJ048/OBJ048_017.jpg,images_OBJ048,47,OBJ048_017.jpg
/content/data/IE7615 Deep Learning for AI/images_OBJ041/OBJ041_076.jpg,images_OBJ041,40,OBJ041_076.jpg
/content/data/IE7615 Deep Learning for AI/images_OBJ017/OBJ017_051.jpg,images_OBJ017,16,OBJ017_051.jpg
/content/data/IE7615 Deep Learning for AI/images_OBJ024/OBJ024_037.jpg,images_OBJ024,23,OBJ024_037.jpg
/content/data/IE7615 Deep Learning for AI/images_OBJ031/OBJ031_018.jpg,images_OBJ031,30,OBJ031_018.jpg
/content/data/IE7615 Deep Learning for AI/images_OBJ010/OBJ010_015.jpg,images_OBJ010,9,OBJ010_015.jpg
/content/data/IE7615 Deep Learning for AI/images_OBJ045/OBJ045_070.jpg,images_OBJ045,44,OBJ045_070.jpg
/content/data/IE7615 Deep Learning for AI/images_OBJ018/OBJ018_074.jpg,images_OBJ018,17,OBJ018_074.jpg
/content/data/IE7615 Deep Learning for AI/images_OBJ031/OBJ031_095.jpg,images_OBJ031,30,OBJ031_095.jpg
/content/data/IE7615 Deep Learning for AI/images_OBJ068/OBJ068_094.jpg,images_OBJ068,67,OBJ068_094.jpg
/content/data/IE7615 Deep Learning for AI/images_OBJ056/OBJ056_031.jpg,images_OBJ056,55,OBJ056_031.jpg
/content/data/IE7615 Deep Learning for AI/images_OBJ019/OBJ019_049.jpg,images_OBJ019,18,OBJ019_049.jpg
/content/data/IE7615 Deep Learning for AI/images_OBJ051/OBJ051_017.jpg,images_OBJ051,50,OBJ051_017.jpg
/content/data/IE7615 Deep Learning for AI/images_OBJ033/OBJ033_017.jpg,images_OBJ033,32,OBJ033_017.jpg
/content/data/IE7615 Deep Learning for AI/images_OBJ065/OBJ065_061.jpg,images_OBJ065,64,OBJ065_061.jpg
/content/data/IE7615 Deep Learning for AI/images_OBJ039/OBJ039_084.jpg,images_OBJ039,38,OBJ039_084.jpg
/content/data/IE7615 Deep Learning for AI/images_OBJ043/OBJ043_048.jpg,images_OBJ043,42,OBJ043_048.jpg
/content/data/IE7615 Deep Learning for AI/images_OBJ069/OBJ069_010.jpg,images_OBJ069,68,OBJ069_010.jpg
/content/data/IE7615 Deep Learning for AI/images_OBJ038/OBJ038_054.jpg,images_OBJ038,37,OBJ038_054.jpg
/content/data/IE7615 Deep Learning for AI/images_OBJ043/OBJ043_043.jpg,images_OBJ043,42,OBJ043_043.jpg
/content/data/IE7615 Deep Learning for AI/images_OBJ059/OBJ059_075.jpg,images_OBJ059,58,OBJ059_075.jpg
/content/data/IE7615 Deep Learning for AI/images_OBJ071/OBJ071_055.jpg,images_OBJ071,70,OBJ071_055.jpg
/content/data/IE7615 Deep Learning for AI/images_OBJ049/OBJ049_024.jpg,images_OBJ049,48,OBJ049_024.jpg
/content/data/IE7615 Deep Learning for AI/images_OBJ033/OBJ033_079.jpg,images_OBJ033,32,OBJ033_079.jpg
/content/data/IE7615 Deep Learning for AI/images_OBJ035/OBJ035_069.jpg,images_OBJ035,34,OBJ035_069.jpg
/content/data/IE7615 Deep Learning for AI/images_OBJ022/OBJ022_093.jpeg,images_OBJ022,21,OBJ022_093.jpeg
/content/data/IE7615 Deep Learning for AI/images_OBJ053/OBJ053_035.jpg,images_OBJ053,52,OBJ053_035.jpg
/content/data/IE7615 Deep Learning for AI/images_OBJ068/OBJ068_091.jpg,images_OBJ068,67,OBJ068_091.jpg
/content/data/IE7615 Deep Learning for AI/images_OBJ036/OBJ036_089.jpg,images_OBJ036,35,OBJ036_089.jpg
/content/data/IE7615 Deep Learning for AI/images_OBJ006/OBJ006_033.jpg,images_OBJ006,5,OBJ006_033.jpg
/content/data/IE7615 Deep Learning for AI/images_OBJ005/OBJ005_084.jpg,images_OBJ005,4,OBJ005_084.jpg
/content/data/IE7615 Deep Learning for AI/images_OBJ072/OBJ072_088.jpg,images_OBJ072,71,OBJ072_088.jpg
/content/data/IE7615 Deep Learning for AI/images_OBJ064/OBJ064_056.jpg,images_OBJ064,63,OBJ064_056.jpg
/content/data/IE7615 Deep Learning for AI/images_OBJ030/OBJ030_025.jpg,images_OBJ030,29,OBJ030_025.jpg
/content/data/IE7615 Deep Learning for AI/images_OBJ009/OBJ009_066.jpg,images_OBJ009,8,OBJ009_066.jpg
/content/data/IE7615 Deep Learning for AI/images_OBJ001/OBJ001_011.jpg,images_OBJ001,0,OBJ001_011.jpg
/content/data/IE7615 Deep Learning for AI/images_OBJ051/OBJ051_029.jpg,images_OBJ051,50,OBJ051_029.jpg
/content/data/IE7615 Deep Learning for AI/images_OBJ010/OBJ010_038.jpg,images_OBJ010,9,OBJ010_038.jpg
/content/data/IE7615 Deep Learning for AI/images_OBJ047/OBJ047_076.jpg,images_OBJ047,46,OBJ047_076.jpg
/content/data/IE7615 Deep Learning for AI/images_OBJ010/OBJ010_027.jpg,images_OBJ010,9,OBJ010_027.jpg
/content/data/IE7615 Deep Learning for AI/images_OBJ011/OBJ011_048.jpg,images_OBJ011,10,OBJ011_048.jpg
/content/data/IE7615 Deep Learning for AI/images_OBJ047/OBJ047_091.jpg,images_OBJ047,46,OBJ047_091.jpg
/content/data/IE7615 Deep Learning for AI/images_OBJ071/OBJ071_091.jpg,images_OBJ071,70,OBJ071_091.jpg
/content/data/IE7615 Deep Learning for AI/images_OBJ060/OBJ060_39.JPG,images_OBJ060,59,OBJ060_39.JPG
/content/data/IE7615 Deep Learning for AI/images_OBJ050/OBJ050_075.jpg,images_OBJ050,49,OBJ050_075.jpg
/content/data/IE7615 Deep Learning for AI/images_OBJ006/OBJ006_054.jpg,images_OBJ006,5,OBJ006_054.jpg
/content/data/IE7615 Deep Learning for AI/images_OBJ003/OBJ003_017.jpg,images_OBJ003,2,OBJ003_017.jpg
/content/data/IE7615 Deep Learning for AI/images_OBJ001/OBJ001_022.jpg,images_OBJ001,0,OBJ001_022.jpg
/content/data/IE7615 Deep Learning for AI/images_OBJ044/OBJ044_095.jpg,images_OBJ044,43,OBJ044_095.jpg
/content/data/IE7615 Deep Learning for AI/images_OBJ071/OBJ071_039.jpg,images_OBJ071,70,OBJ071_039.jpg
/content/data/IE7615 Deep Learning for AI/images_OBJ022/OBJ022_007.jpeg,images_OBJ022,21,OBJ022_007.jpeg
/content/data/IE7615 Deep Learning for AI/images_OBJ016/OBJ016_028.jpg,images_OBJ016,15,OBJ016_028.jpg
/content/data/IE7615 Deep Learning for AI/images_OBJ046/OBJ046_011.jpg,images_OBJ046,45,OBJ046_011.jpg
/content/data/IE7615 Deep Learning for AI/images_OBJ067/OBJ067_0002.jpg,images_OBJ067,66,OBJ067_0002.jpg
/content/data/IE7615 Deep Learning for AI/images_OBJ031/OBJ031_036.jpg,images_OBJ031,30,OBJ031_036.jpg
/content/data/IE7615 Deep Learning for AI/images_OBJ029/OBJ029_061.jpg,images_OBJ029,28,OBJ029_061.jpg
/content/data/IE7615 Deep Learning for AI/images_OBJ016/OBJ016_008.jpg,images_OBJ016,15,OBJ016_008.jpg
/content/data/IE7615 Deep Learning for AI/images_OBJ054/OBJ054_078.jpg,images_OBJ054,53,OBJ054_078.jpg
/content/data/IE7615 Deep Learning for AI/images_OBJ072/OBJ072_062.jpg,images_OBJ072,71,OBJ072_062.jpg
/content/data/IE7615 Deep Learning for AI/images_OBJ002/OBJ002_047.jpg,images_OBJ002,1,OBJ002_047.jpg
/content/data/IE7615 Deep Learning for AI/images_OBJ026/OBJ026_068.jpg,images_OBJ026,25,OBJ026_068.jpg
/content/data/IE7615 Deep Learning for AI/images_OBJ026/OBJ026_046.jpg,images_OBJ026,25,OBJ026_046.jpg
/content/data/IE7615 Deep Learning for AI/images_OBJ064/OBJ064_085.jpg,images_OBJ064,63,OBJ064_085.jpg
/content/data/IE7615 Deep Learning for AI/images_OBJ023/OBJ023_029.JPG,images_OBJ023,22,OBJ023_029.JPG
/content/data/IE7615 Deep Learning for AI/images_OBJ050/OBJ050_069.jpg,images_OBJ050,49,OBJ050_069.jpg
/content/data/IE7615 Deep Learning for AI/images_OBJ012/OBJ012_017.jpg,images_OBJ012,11,OBJ012_017.jpg
/content/data/IE7615 Deep Learning for AI/images_OBJ010/OBJ010_052.jpg,images_OBJ010,9,OBJ010_052.jpg
/content/data/IE7615 Deep Learning for AI/images_OBJ040/OBJ040_083.JPG,images_OBJ040,39,OBJ040_083.JPG
/content/data/IE7615 Deep Learning for AI/images_OBJ033/OBJ033_065.jpg,images_OBJ033,32,OBJ033_065.jpg
/content/data/IE7615 Deep Learning for AI/images_OBJ010/OBJ010_013.jpg,images_OBJ010,9,OBJ010_013.jpg
/content/data/IE7615 Deep Learning for AI/images_OBJ028/OBJ028_020.jpg,images_OBJ028,27,OBJ028_020.jpg
/content/data/IE7615 Deep Learning for AI/images_OBJ040/OBJ040_072.JPG,images_OBJ040,39,OBJ040_072.JPG
/content/data/IE7615 Deep Learning for AI/images_OBJ070/OBJ070_010.jpg,images_OBJ070,69,OBJ070_010.jpg
/content/data/IE7615 Deep Learning for AI/images_OBJ037/OBJ037_014.jpg,images_OBJ037,36,OBJ037_014.jpg
/content/data/IE7615 Deep Learning for AI/images_OBJ019/OBJ019_019.jpg,images_OBJ019,18,OBJ019_019.jpg
/content/data/IE7615 Deep Learning for AI/images_OBJ053/OBJ053_074.jpg,images_OBJ053,52,OBJ053_074.jpg
/content/data/IE7615 Deep Learning for AI/images_OBJ025/OBJ025_023.jpg,images_OBJ025,24,OBJ025_023.jpg
/content/data/IE7615 Deep Learning for AI/images_OBJ051/OBJ051_033.jpg,images_OBJ051,50,OBJ051_033.jpg
/content/data/IE7615 Deep Learning for AI/images_OBJ019/OBJ019_044.jpg,images_OBJ019,18,OBJ019_044.jpg
/content/data/IE7615 Deep Learning for AI/images_OBJ069/OBJ069_053.jpg,images_OBJ069,68,OBJ069_053.jpg
/content/data/IE7615 Deep Learning for AI/images_OBJ057/OBJ057_005.jpg,images_OBJ057,56,OBJ057_005.jpg
/content/data/IE7615 Deep Learning for AI/images_OBJ061/OBJ061_065.jpg,images_OBJ061,60,OBJ061_065.jpg
/content/data/IE7615 Deep Learning for AI/images_OBJ031/OBJ031_017.jpg,images_OBJ031,30,OBJ031_017.jpg
/content/data/IE7615 Deep Learning for AI/images_OBJ069/OBJ069_006.jpg,images_OBJ069,68,OBJ069_006.jpg
/content/data/IE7615 Deep Learning for AI/images_OBJ034/OBJ034_084.jpg,images_OBJ034,33,OBJ034_084.jpg
/content/data/IE7615 Deep Learning for AI/images_OBJ064/OBJ064_066.jpg,images_OBJ064,63,OBJ064_066.jpg
/content/data/IE7615 Deep Learning for AI/images_OBJ040/OBJ040_048.JPG,images_OBJ040,39,OBJ040_048.JPG
/content/data/IE7615 Deep Learning for AI/images_OBJ032/OBJ032_018.jpg,images_OBJ032,31,OBJ032_018.jpg
/content/data/IE7615 Deep Learning for AI/images_OBJ066/OBJ066_053.jpg,images_OBJ066,65,OBJ066_053.jpg
/content/data/IE7615 Deep Learning for AI/images_OBJ028/OBJ028_064.jpg,images_OBJ028,27,OBJ028_064.jpg
/content/data/IE7615 Deep Learning for AI/images_OBJ047/OBJ047_009.jpg,images_OBJ047,46,OBJ047_009.jpg
/content/data/IE7615 Deep Learning for AI/images_OBJ018/OBJ018_036.jpg,images_OBJ018,17,OBJ018_036.jpg
/content/data/IE7615 Deep Learning for AI/images_OBJ066/OBJ066_058.jpg,images_OBJ066,65,OBJ066_058.jpg
/content/data/IE7615 Deep Learning for AI/images_OBJ067/OBJ067_0013.jpg,images_OBJ067,66,OBJ067_0013.jpg
/content/data/IE7615 Deep Learning for AI/images_OBJ021/OBJ021_082.jpg,images_OBJ021,20,OBJ021_082.jpg
/content/data/IE7615 Deep Learning for AI/images_OBJ065/OBJ065_020.jpg,images_OBJ065,64,OBJ065_020.jpg
/content/data/IE7615 Deep Learning for AI/images_OBJ022/OBJ022_075.jpeg,images_OBJ022,21,OBJ022_075.jpeg
/content/data/IE7615 Deep Learning for AI/images_OBJ035/OBJ035_048.jpg,images_OBJ035,34,OBJ035_048.jpg
/content/data/IE7615 Deep Learning for AI/images_OBJ007/OBJ007_067.jpg,images_OBJ007,6,OBJ007_067.jpg
/content/data/IE7615 Deep Learning for AI/images_OBJ010/OBJ010_091.jpg,images_OBJ010,9,OBJ010_091.jpg
/content/data/IE7615 Deep Learning for AI/images_OBJ024/OBJ024_069.jpg,images_OBJ024,23,OBJ024_069.jpg
/content/data/IE7615 Deep Learning for AI/images_OBJ028/OBJ028_007.jpg,images_OBJ028,27,OBJ028_007.jpg
/content/data/IE7615 Deep Learning for AI/images_OBJ008/OBJ008_089.jpg,images_OBJ008,7,OBJ008_089.jpg
/content/data/IE7615 Deep Learning for AI/images_OBJ034/OBJ034_045.jpg,images_OBJ034,33,OBJ034_045.jpg
/content/data/IE7615 Deep Learning for AI/images_OBJ017/OBJ017_079.jpg,images_OBJ017,16,OBJ017_079.jpg
/content/data/IE7615 Deep Learning for AI/images_OBJ057/OBJ057_054.jpg,images_OBJ057,56,OBJ057_054.jpg
/content/data/IE7615 Deep Learning for AI/images_OBJ070/OBJ070_015.jpg,images_OBJ070,69,OBJ070_015.jpg
/content/data/IE7615 Deep Learning for AI/images_OBJ056/OBJ056_033.jpg,images_OBJ056,55,OBJ056_033.jpg
/content/data/IE7615 Deep Learning for AI/images_OBJ036/OBJ036_033.jpg,images_OBJ036,35,OBJ036_033.jpg
/content/data/IE7615 Deep Learning for AI/images_OBJ060/OBJ060_8.JPG,images_OBJ060,59,OBJ060_8.JPG
/content/data/IE7615 Deep Learning for AI/images_OBJ006/OBJ006_031.jpg,images_OBJ006,5,OBJ006_031.jpg
/content/data/IE7615 Deep Learning for AI/images_OBJ031/OBJ031_082.jpg,images_OBJ031,30,OBJ031_082.jpg
/content/data/IE7615 Deep Learning for AI/images_OBJ032/OBJ032_088.jpg,images_OBJ032,31,OBJ032_088.jpg
/content/data/IE7615 Deep Learning for AI/images_OBJ029/OBJ029_044.jpg,images_OBJ029,28,OBJ029_044.jpg
/content/data/IE7615 Deep Learning for AI/images_OBJ020/OBJ020_047.jpg,images_OBJ020,19,OBJ020_047.jpg
/content/data/IE7615 Deep Learning for AI/images_OBJ005/OBJ005_002.jpg,images_OBJ005,4,OBJ005_002.jpg
/content/data/IE7615 Deep Learning for AI/images_OBJ036/OBJ036_070.jpg,images_OBJ036,35,OBJ036_070.jpg
/content/data/IE7615 Deep Learning for AI/images_OBJ054/OBJ054_047.jpg,images_OBJ054,53,OBJ054_047.jpg
/content/data/IE7615 Deep Learning for AI/images_OBJ011/OBJ011_012.jpg,images_OBJ011,10,OBJ011_012.jpg
/content/data/IE7615 Deep Learning for AI/images_OBJ046/OBJ046_024.jpg,images_OBJ046,45,OBJ046_024.jpg
/content/data/IE7615 Deep Learning for AI/images_OBJ069/OBJ069_089.jpg,images_OBJ069,68,OBJ069_089.jpg
/content/data/IE7615 Deep Learning for AI/images_OBJ002/OBJ002_018.jpg,images_OBJ002,1,OBJ002_018.jpg
/content/data/IE7615 Deep Learning for AI/images_OBJ055/OBJ055_047.jpg,images_OBJ055,54,OBJ055_047.jpg
/content/data/IE7615 Deep Learning for AI/images_OBJ039/OBJ039_085.jpg,images_OBJ039,38,OBJ039_085.jpg
/content/data/IE7615 Deep Learning for AI/images_OBJ051/OBJ051_045.jpg,images_OBJ051,50,OBJ051_045.jpg
/content/data/IE7615 Deep Learning for AI/images_OBJ071/OBJ071_027.jpg,images_OBJ071,70,OBJ071_027.jpg
/content/data/IE7615 Deep Learning for AI/images_OBJ058/OBJ058_063.jpg,images_OBJ058,57,OBJ058_063.jpg
/content/data/IE7615 Deep Learning for AI/images_OBJ039/OBJ039_026.jpg,images_OBJ039,38,OBJ039_026.jpg
/content/data/IE7615 Deep Learning for AI/images_OBJ038/OBJ038_092.jpg,images_OBJ038,37,OBJ038_092.jpg
/content/data/IE7615 Deep Learning for AI/images_OBJ072/OBJ072_086.jpg,images_OBJ072,71,OBJ072_086.jpg
/content/data/IE7615 Deep Learning for AI/images_OBJ030/OBJ030_009.jpg,images_OBJ030,29,OBJ030_009.jpg
/content/data/IE7615 Deep Learning for AI/images_OBJ004/OBJ004_013.jpg,images_OBJ004,3,OBJ004_013.jpg
/content/data/IE7615 Deep Learning for AI/images_OBJ049/OBJ049_029.jpg,images_OBJ049,48,OBJ049_029.jpg
/content/data/IE7615 Deep Learning for AI/images_OBJ008/OBJ008_040.jpg,images_OBJ008,7,OBJ008_040.jpg
/content/data/IE7615 Deep Learning for AI/images_OBJ002/OBJ002_082.jpg,images_OBJ002,1,OBJ002_082.jpg
/content/data/IE7615 Deep Learning for AI/images_OBJ001/OBJ001_061.jpg,images_OBJ001,0,OBJ001_061.jpg
/content/data/IE7615 Deep Learning for AI/images_OBJ012/OBJ012_091.jpeg,images_OBJ012,11,OBJ012_091.jpeg
/content/data/IE7615 Deep Learning for AI/images_OBJ061/OBJ061_004.jpg,images_OBJ061,60,OBJ061_004.jpg
/content/data/IE7615 Deep Learning for AI/images_OBJ060/OBJ060_59.JPG,images_OBJ060,59,OBJ060_59.JPG
/content/data/IE7615 Deep Learning for AI/images_OBJ031/OBJ031_034.jpg,images_OBJ031,30,OBJ031_034.jpg
/content/data/IE7615 Deep Learning for AI/images_OBJ028/OBJ028_072.jpg,images_OBJ028,27,OBJ028_072.jpg
/content/data/IE7615 Deep Learning for AI/images_OBJ068/OBJ068_011.jpg,images_OBJ068,67,OBJ068_011.jpg
/content/data/IE7615 Deep Learning for AI/images_OBJ045/OBJ045_071.jpg,images_OBJ045,44,OBJ045_071.jpg
/content/data/IE7615 Deep Learning for AI/images_OBJ060/OBJ060_6.JPG,images_OBJ060,59,OBJ060_6.JPG
/content/data/IE7615 Deep Learning for AI/images_OBJ048/OBJ048_065.jpg,images_OBJ048,47,OBJ048_065.jpg
/content/data/IE7615 Deep Learning for AI/images_OBJ059/OBJ059_082.jpg,images_OBJ059,58,OBJ059_082.jpg
/content/data/IE7615 Deep Learning for AI/images_OBJ071/OBJ071_003.jpg,images_OBJ071,70,OBJ071_003.jpg
/content/data/IE7615 Deep Learning for AI/images_OBJ030/OBJ030_091.jpg,images_OBJ030,29,OBJ030_091.jpg
/content/data/IE7615 Deep Learning for AI/images_OBJ036/OBJ036_055.jpg,images_OBJ036,35,OBJ036_055.jpg
/content/data/IE7615 Deep Learning for AI/images_OBJ028/OBJ028_067.jpg,images_OBJ028,27,OBJ028_067.jpg
/content/data/IE7615 Deep Learning for AI/images_OBJ044/OBJ044_086.jpg,images_OBJ044,43,OBJ044_086.jpg
/content/data/IE7615 Deep Learning for AI/images_OBJ016/OBJ016_081.jpg,images_OBJ016,15,OBJ016_081.jpg
/content/data/IE7615 Deep Learning for AI/images_OBJ053/OBJ053_009.jpg,images_OBJ053,52,OBJ053_009.jpg
/content/data/IE7615 Deep Learning for AI/images_OBJ027/OBJ027_040.jpg,images_OBJ027,26,OBJ027_040.jpg
/content/data/IE7615 Deep Learning for AI/images_OBJ067/OBJ067_0044.jpg,images_OBJ067,66,OBJ067_0044.jpg
/content/data/IE7615 Deep Learning for AI/images_OBJ032/OBJ032_059.jpg,images_OBJ032,31,OBJ032_059.jpg
/content/data/IE7615 Deep Learning for AI/images_OBJ054/OBJ054_075.jpg,images_OBJ054,53,OBJ054_075.jpg
/content/data/IE7615 Deep Learning for AI/images_OBJ045/OBJ045_011.jpg,images_OBJ045,44,OBJ045_011.jpg
/content/data/IE7615 Deep Learning for AI/images_OBJ044/OBJ044_074.jpg,images_OBJ044,43,OBJ044_074.jpg
/content/data/IE7615 Deep Learning for AI/images_OBJ024/OBJ024_033.jpg,images_OBJ024,23,OBJ024_033.jpg
/content/data/IE7615 Deep Learning for AI/images_OBJ003/OBJ003_026.jpg,images_OBJ003,2,OBJ003_026.jpg
/content/data/IE7615 Deep Learning for AI/images_OBJ032/OBJ032_055.jpg,images_OBJ032,31,OBJ032_055.jpg
/content/data/IE7615 Deep Learning for AI/images_OBJ031/OBJ031_035.jpg,images_OBJ031,30,OBJ031_035.jpg
/content/data/IE7615 Deep Learning for AI/images_OBJ019/OBJ019_092.jpg,images_OBJ019,18,OBJ019_092.jpg
/content/data/IE7615 Deep Learning for AI/images_OBJ005/OBJ005_043.jpg,images_OBJ005,4,OBJ005_043.jpg
/content/data/IE7615 Deep Learning for AI/images_OBJ071/OBJ071_082.jpg,images_OBJ071,70,OBJ071_082.jpg
/content/data/IE7615 Deep Learning for AI/images_OBJ025/OBJ025_077.jpg,images_OBJ025,24,OBJ025_077.jpg
/content/data/IE7615 Deep Learning for AI/images_OBJ052/OBJ052_051.jpg,images_OBJ052,51,OBJ052_051.jpg
/content/data/IE7615 Deep Learning for AI/images_OBJ071/OBJ071_012.jpg,images_OBJ071,70,OBJ071_012.jpg
/content/data/IE7615 Deep Learning for AI/images_OBJ072/OBJ072_037.jpg,images_OBJ072,71,OBJ072_037.jpg
/content/data/IE7615 Deep Learning for AI/images_OBJ035/OBJ035_031.jpg,images_OBJ035,34,OBJ035_031.jpg
/content/data/IE7615 Deep Learning for AI/images_OBJ055/OBJ055_054.jpg,images_OBJ055,54,OBJ055_054.jpg
/content/data/IE7615 Deep Learning for AI/images_OBJ030/OBJ030_031.jpg,images_OBJ030,29,OBJ030_031.jpg
/content/data/IE7615 Deep Learning for AI/images_OBJ042/OBJ042_085.jpg,images_OBJ042,41,OBJ042_085.jpg
/content/data/IE7615 Deep Learning for AI/images_OBJ036/OBJ036_066.jpg,images_OBJ036,35,OBJ036_066.jpg
/content/data/IE7615 Deep Learning for AI/images_OBJ050/OBJ050_020.jpg,images_OBJ050,49,OBJ050_020.jpg
/content/data/IE7615 Deep Learning for AI/images_OBJ057/OBJ057_049.jpg,images_OBJ057,56,OBJ057_049.jpg
/content/data/IE7615 Deep Learning for AI/images_OBJ020/OBJ020_076.jpg,images_OBJ020,19,OBJ020_076.jpg
/content/data/IE7615 Deep Learning for AI/images_OBJ052/OBJ052_082.jpg,images_OBJ052,51,OBJ052_082.jpg
/content/data/IE7615 Deep Learning for AI/images_OBJ051/OBJ051_031.jpg,images_OBJ051,50,OBJ051_031.jpg
/content/data/IE7615 Deep Learning for AI/images_OBJ014/sunglasses_060.jpeg,images_OBJ014,13,sunglasses_060.jpeg
/content/data/IE7615 Deep Learning for AI/images_OBJ002/OBJ002_053.jpg,images_OBJ002,1,OBJ002_053.jpg
/content/data/IE7615 Deep Learning for AI/images_OBJ071/OBJ071_043.jpg,images_OBJ071,70,OBJ071_043.jpg
/content/data/IE7615 Deep Learning for AI/images_OBJ036/OBJ036_085.jpg,images_OBJ036,35,OBJ036_085.jpg
/content/data/IE7615 Deep Learning for AI/images_OBJ019/OBJ019_050.jpg,images_OBJ019,18,OBJ019_050.jpg
/content/data/IE7615 Deep Learning for AI/images_OBJ004/OBJ004_093.jpg,images_OBJ004,3,OBJ004_093.jpg
/content/data/IE7615 Deep Learning for AI/images_OBJ049/OBJ049_010.jpg,images_OBJ049,48,OBJ049_010.jpg
/content/data/IE7615 Deep Learning for AI/images_OBJ048/OBJ048_095.jpg,images_OBJ048,47,OBJ048_095.jpg
/content/data/IE7615 Deep Learning for AI/images_OBJ029/OBJ029_006.jpg,images_OBJ029,28,OBJ029_006.jpg
/content/data/IE7615 Deep Learning for AI/images_OBJ016/OBJ016_075.jpg,images_OBJ016,15,OBJ016_075.jpg
/content/data/IE7615 Deep Learning for AI/images_OBJ052/OBJ052_055.jpg,images_OBJ052,51,OBJ052_055.jpg
/content/data/IE7615 Deep Learning for AI/images_OBJ062/OBJ062_083.jpg,images_OBJ062,61,OBJ062_083.jpg
/content/data/IE7615 Deep Learning for AI/images_OBJ073/OBJ073_073.jpg,images_OBJ073,72,OBJ073_073.jpg
/content/data/IE7615 Deep Learning for AI/images_OBJ021/OBJ021_063.jpg,images_OBJ021,20,OBJ021_063.jpg
/content/data/IE7615 Deep Learning for AI/images_OBJ020/OBJ020_007.jpg,images_OBJ020,19,OBJ020_007.jpg
/content/data/IE7615 Deep Learning for AI/images_OBJ030/OBJ030_002.jpg,images_OBJ030,29,OBJ030_002.jpg
/content/data/IE7615 Deep Learning for AI/images_OBJ002/OBJ002_025.jpg,images_OBJ002,1,OBJ002_025.jpg
/content/data/IE7615 Deep Learning for AI/images_OBJ027/OBJ027_088.jpg,images_OBJ027,26,OBJ027_088.jpg
/content/data/IE7615 Deep Learning for AI/images_OBJ002/OBJ002_049.jpg,images_OBJ002,1,OBJ002_049.jpg
/content/data/IE7615 Deep Learning for AI/images_OBJ031/OBJ031_029.jpg,images_OBJ031,30,OBJ031_029.jpg
/content/data/IE7615 Deep Learning for AI/images_OBJ043/OBJ043_050.jpg,images_OBJ043,42,OBJ043_050.jpg
/content/data/IE7615 Deep Learning for AI/images_OBJ050/OBJ050_049.jpg,images_OBJ050,49,OBJ050_049.jpg
/content/data/IE7615 Deep Learning for AI/images_OBJ006/OBJ006_050.jpg,images_OBJ006,5,OBJ006_050.jpg
/content/data/IE7615 Deep Learning for AI/images_OBJ054/OBJ054_070.jpg,images_OBJ054,53,OBJ054_070.jpg
/content/data/IE7615 Deep Learning for AI/images_OBJ033/OBJ033_066.jpg,images_OBJ033,32,OBJ033_066.jpg
/content/data/IE7615 Deep Learning for AI/images_OBJ030/OBJ030_027.jpg,images_OBJ030,29,OBJ030_027.jpg
/content/data/IE7615 Deep Learning for AI/images_OBJ043/OBJ043_042.jpg,images_OBJ043,42,OBJ043_042.jpg
/content/data/IE7615 Deep Learning for AI/images_OBJ054/OBJ054_085.jpg,images_OBJ054,53,OBJ054_085.jpg
/content/data/IE7615 Deep Learning for AI/images_OBJ049/OBJ049_097.jpg,images_OBJ049,48,OBJ049_097.jpg
/content/data/IE7615 Deep Learning for AI/images_OBJ036/OBJ036_073.jpg,images_OBJ036,35,OBJ036_073.jpg
/content/data/IE7615 Deep Learning for AI/images_OBJ010/OBJ010_011.jpg,images_OBJ010,9,OBJ010_011.jpg
/content/data/IE7615 Deep Learning for AI/images_OBJ014/sunglasses_020.jpeg,images_OBJ014,13,sunglasses_020.jpeg
/content/data/IE7615 Deep Learning for AI/images_OBJ057/OBJ057_092.jpg,images_OBJ057,56,OBJ057_092.jpg
/content/data/IE7615 Deep Learning for AI/images_OBJ021/OBJ021_066.jpg,images_OBJ021,20,OBJ021_066.jpg
/content/data/IE7615 Deep Learning for AI/images_OBJ030/OBJ030_022.jpg,images_OBJ030,29,OBJ030_022.jpg
/content/data/IE7615 Deep Learning for AI/images_OBJ046/OBJ046_084.jpg,images_OBJ046,45,OBJ046_084.jpg
/content/data/IE7615 Deep Learning for AI/images_OBJ048/OBJ048_025.jpg,images_OBJ048,47,OBJ048_025.jpg
/content/data/IE7615 Deep Learning for AI/images_OBJ054/OBJ054_045.jpg,images_OBJ054,53,OBJ054_045.jpg
/content/data/IE7615 Deep Learning for AI/images_OBJ053/OBJ053_028.jpg,images_OBJ053,52,OBJ053_028.jpg
/content/data/IE7615 Deep Learning for AI/images_OBJ042/OBJ042_070.jpg,images_OBJ042,41,OBJ042_070.jpg
/content/data/IE7615 Deep Learning for AI/images_OBJ030/OBJ030_038.jpg,images_OBJ030,29,OBJ030_038.jpg
/content/data/IE7615 Deep Learning for AI/images_OBJ008/OBJ008_058.jpg,images_OBJ008,7,OBJ008_058.jpg
/content/data/IE7615 Deep Learning for AI/images_OBJ072/OBJ072_060.jpg,images_OBJ072,71,OBJ072_060.jpg
/content/data/IE7615 Deep Learning for AI/images_OBJ026/OBJ026_047.jpg,images_OBJ026,25,OBJ026_047.jpg
/content/data/IE7615 Deep Learning for AI/images_OBJ036/OBJ036_080.jpg,images_OBJ036,35,OBJ036_080.jpg
/content/data/IE7615 Deep Learning for AI/images_OBJ061/OBJ061_063.jpg,images_OBJ061,60,OBJ061_063.jpg
/content/data/IE7615 Deep Learning for AI/images_OBJ028/OBJ028_041.jpg,images_OBJ028,27,OBJ028_041.jpg
/content/data/IE7615 Deep Learning for AI/images_OBJ005/OBJ005_096.jpg,images_OBJ005,4,OBJ005_096.jpg
/content/data/IE7615 Deep Learning for AI/images_OBJ030/OBJ030_067.jpg,images_OBJ030,29,OBJ030_067.jpg
/content/data/IE7615 Deep Learning for AI/images_OBJ032/OBJ032_056.jpg,images_OBJ032,31,OBJ032_056.jpg
/content/data/IE7615 Deep Learning for AI/images_OBJ023/OBJ023_073.JPG,images_OBJ023,22,OBJ023_073.JPG
/content/data/IE7615 Deep Learning for AI/images_OBJ012/OBJ012_048.jpg,images_OBJ012,11,OBJ012_048.jpg
/content/data/IE7615 Deep Learning for AI/images_OBJ010/OBJ010_037.jpg,images_OBJ010,9,OBJ010_037.jpg
/content/data/IE7615 Deep Learning for AI/images_OBJ042/OBJ042_077.jpg,images_OBJ042,41,OBJ042_077.jpg
/content/data/IE7615 Deep Learning for AI/images_OBJ032/OBJ032_067.jpg,images_OBJ032,31,OBJ032_067.jpg
/content/data/IE7615 Deep Learning for AI/images_OBJ044/OBJ044_005.jpg,images_OBJ044,43,OBJ044_005.jpg
/content/data/IE7615 Deep Learning for AI/images_OBJ052/OBJ052_023.jpg,images_OBJ052,51,OBJ052_023.jpg
/content/data/IE7615 Deep Learning for AI/images_OBJ027/OBJ027_081.jpg,images_OBJ027,26,OBJ027_081.jpg
/content/data/IE7615 Deep Learning for AI/images_OBJ004/OBJ004_015.jpg,images_OBJ004,3,OBJ004_015.jpg
/content/data/IE7615 Deep Learning for AI/images_OBJ003/OBJ003_094.jpg,images_OBJ003,2,OBJ003_094.jpg
/content/data/IE7615 Deep Learning for AI/images_OBJ007/OBJ007_072.jpg,images_OBJ007,6,OBJ007_072.jpg
/content/data/IE7615 Deep Learning for AI/images_OBJ070/OBJ070_061.jpg,images_OBJ070,69,OBJ070_061.jpg
/content/data/IE7615 Deep Learning for AI/images_OBJ030/OBJ030_028.jpg,images_OBJ030,29,OBJ030_028.jpg
/content/data/IE7615 Deep Learning for AI/images_OBJ071/OBJ071_036.jpg,images_OBJ071,70,OBJ071_036.jpg
/content/data/IE7615 Deep Learning for AI/images_OBJ020/OBJ020_084.jpg,images_OBJ020,19,OBJ020_084.jpg
/content/data/IE7615 Deep Learning for AI/images_OBJ062/OBJ062_022.jpg,images_OBJ062,61,OBJ062_022.jpg
/content/data/IE7615 Deep Learning for AI/images_OBJ037/OBJ037_011.jpg,images_OBJ037,36,OBJ037_011.jpg
/content/data/IE7615 Deep Learning for AI/images_OBJ061/OBJ061_053.jpg,images_OBJ061,60,OBJ061_053.jpg
/content/data/IE7615 Deep Learning for AI/images_OBJ031/OBJ031_041.jpg,images_OBJ031,30,OBJ031_041.jpg
/content/data/IE7615 Deep Learning for AI/images_OBJ036/OBJ036_002.jpg,images_OBJ036,35,OBJ036_002.jpg
/content/data/IE7615 Deep Learning for AI/images_OBJ044/OBJ044_072.jpg,images_OBJ044,43,OBJ044_072.jpg
/content/data/IE7615 Deep Learning for AI/images_OBJ064/OBJ064_047.jpg,images_OBJ064,63,OBJ064_047.jpg
/content/data/IE7615 Deep Learning for AI/images_OBJ051/OBJ051_034.jpg,images_OBJ051,50,OBJ051_034.jpg
/content/data/IE7615 Deep Learning for AI/images_OBJ052/OBJ052_006.jpg,images_OBJ052,51,OBJ052_006.jpg
/content/data/IE7615 Deep Learning for AI/images_OBJ030/OBJ030_049.jpg,images_OBJ030,29,OBJ030_049.jpg
/content/data/IE7615 Deep Learning for AI/images_OBJ003/OBJ003_061.jpg,images_OBJ003,2,OBJ003_061.jpg
/content/data/IE7615 Deep Learning for AI/images_OBJ004/OBJ004_026.jpg,images_OBJ004,3,OBJ004_026.jpg
/content/data/IE7615 Deep Learning for AI/images_OBJ073/OBJ073_084.jpg,images_OBJ073,72,OBJ073_084.jpg
/content/data/IE7615 Deep Learning for AI/images_OBJ072/OBJ072_064.jpg,images_OBJ072,71,OBJ072_064.jpg
/content/data/IE7615 Deep Learning for AI/images_OBJ038/OBJ038_059.jpg,images_OBJ038,37,OBJ038_059.jpg
/content/data/IE7615 Deep Learning for AI/images_OBJ009/OBJ009_078.jpg,images_OBJ009,8,OBJ009_078.jpg
/content/data/IE7615 Deep Learning for AI/images_OBJ001/OBJ001_082.jpg,images_OBJ001,0,OBJ001_082.jpg
/content/data/IE7615 Deep Learning for AI/images_OBJ060/OBJ060_47.JPG,images_OBJ060,59,OBJ060_47.JPG
/content/data/IE7615 Deep Learning for AI/images_OBJ052/OBJ052_025.jpg,images_OBJ052,51,OBJ052_025.jpg
/content/data/IE7615 Deep Learning for AI/images_OBJ034/OBJ034_085.jpg,images_OBJ034,33,OBJ034_085.jpg
/content/data/IE7615 Deep Learning for AI/images_OBJ070/OBJ070_063.jpg,images_OBJ070,69,OBJ070_063.jpg
/content/data/IE7615 Deep Learning for AI/images_OBJ013/OBJ013_037.jpg,images_OBJ013,12,OBJ013_037.jpg
/content/data/IE7615 Deep Learning for AI/images_OBJ046/OBJ046_063.jpg,images_OBJ046,45,OBJ046_063.jpg
/content/data/IE7615 Deep Learning for AI/images_OBJ061/OBJ061_042.jpg,images_OBJ061,60,OBJ061_042.jpg
/content/data/IE7615 Deep Learning for AI/images_OBJ025/OBJ025_053.jpg,images_OBJ025,24,OBJ025_053.jpg
/content/data/IE7615 Deep Learning for AI/images_OBJ032/OBJ032_019.jpg,images_OBJ032,31,OBJ032_019.jpg
/content/data/IE7615 Deep Learning for AI/images_OBJ039/OBJ039_024.jpg,images_OBJ039,38,OBJ039_024.jpg
/content/data/IE7615 Deep Learning for AI/images_OBJ057/OBJ057_008.jpg,images_OBJ057,56,OBJ057_008.jpg
/content/data/IE7615 Deep Learning for AI/images_OBJ064/OBJ064_065.jpg,images_OBJ064,63,OBJ064_065.jpg
/content/data/IE7615 Deep Learning for AI/images_OBJ057/OBJ057_085.jpg,images_OBJ057,56,OBJ057_085.jpg
/content/data/IE7615 Deep Learning for AI/images_OBJ047/OBJ047_012.jpg,images_OBJ047,46,OBJ047_012.jpg
/content/data/IE7615 Deep Learning for AI/images_OBJ036/OBJ036_020.jpg,images_OBJ036,35,OBJ036_020.jpg
/content/data/IE7615 Deep Learning for AI/images_OBJ055/OBJ055_085.jpg,images_OBJ055,54,OBJ055_085.jpg
/content/data/IE7615 Deep Learning for AI/images_OBJ034/OBJ034_076.jpg,images_OBJ034,33,OBJ034_076.jpg
/content/data/IE7615 Deep Learning for AI/images_OBJ053/OBJ053_056.jpg,images_OBJ053,52,OBJ053_056.jpg
/content/data/IE7615 Deep Learning for AI/images_OBJ072/OBJ072_045.jpg,images_OBJ072,71,OBJ072_045.jpg
/content/data/IE7615 Deep Learning for AI/images_OBJ058/OBJ058_012.jpg,images_OBJ058,57,OBJ058_012.jpg
/content/data/IE7615 Deep Learning for AI/images_OBJ027/OBJ027_063.jpg,images_OBJ027,26,OBJ027_063.jpg
/content/data/IE7615 Deep Learning for AI/images_OBJ070/OBJ070_041.jpg,images_OBJ070,69,OBJ070_041.jpg
/content/data/IE7615 Deep Learning for AI/images_OBJ072/OBJ072_027.jpg,images_OBJ072,71,OBJ072_027.jpg
/content/data/IE7615 Deep Learning for AI/images_OBJ070/OBJ070_007.jpg,images_OBJ070,69,OBJ070_007.jpg
/content/data/IE7615 Deep Learning for AI/images_OBJ046/OBJ046_090.jpg,images_OBJ046,45,OBJ046_090.jpg
/content/data/IE7615 Deep Learning for AI/images_OBJ071/OBJ071_047.jpg,images_OBJ071,70,OBJ071_047.jpg
/content/data/IE7615 Deep Learning for AI/images_OBJ038/OBJ038_082.jpg,images_OBJ038,37,OBJ038_082.jpg
/content/data/IE7615 Deep Learning for AI/images_OBJ030/OBJ030_061.jpg,images_OBJ030,29,OBJ030_061.jpg
/content/data/IE7615 Deep Learning for AI/images_OBJ060/OBJ060_89.JPG,images_OBJ060,59,OBJ060_89.JPG
/content/data/IE7615 Deep Learning for AI/images_OBJ033/OBJ033_032.jpg,images_OBJ033,32,OBJ033_032.jpg
/content/data/IE7615 Deep Learning for AI/images_OBJ041/OBJ041_019.jpg,images_OBJ041,40,OBJ041_019.jpg
/content/data/IE7615 Deep Learning for AI/images_OBJ050/OBJ050_035.jpg,images_OBJ050,49,OBJ050_035.jpg
/content/data/IE7615 Deep Learning for AI/images_OBJ007/OBJ007_043.jpg,images_OBJ007,6,OBJ007_043.jpg
/content/data/IE7615 Deep Learning for AI/images_OBJ056/OBJ056_027.jpg,images_OBJ056,55,OBJ056_027.jpg
/content/data/IE7615 Deep Learning for AI/images_OBJ042/OBJ042_016.jpg,images_OBJ042,41,OBJ042_016.jpg
/content/data/IE7615 Deep Learning for AI/images_OBJ011/OBJ011_003.jpg,images_OBJ011,10,OBJ011_003.jpg
/content/data/IE7615 Deep Learning for AI/images_OBJ008/OBJ008_007.jpg,images_OBJ008,7,OBJ008_007.jpg
/content/data/IE7615 Deep Learning for AI/images_OBJ049/OBJ049_056.jpg,images_OBJ049,48,OBJ049_056.jpg
/content/data/IE7615 Deep Learning for AI/images_OBJ003/OBJ003_059.jpg,images_OBJ003,2,OBJ003_059.jpg
/content/data/IE7615 Deep Learning for AI/images_OBJ017/OBJ017_106.jpg,images_OBJ017,16,OBJ017_106.jpg
/content/data/IE7615 Deep Learning for AI/images_OBJ058/OBJ058_044.jpg,images_OBJ058,57,OBJ058_044.jpg
/content/data/IE7615 Deep Learning for AI/images_OBJ072/OBJ072_054.jpg,images_OBJ072,71,OBJ072_054.jpg
/content/data/IE7615 Deep Learning for AI/images_OBJ054/OBJ054_067.jpg,images_OBJ054,53,OBJ054_067.jpg
/content/data/IE7615 Deep Learning for AI/images_OBJ017/OBJ017_053.jpg,images_OBJ017,16,OBJ017_053.jpg
/content/data/IE7615 Deep Learning for AI/images_OBJ045/OBJ045_065.jpg,images_OBJ045,44,OBJ045_065.jpg
/content/data/IE7615 Deep Learning for AI/images_OBJ057/OBJ057_018.jpg,images_OBJ057,56,OBJ057_018.jpg
/content/data/IE7615 Deep Learning for AI/images_OBJ052/OBJ052_048.jpg,images_OBJ052,51,OBJ052_048.jpg
/content/data/IE7615 Deep Learning for AI/images_OBJ019/OBJ019_065.jpg,images_OBJ019,18,OBJ019_065.jpg
/content/data/IE7615 Deep Learning for AI/images_OBJ057/OBJ057_094.jpg,images_OBJ057,56,OBJ057_094.jpg
/content/data/IE7615 Deep Learning for AI/images_OBJ060/OBJ060_91.JPG,images_OBJ060,59,OBJ060_91.JPG
/content/data/IE7615 Deep Learning for AI/images_OBJ040/OBJ040_086.JPG,images_OBJ040,39,OBJ040_086.JPG
/content/data/IE7615 Deep Learning for AI/images_OBJ030/OBJ030_006.jpg,images_OBJ030,29,OBJ030_006.jpg
/content/data/IE7615 Deep Learning for AI/images_OBJ050/OBJ050_071.jpg,images_OBJ050,49,OBJ050_071.jpg
/content/data/IE7615 Deep Learning for AI/images_OBJ059/OBJ059_067.jpg,images_OBJ059,58,OBJ059_067.jpg
/content/data/IE7615 Deep Learning for AI/images_OBJ010/OBJ010_045.jpg,images_OBJ010,9,OBJ010_045.jpg
/content/data/IE7615 Deep Learning for AI/images_OBJ045/OBJ045_045.jpg,images_OBJ045,44,OBJ045_045.jpg
/content/data/IE7615 Deep Learning for AI/images_OBJ063/OBJ063_069.jpg,images_OBJ063,62,OBJ063_069.jpg
/content/data/IE7615 Deep Learning for AI/images_OBJ008/OBJ008_049.jpg,images_OBJ008,7,OBJ008_049.jpg
/content/data/IE7615 Deep Learning for AI/images_OBJ058/OBJ058_078.jpg,images_OBJ058,57,OBJ058_078.jpg
/content/data/IE7615 Deep Learning for AI/images_OBJ063/OBJ063_091.jpg,images_OBJ063,62,OBJ063_091.jpg
/content/data/IE7615 Deep Learning for AI/images_OBJ039/OBJ039_039.jpg,images_OBJ039,38,OBJ039_039.jpg
/content/data/IE7615 Deep Learning for AI/images_OBJ012/OBJ012_030.jpg,images_OBJ012,11,OBJ012_030.jpg
/content/data/IE7615 Deep Learning for AI/images_OBJ058/OBJ058_039.jpg,images_OBJ058,57,OBJ058_039.jpg
/content/data/IE7615 Deep Learning for AI/images_OBJ064/OBJ064_035.jpg,images_OBJ064,63,OBJ064_035.jpg
/content/data/IE7615 Deep Learning for AI/images_OBJ032/OBJ032_086.jpg,images_OBJ032,31,OBJ032_086.jpg
/content/data/IE7615 Deep Learning for AI/images_OBJ031/OBJ031_055.jpg,images_OBJ031,30,OBJ031_055.jpg
/content/data/IE7615 Deep Learning for AI/images_OBJ068/OBJ068_021.jpg,images_OBJ068,67,OBJ068_021.jpg
/content/data/IE7615 Deep Learning for AI/images_OBJ024/OBJ024_019.jpg,images_OBJ024,23,OBJ024_019.jpg
/content/data/IE7615 Deep Learning for AI/images_OBJ033/OBJ033_054.jpg,images_OBJ033,32,OBJ033_054.jpg
/content/data/IE7615 Deep Learning for AI/images_OBJ003/OBJ003_068.jpg,images_OBJ003,2,OBJ003_068.jpg
/content/data/IE7615 Deep Learning for AI/images_OBJ005/OBJ005_036.jpg,images_OBJ005,4,OBJ005_036.jpg
/content/data/IE7615 Deep Learning for AI/images_OBJ028/OBJ028_068.jpg,images_OBJ028,27,OBJ028_068.jpg
/content/data/IE7615 Deep Learning for AI/images_OBJ032/OBJ032_085.jpg,images_OBJ032,31,OBJ032_085.jpg
/content/data/IE7615 Deep Learning for AI/images_OBJ037/OBJ037_071.jpg,images_OBJ037,36,OBJ037_071.jpg
/content/data/IE7615 Deep Learning for AI/images_OBJ041/OBJ041_094.jpg,images_OBJ041,40,OBJ041_094.jpg
/content/data/IE7615 Deep Learning for AI/images_OBJ059/OBJ059_003.jpg,images_OBJ059,58,OBJ059_003.jpg
/content/data/IE7615 Deep Learning for AI/images_OBJ014/sunglasses_049.jpeg,images_OBJ014,13,sunglasses_049.jpeg
/content/data/IE7615 Deep Learning for AI/images_OBJ063/OBJ063_073.jpg,images_OBJ063,62,OBJ063_073.jpg
/content/data/IE7615 Deep Learning for AI/images_OBJ063/OBJ063_070.jpg,images_OBJ063,62,OBJ063_070.jpg
/content/data/IE7615 Deep Learning for AI/images_OBJ034/OBJ034_068.jpg,images_OBJ034,33,OBJ034_068.jpg
/content/data/IE7615 Deep Learning for AI/images_OBJ023/OBJ023_075.JPG,images_OBJ023,22,OBJ023_075.JPG
/content/data/IE7615 Deep Learning for AI/images_OBJ071/OBJ071_024.jpg,images_OBJ071,70,OBJ071_024.jpg
/content/data/IE7615 Deep Learning for AI/images_OBJ039/OBJ039_080.jpg,images_OBJ039,38,OBJ039_080.jpg
/content/data/IE7615 Deep Learning for AI/images_OBJ011/OBJ011_089.jpg,images_OBJ011,10,OBJ011_089.jpg
/content/data/IE7615 Deep Learning for AI/images_OBJ029/OBJ029_020.jpg,images_OBJ029,28,OBJ029_020.jpg
/content/data/IE7615 Deep Learning for AI/images_OBJ036/OBJ036_022.jpg,images_OBJ036,35,OBJ036_022.jpg
/content/data/IE7615 Deep Learning for AI/images_OBJ061/OBJ061_057.jpg,images_OBJ061,60,OBJ061_057.jpg
/content/data/IE7615 Deep Learning for AI/images_OBJ013/OBJ013_052.jpg,images_OBJ013,12,OBJ013_052.jpg
/content/data/IE7615 Deep Learning for AI/images_OBJ053/OBJ053_077.jpg,images_OBJ053,52,OBJ053_077.jpg
/content/data/IE7615 Deep Learning for AI/images_OBJ016/OBJ016_001.jpg,images_OBJ016,15,OBJ016_001.jpg
/content/data/IE7615 Deep Learning for AI/images_OBJ056/OBJ056_012.jpg,images_OBJ056,55,OBJ056_012.jpg
/content/data/IE7615 Deep Learning for AI/images_OBJ010/OBJ010_005.jpg,images_OBJ010,9,OBJ010_005.jpg
/content/data/IE7615 Deep Learning for AI/images_OBJ010/OBJ010_046.jpg,images_OBJ010,9,OBJ010_046.jpg
/content/data/IE7615 Deep Learning for AI/images_OBJ053/OBJ053_067.jpg,images_OBJ053,52,OBJ053_067.jpg
/content/data/IE7615 Deep Learning for AI/images_OBJ001/OBJ001_023.jpg,images_OBJ001,0,OBJ001_023.jpg
/content/data/IE7615 Deep Learning for AI/images_OBJ025/OBJ025_026.jpg,images_OBJ025,24,OBJ025_026.jpg
/content/data/IE7615 Deep Learning for AI/images_OBJ001/OBJ001_056.jpg,images_OBJ001,0,OBJ001_056.jpg
/content/data/IE7615 Deep Learning for AI/images_OBJ021/OBJ021_041.jpg,images_OBJ021,20,OBJ021_041.jpg
/content/data/IE7615 Deep Learning for AI/images_OBJ066/OBJ066_014.jpg,images_OBJ066,65,OBJ066_014.jpg
/content/data/IE7615 Deep Learning for AI/images_OBJ035/OBJ035_020.jpg,images_OBJ035,34,OBJ035_020.jpg
/content/data/IE7615 Deep Learning for AI/images_OBJ053/OBJ053_015.jpg,images_OBJ053,52,OBJ053_015.jpg
/content/data/IE7615 Deep Learning for AI/images_OBJ032/OBJ032_071.jpg,images_OBJ032,31,OBJ032_071.jpg
/content/data/IE7615 Deep Learning for AI/images_OBJ072/OBJ072_089.jpg,images_OBJ072,71,OBJ072_089.jpg
/content/data/IE7615 Deep Learning for AI/images_OBJ072/OBJ072_056.jpg,images_OBJ072,71,OBJ072_056.jpg
/content/data/IE7615 Deep Learning for AI/images_OBJ073/OBJ073_093.jpg,images_OBJ073,72,OBJ073_093.jpg
/content/data/IE7615 Deep Learning for AI/images_OBJ007/OBJ007_036.jpg,images_OBJ007,6,OBJ007_036.jpg
/content/data/IE7615 Deep Learning for AI/images_OBJ013/OBJ013_083.jpg,images_OBJ013,12,OBJ013_083.jpg
/content/data/IE7615 Deep Learning for AI/images_OBJ048/OBJ048_005.jpg,images_OBJ048,47,OBJ048_005.jpg
/content/data/IE7615 Deep Learning for AI/images_OBJ026/OBJ026_085.jpg,images_OBJ026,25,OBJ026_085.jpg
/content/data/IE7615 Deep Learning for AI/images_OBJ026/OBJ026_022.jpg,images_OBJ026,25,OBJ026_022.jpg
/content/data/IE7615 Deep Learning for AI/images_OBJ002/OBJ002_073.jpg,images_OBJ002,1,OBJ002_073.jpg
/content/data/IE7615 Deep Learning for AI/images_OBJ038/OBJ038_049.jpg,images_OBJ038,37,OBJ038_049.jpg
/content/data/IE7615 Deep Learning for AI/images_OBJ016/OBJ016_050.jpg,images_OBJ016,15,OBJ016_050.jpg
/content/data/IE7615 Deep Learning for AI/images_OBJ015/OBJ015_036.jpg,images_OBJ015,14,OBJ015_036.jpg
/content/data/IE7615 Deep Learning for AI/images_OBJ047/OBJ047_088.jpg,images_OBJ047,46,OBJ047_088.jpg
/content/data/IE7615 Deep Learning for AI/images_OBJ056/OBJ056_042.jpg,images_OBJ056,55,OBJ056_042.jpg
/content/data/IE7615 Deep Learning for AI/images_OBJ021/OBJ021_038.jpg,images_OBJ021,20,OBJ021_038.jpg
/content/data/IE7615 Deep Learning for AI/images_OBJ026/OBJ026_029.jpg,images_OBJ026,25,OBJ026_029.jpg
/content/data/IE7615 Deep Learning for AI/images_OBJ054/OBJ054_025.jpg,images_OBJ054,53,OBJ054_025.jpg
/content/data/IE7615 Deep Learning for AI/images_OBJ027/OBJ027_035.jpg,images_OBJ027,26,OBJ027_035.jpg
/content/data/IE7615 Deep Learning for AI/images_OBJ015/OBJ015_084.jpg,images_OBJ015,14,OBJ015_084.jpg
/content/data/IE7615 Deep Learning for AI/images_OBJ024/OBJ024_061.jpg,images_OBJ024,23,OBJ024_061.jpg
/content/data/IE7615 Deep Learning for AI/images_OBJ051/OBJ051_071.jpg,images_OBJ051,50,OBJ051_071.jpg
/content/data/IE7615 Deep Learning for AI/images_OBJ030/OBJ030_039.jpg,images_OBJ030,29,OBJ030_039.jpg
/content/data/IE7615 Deep Learning for AI/images_OBJ062/OBJ062_086.jpg,images_OBJ062,61,OBJ062_086.jpg
/content/data/IE7615 Deep Learning for AI/images_OBJ067/OBJ067_0011.jpg,images_OBJ067,66,OBJ067_0011.jpg
/content/data/IE7615 Deep Learning for AI/images_OBJ007/OBJ007_061.jpg,images_OBJ007,6,OBJ007_061.jpg
/content/data/IE7615 Deep Learning for AI/images_OBJ026/OBJ026_094.jpg,images_OBJ026,25,OBJ026_094.jpg
/content/data/IE7615 Deep Learning for AI/images_OBJ055/OBJ055_029.jpg,images_OBJ055,54,OBJ055_029.jpg
/content/data/IE7615 Deep Learning for AI/images_OBJ013/OBJ013_021.jpg,images_OBJ013,12,OBJ013_021.jpg
/content/data/IE7615 Deep Learning for AI/images_OBJ049/OBJ049_021.jpg,images_OBJ049,48,OBJ049_021.jpg
/content/data/IE7615 Deep Learning for AI/images_OBJ011/OBJ011_033.jpg,images_OBJ011,10,OBJ011_033.jpg
/content/data/IE7615 Deep Learning for AI/images_OBJ002/OBJ002_041.jpg,images_OBJ002,1,OBJ002_041.jpg
/content/data/IE7615 Deep Learning for AI/images_OBJ018/OBJ018_057.jpg,images_OBJ018,17,OBJ018_057.jpg
/content/data/IE7615 Deep Learning for AI/images_OBJ054/OBJ054_051.jpg,images_OBJ054,53,OBJ054_051.jpg
/content/data/IE7615 Deep Learning for AI/images_OBJ018/OBJ018_088.jpg,images_OBJ018,17,OBJ018_088.jpg
/content/data/IE7615 Deep Learning for AI/images_OBJ052/OBJ052_022.jpg,images_OBJ052,51,OBJ052_022.jpg
/content/data/IE7615 Deep Learning for AI/images_OBJ010/OBJ010_035.jpg,images_OBJ010,9,OBJ010_035.jpg
/content/data/IE7615 Deep Learning for AI/images_OBJ068/OBJ068_038.jpg,images_OBJ068,67,OBJ068_038.jpg
/content/data/IE7615 Deep Learning for AI/images_OBJ060/OBJ060_55.JPG,images_OBJ060,59,OBJ060_55.JPG
/content/data/IE7615 Deep Learning for AI/images_OBJ057/OBJ057_072.jpg,images_OBJ057,56,OBJ057_072.jpg
/content/data/IE7615 Deep Learning for AI/images_OBJ036/OBJ036_009.jpg,images_OBJ036,35,OBJ036_009.jpg
/content/data/IE7615 Deep Learning for AI/images_OBJ015/OBJ015_013.jpg,images_OBJ015,14,OBJ015_013.jpg
/content/data/IE7615 Deep Learning for AI/images_OBJ018/OBJ018_066.jpg,images_OBJ018,17,OBJ018_066.jpg
/content/data/IE7615 Deep Learning for AI/images_OBJ063/OBJ063_046.jpg,images_OBJ063,62,OBJ063_046.jpg
/content/data/IE7615 Deep Learning for AI/images_OBJ062/OBJ062_071.jpg,images_OBJ062,61,OBJ062_071.jpg
/content/data/IE7615 Deep Learning for AI/images_OBJ060/OBJ060_49.JPG,images_OBJ060,59,OBJ060_49.JPG
/content/data/IE7615 Deep Learning for AI/images_OBJ020/OBJ020_074.jpg,images_OBJ020,19,OBJ020_074.jpg
/content/data/IE7615 Deep Learning for AI/images_OBJ017/OBJ017_014.jpg,images_OBJ017,16,OBJ017_014.jpg
/content/data/IE7615 Deep Learning for AI/images_OBJ030/OBJ030_024.jpg,images_OBJ030,29,OBJ030_024.jpg
/content/data/IE7615 Deep Learning for AI/images_OBJ012/OBJ012_008.jpg,images_OBJ012,11,OBJ012_008.jpg
/content/data/IE7615 Deep Learning for AI/images_OBJ023/OBJ023_044.JPG,images_OBJ023,22,OBJ023_044.JPG
/content/data/IE7615 Deep Learning for AI/images_OBJ021/OBJ021_052.jpg,images_OBJ021,20,OBJ021_052.jpg
/content/data/IE7615 Deep Learning for AI/images_OBJ017/OBJ017_100.jpg,images_OBJ017,16,OBJ017_100.jpg
/content/data/IE7615 Deep Learning for AI/images_OBJ025/OBJ025_011.jpg,images_OBJ025,24,OBJ025_011.jpg
/content/data/IE7615 Deep Learning for AI/images_OBJ036/OBJ036_071.jpg,images_OBJ036,35,OBJ036_071.jpg
/content/data/IE7615 Deep Learning for AI/images_OBJ014/sunglasses_086.jpeg,images_OBJ014,13,sunglasses_086.jpeg
/content/data/IE7615 Deep Learning for AI/images_OBJ034/OBJ034_018.jpg,images_OBJ034,33,OBJ034_018.jpg
/content/data/IE7615 Deep Learning for AI/images_OBJ045/OBJ045_030.jpg,images_OBJ045,44,OBJ045_030.jpg
/content/data/IE7615 Deep Learning for AI/images_OBJ065/OBJ065_005.jpg,images_OBJ065,64,OBJ065_005.jpg
/content/data/IE7615 Deep Learning for AI/images_OBJ006/OBJ006_066.jpg,images_OBJ006,5,OBJ006_066.jpg
/content/data/IE7615 Deep Learning for AI/images_OBJ024/OBJ024_047.jpg,images_OBJ024,23,OBJ024_047.jpg
/content/data/IE7615 Deep Learning for AI/images_OBJ027/OBJ027_061.jpg,images_OBJ027,26,OBJ027_061.jpg
/content/data/IE7615 Deep Learning for AI/images_OBJ071/OBJ071_078.jpg,images_OBJ071,70,OBJ071_078.jpg
/content/data/IE7615 Deep Learning for AI/images_OBJ008/OBJ008_085.jpg,images_OBJ008,7,OBJ008_085.jpg
/content/data/IE7615 Deep Learning for AI/images_OBJ031/OBJ031_038.jpg,images_OBJ031,30,OBJ031_038.jpg
/content/data/IE7615 Deep Learning for AI/images_OBJ019/OBJ019_001.jpg,images_OBJ019,18,OBJ019_001.jpg
/content/data/IE7615 Deep Learning for AI/images_OBJ063/OBJ063_003.jpg,images_OBJ063,62,OBJ063_003.jpg
/content/data/IE7615 Deep Learning for AI/images_OBJ058/OBJ058_042.jpg,images_OBJ058,57,OBJ058_042.jpg
/content/data/IE7615 Deep Learning for AI/images_OBJ065/OBJ065_052.jpg,images_OBJ065,64,OBJ065_052.jpg
/content/data/IE7615 Deep Learning for AI/images_OBJ001/OBJ001_030.jpg,images_OBJ001,0,OBJ001_030.jpg
/content/data/IE7615 Deep Learning for AI/images_OBJ058/OBJ058_054.jpg,images_OBJ058,57,OBJ058_054.jpg
/content/data/IE7615 Deep Learning for AI/images_OBJ065/OBJ065_039.jpg,images_OBJ065,64,OBJ065_039.jpg
/content/data/IE7615 Deep Learning for AI/images_OBJ043/OBJ043_072.jpg,images_OBJ043,42,OBJ043_072.jpg
/content/data/IE7615 Deep Learning for AI/images_OBJ069/OBJ069_072.jpg,images_OBJ069,68,OBJ069_072.jpg
/content/data/IE7615 Deep Learning for AI/images_OBJ032/OBJ032_031.jpg,images_OBJ032,31,OBJ032_031.jpg
/content/data/IE7615 Deep Learning for AI/images_OBJ034/OBJ034_021.jpg,images_OBJ034,33,OBJ034_021.jpg
/content/data/IE7615 Deep Learning for AI/images_OBJ020/OBJ020_056.jpg,images_OBJ020,19,OBJ020_056.jpg
/content/data/IE7615 Deep Learning for AI/images_OBJ006/OBJ006_020.jpg,images_OBJ006,5,OBJ006_020.jpg
/content/data/IE7615 Deep Learning for AI/images_OBJ070/OBJ070_079.jpg,images_OBJ070,69,OBJ070_079.jpg
/content/data/IE7615 Deep Learning for AI/images_OBJ036/OBJ036_041.jpg,images_OBJ036,35,OBJ036_041.jpg
/content/data/IE7615 Deep Learning for AI/images_OBJ048/OBJ048_031.jpg,images_OBJ048,47,OBJ048_031.jpg
/content/data/IE7615 Deep Learning for AI/images_OBJ058/OBJ058_075.jpg,images_OBJ058,57,OBJ058_075.jpg
/content/data/IE7615 Deep Learning for AI/images_OBJ049/OBJ049_061.jpg,images_OBJ049,48,OBJ049_061.jpg
/content/data/IE7615 Deep Learning for AI/images_OBJ049/OBJ049_086.jpg,images_OBJ049,48,OBJ049_086.jpg
/content/data/IE7615 Deep Learning for AI/images_OBJ068/OBJ068_001.jpg,images_OBJ068,67,OBJ068_001.jpg
/content/data/IE7615 Deep Learning for AI/images_OBJ025/OBJ025_004.jpg,images_OBJ025,24,OBJ025_004.jpg
/content/data/IE7615 Deep Learning for AI/images_OBJ052/OBJ052_004.jpg,images_OBJ052,51,OBJ052_004.jpg
/content/data/IE7615 Deep Learning for AI/images_OBJ001/OBJ001_045.jpg,images_OBJ001,0,OBJ001_045.jpg
/content/data/IE7615 Deep Learning for AI/images_OBJ032/OBJ032_091.jpg,images_OBJ032,31,OBJ032_091.jpg
/content/data/IE7615 Deep Learning for AI/images_OBJ028/OBJ028_062.jpg,images_OBJ028,27,OBJ028_062.jpg
/content/data/IE7615 Deep Learning for AI/images_OBJ003/OBJ003_027.jpg,images_OBJ003,2,OBJ003_027.jpg
/content/data/IE7615 Deep Learning for AI/images_OBJ071/OBJ071_015.jpg,images_OBJ071,70,OBJ071_015.jpg
/content/data/IE7615 Deep Learning for AI/images_OBJ072/OBJ072_048.jpg,images_OBJ072,71,OBJ072_048.jpg
/content/data/IE7615 Deep Learning for AI/images_OBJ033/OBJ033_031.jpg,images_OBJ033,32,OBJ033_031.jpg
/content/data/IE7615 Deep Learning for AI/images_OBJ053/OBJ053_064.jpg,images_OBJ053,52,OBJ053_064.jpg
/content/data/IE7615 Deep Learning for AI/images_OBJ027/OBJ027_003.jpg,images_OBJ027,26,OBJ027_003.jpg
/content/data/IE7615 Deep Learning for AI/images_OBJ040/OBJ040_021.JPG,images_OBJ040,39,OBJ040_021.JPG
/content/data/IE7615 Deep Learning for AI/images_OBJ026/OBJ026_076.jpg,images_OBJ026,25,OBJ026_076.jpg
/content/data/IE7615 Deep Learning for AI/images_OBJ017/OBJ017_102.jpg,images_OBJ017,16,OBJ017_102.jpg
/content/data/IE7615 Deep Learning for AI/images_OBJ011/OBJ011_007.jpg,images_OBJ011,10,OBJ011_007.jpg
/content/data/IE7615 Deep Learning for AI/images_OBJ038/OBJ038_047.jpg,images_OBJ038,37,OBJ038_047.jpg
/content/data/IE7615 Deep Learning for AI/images_OBJ053/OBJ053_058.jpg,images_OBJ053,52,OBJ053_058.jpg
/content/data/IE7615 Deep Learning for AI/images_OBJ007/OBJ007_071.jpg,images_OBJ007,6,OBJ007_071.jpg
/content/data/IE7615 Deep Learning for AI/images_OBJ049/OBJ049_018.jpg,images_OBJ049,48,OBJ049_018.jpg
/content/data/IE7615 Deep Learning for AI/images_OBJ070/OBJ070_048.jpg,images_OBJ070,69,OBJ070_048.jpg
/content/data/IE7615 Deep Learning for AI/images_OBJ016/OBJ016_090.jpg,images_OBJ016,15,OBJ016_090.jpg
/content/data/IE7615 Deep Learning for AI/images_OBJ030/OBJ030_082.jpg,images_OBJ030,29,OBJ030_082.jpg
/content/data/IE7615 Deep Learning for AI/images_OBJ043/OBJ043_012.jpg,images_OBJ043,42,OBJ043_012.jpg
/content/data/IE7615 Deep Learning for AI/images_OBJ023/OBJ023_042.JPG,images_OBJ023,22,OBJ023_042.JPG
/content/data/IE7615 Deep Learning for AI/images_OBJ040/OBJ040_039.JPG,images_OBJ040,39,OBJ040_039.JPG
/content/data/IE7615 Deep Learning for AI/images_OBJ060/OBJ060_94.JPG,images_OBJ060,59,OBJ060_94.JPG
/content/data/IE7615 Deep Learning for AI/images_OBJ057/OBJ057_088.jpg,images_OBJ057,56,OBJ057_088.jpg
/content/data/IE7615 Deep Learning for AI/images_OBJ039/OBJ039_069.jpg,images_OBJ039,38,OBJ039_069.jpg
/content/data/IE7615 Deep Learning for AI/images_OBJ023/OBJ023_035.JPG,images_OBJ023,22,OBJ023_035.JPG
/content/data/IE7615 Deep Learning for AI/images_OBJ058/OBJ058_059.jpg,images_OBJ058,57,OBJ058_059.jpg
/content/data/IE7615 Deep Learning for AI/images_OBJ029/OBJ029_078.jpg,images_OBJ029,28,OBJ029_078.jpg
/content/data/IE7615 Deep Learning for AI/images_OBJ006/OBJ006_051.jpg,images_OBJ006,5,OBJ006_051.jpg
/content/data/IE7615 Deep Learning for AI/images_OBJ042/OBJ042_058.jpg,images_OBJ042,41,OBJ042_058.jpg
/content/data/IE7615 Deep Learning for AI/images_OBJ038/OBJ038_022.jpg,images_OBJ038,37,OBJ038_022.jpg
/content/data/IE7615 Deep Learning for AI/images_OBJ040/OBJ040_009.JPG,images_OBJ040,39,OBJ040_009.JPG
/content/data/IE7615 Deep Learning for AI/images_OBJ036/OBJ036_078.jpg,images_OBJ036,35,OBJ036_078.jpg
/content/data/IE7615 Deep Learning for AI/images_OBJ017/OBJ017_046.jpg,images_OBJ017,16,OBJ017_046.jpg
/content/data/IE7615 Deep Learning for AI/images_OBJ028/OBJ028_010.jpg,images_OBJ028,27,OBJ028_010.jpg
/content/data/IE7615 Deep Learning for AI/images_OBJ027/OBJ027_045.jpg,images_OBJ027,26,OBJ027_045.jpg
/content/data/IE7615 Deep Learning for AI/images_OBJ029/OBJ029_040.jpg,images_OBJ029,28,OBJ029_040.jpg
/content/data/IE7615 Deep Learning for AI/images_OBJ014/sunglasses_061.jpeg,images_OBJ014,13,sunglasses_061.jpeg
/content/data/IE7615 Deep Learning for AI/images_OBJ069/OBJ069_016.jpg,images_OBJ069,68,OBJ069_016.jpg
/content/data/IE7615 Deep Learning for AI/images_OBJ005/OBJ005_089.jpg,images_OBJ005,4,OBJ005_089.jpg
/content/data/IE7615 Deep Learning for AI/images_OBJ050/OBJ050_016.jpg,images_OBJ050,49,OBJ050_016.jpg
/content/data/IE7615 Deep Learning for AI/images_OBJ059/OBJ059_040.jpg,images_OBJ059,58,OBJ059_040.jpg
/content/data/IE7615 Deep Learning for AI/images_OBJ061/OBJ061_049.jpg,images_OBJ061,60,OBJ061_049.jpg
/content/data/IE7615 Deep Learning for AI/images_OBJ059/OBJ059_051.jpg,images_OBJ059,58,OBJ059_051.jpg
/content/data/IE7615 Deep Learning for AI/images_OBJ040/OBJ040_059.JPG,images_OBJ040,39,OBJ040_059.JPG
/content/data/IE7615 Deep Learning for AI/images_OBJ056/OBJ056_049.jpg,images_OBJ056,55,OBJ056_049.jpg
/content/data/IE7615 Deep Learning for AI/images_OBJ019/OBJ019_078.jpg,images_OBJ019,18,OBJ019_078.jpg
/content/data/IE7615 Deep Learning for AI/images_OBJ053/OBJ053_026.jpg,images_OBJ053,52,OBJ053_026.jpg
/content/data/IE7615 Deep Learning for AI/images_OBJ021/OBJ021_071.jpg,images_OBJ021,20,OBJ021_071.jpg
/content/data/IE7615 Deep Learning for AI/images_OBJ070/OBJ070_054.jpg,images_OBJ070,69,OBJ070_054.jpg
/content/data/IE7615 Deep Learning for AI/images_OBJ054/OBJ054_035.jpg,images_OBJ054,53,OBJ054_035.jpg
/content/data/IE7615 Deep Learning for AI/images_OBJ051/OBJ051_052.jpg,images_OBJ051,50,OBJ051_052.jpg
/content/data/IE7615 Deep Learning for AI/images_OBJ020/OBJ020_070.jpg,images_OBJ020,19,OBJ020_070.jpg
/content/data/IE7615 Deep Learning for AI/images_OBJ015/OBJ015_011.jpg,images_OBJ015,14,OBJ015_011.jpg
/content/data/IE7615 Deep Learning for AI/images_OBJ064/OBJ064_094.jpg,images_OBJ064,63,OBJ064_094.jpg
/content/data/IE7615 Deep Learning for AI/images_OBJ009/OBJ009_090.jpg,images_OBJ009,8,OBJ009_090.jpg
/content/data/IE7615 Deep Learning for AI/images_OBJ058/OBJ058_027.jpg,images_OBJ058,57,OBJ058_027.jpg
/content/data/IE7615 Deep Learning for AI/images_OBJ066/OBJ066_075.jpg,images_OBJ066,65,OBJ066_075.jpg
/content/data/IE7615 Deep Learning for AI/images_OBJ047/OBJ047_010.jpg,images_OBJ047,46,OBJ047_010.jpg
/content/data/IE7615 Deep Learning for AI/images_OBJ070/OBJ070_072.jpg,images_OBJ070,69,OBJ070_072.jpg
/content/data/IE7615 Deep Learning for AI/images_OBJ066/OBJ066_020.jpg,images_OBJ066,65,OBJ066_020.jpg
/content/data/IE7615 Deep Learning for AI/images_OBJ049/OBJ049_013.jpg,images_OBJ049,48,OBJ049_013.jpg
/content/data/IE7615 Deep Learning for AI/images_OBJ011/OBJ011_075.jpg,images_OBJ011,10,OBJ011_075.jpg
/content/data/IE7615 Deep Learning for AI/images_OBJ030/OBJ030_047.jpg,images_OBJ030,29,OBJ030_047.jpg
/content/data/IE7615 Deep Learning for AI/images_OBJ040/OBJ040_015.JPG,images_OBJ040,39,OBJ040_015.JPG
/content/data/IE7615 Deep Learning for AI/images_OBJ053/OBJ053_049.jpg,images_OBJ053,52,OBJ053_049.jpg
/content/data/IE7615 Deep Learning for AI/images_OBJ009/OBJ009_010.jpg,images_OBJ009,8,OBJ009_010.jpg
/content/data/IE7615 Deep Learning for AI/images_OBJ058/OBJ058_066.jpg,images_OBJ058,57,OBJ058_066.jpg
/content/data/IE7615 Deep Learning for AI/images_OBJ012/OBJ012_065.jpg,images_OBJ012,11,OBJ012_065.jpg
/content/data/IE7615 Deep Learning for AI/images_OBJ063/OBJ063_068.jpg,images_OBJ063,62,OBJ063_068.jpg
/content/data/IE7615 Deep Learning for AI/images_OBJ001/OBJ001_087.jpg,images_OBJ001,0,OBJ001_087.jpg
/content/data/IE7615 Deep Learning for AI/images_OBJ003/OBJ003_062.jpg,images_OBJ003,2,OBJ003_062.jpg
/content/data/IE7615 Deep Learning for AI/images_OBJ022/OBJ022_069.jpeg,images_OBJ022,21,OBJ022_069.jpeg
/content/data/IE7615 Deep Learning for AI/images_OBJ047/OBJ047_043.jpg,images_OBJ047,46,OBJ047_043.jpg
/content/data/IE7615 Deep Learning for AI/images_OBJ063/OBJ063_076.jpg,images_OBJ063,62,OBJ063_076.jpg
/content/data/IE7615 Deep Learning for AI/images_OBJ062/OBJ062_053.jpg,images_OBJ062,61,OBJ062_053.jpg
/content/data/IE7615 Deep Learning for AI/images_OBJ034/OBJ034_053.jpg,images_OBJ034,33,OBJ034_053.jpg
/content/data/IE7615 Deep Learning for AI/images_OBJ003/OBJ003_049.jpg,images_OBJ003,2,OBJ003_049.jpg
/content/data/IE7615 Deep Learning for AI/images_OBJ057/OBJ057_064.jpg,images_OBJ057,56,OBJ057_064.jpg
/content/data/IE7615 Deep Learning for AI/images_OBJ033/OBJ033_012.jpg,images_OBJ033,32,OBJ033_012.jpg
/content/data/IE7615 Deep Learning for AI/images_OBJ042/OBJ042_052.jpg,images_OBJ042,41,OBJ042_052.jpg
/content/data/IE7615 Deep Learning for AI/images_OBJ068/OBJ068_078.jpg,images_OBJ068,67,OBJ068_078.jpg
/content/data/IE7615 Deep Learning for AI/images_OBJ066/OBJ066_041.jpg,images_OBJ066,65,OBJ066_041.jpg
/content/data/IE7615 Deep Learning for AI/images_OBJ021/OBJ021_023.jpg,images_OBJ021,20,OBJ021_023.jpg
/content/data/IE7615 Deep Learning for AI/images_OBJ031/OBJ031_061.jpg,images_OBJ031,30,OBJ031_061.jpg
/content/data/IE7615 Deep Learning for AI/images_OBJ031/OBJ031_064.jpg,images_OBJ031,30,OBJ031_064.jpg
/content/data/IE7615 Deep Learning for AI/images_OBJ008/OBJ008_057.jpg,images_OBJ008,7,OBJ008_057.jpg
/content/data/IE7615 Deep Learning for AI/images_OBJ041/OBJ041_067.jpg,images_OBJ041,40,OBJ041_067.jpg
/content/data/IE7615 Deep Learning for AI/images_OBJ060/OBJ060_13.JPG,images_OBJ060,59,OBJ060_13.JPG
/content/data/IE7615 Deep Learning for AI/images_OBJ071/OBJ071_045.jpg,images_OBJ071,70,OBJ071_045.jpg
/content/data/IE7615 Deep Learning for AI/images_OBJ053/OBJ053_003.jpg,images_OBJ053,52,OBJ053_003.jpg
/content/data/IE7615 Deep Learning for AI/images_OBJ004/OBJ004_035.jpg,images_OBJ004,3,OBJ004_035.jpg
/content/data/IE7615 Deep Learning for AI/images_OBJ037/OBJ037_079.jpg,images_OBJ037,36,OBJ037_079.jpg
/content/data/IE7615 Deep Learning for AI/images_OBJ028/OBJ028_035.jpg,images_OBJ028,27,OBJ028_035.jpg
/content/data/IE7615 Deep Learning for AI/images_OBJ060/OBJ060_86.JPG,images_OBJ060,59,OBJ060_86.JPG
/content/data/IE7615 Deep Learning for AI/images_OBJ013/OBJ013_043.jpg,images_OBJ013,12,OBJ013_043.jpg
/content/data/IE7615 Deep Learning for AI/images_OBJ003/OBJ003_066.jpg,images_OBJ003,2,OBJ003_066.jpg
/content/data/IE7615 Deep Learning for AI/images_OBJ034/OBJ034_080.jpg,images_OBJ034,33,OBJ034_080.jpg
/content/data/IE7615 Deep Learning for AI/images_OBJ056/OBJ056_035.jpg,images_OBJ056,55,OBJ056_035.jpg
/content/data/IE7615 Deep Learning for AI/images_OBJ029/OBJ029_028.jpg,images_OBJ029,28,OBJ029_028.jpg
/content/data/IE7615 Deep Learning for AI/images_OBJ047/OBJ047_019.jpg,images_OBJ047,46,OBJ047_019.jpg
/content/data/IE7615 Deep Learning for AI/images_OBJ013/OBJ013_002.jpg,images_OBJ013,12,OBJ013_002.jpg
/content/data/IE7615 Deep Learning for AI/images_OBJ070/OBJ070_088.jpg,images_OBJ070,69,OBJ070_088.jpg
/content/data/IE7615 Deep Learning for AI/images_OBJ054/OBJ054_064.jpg,images_OBJ054,53,OBJ054_064.jpg
/content/data/IE7615 Deep Learning for AI/images_OBJ054/OBJ054_031.jpg,images_OBJ054,53,OBJ054_031.jpg
/content/data/IE7615 Deep Learning for AI/images_OBJ022/OBJ022_035.jpeg,images_OBJ022,21,OBJ022_035.jpeg
/content/data/IE7615 Deep Learning for AI/images_OBJ033/OBJ033_087.jpg,images_OBJ033,32,OBJ033_087.jpg
/content/data/IE7615 Deep Learning for AI/images_OBJ055/OBJ055_032.jpg,images_OBJ055,54,OBJ055_032.jpg
/content/data/IE7615 Deep Learning for AI/images_OBJ012/OBJ012_052.jpg,images_OBJ012,11,OBJ012_052.jpg
/content/data/IE7615 Deep Learning for AI/images_OBJ062/OBJ062_017.jpg,images_OBJ062,61,OBJ062_017.jpg
/content/data/IE7615 Deep Learning for AI/images_OBJ019/OBJ019_063.jpg,images_OBJ019,18,OBJ019_063.jpg
/content/data/IE7615 Deep Learning for AI/images_OBJ041/OBJ041_034.jpg,images_OBJ041,40,OBJ041_034.jpg
/content/data/IE7615 Deep Learning for AI/images_OBJ007/OBJ007_078.jpg,images_OBJ007,6,OBJ007_078.jpg
/content/data/IE7615 Deep Learning for AI/images_OBJ031/OBJ031_032.jpg,images_OBJ031,30,OBJ031_032.jpg
/content/data/IE7615 Deep Learning for AI/images_OBJ044/OBJ044_028.jpg,images_OBJ044,43,OBJ044_028.jpg
/content/data/IE7615 Deep Learning for AI/images_OBJ039/OBJ039_053.jpg,images_OBJ039,38,OBJ039_053.jpg
/content/data/IE7615 Deep Learning for AI/images_OBJ016/OBJ016_083.jpg,images_OBJ016,15,OBJ016_083.jpg
/content/data/IE7615 Deep Learning for AI/images_OBJ007/OBJ007_094.jpg,images_OBJ007,6,OBJ007_094.jpg
/content/data/IE7615 Deep Learning for AI/images_OBJ018/OBJ018_065.jpg,images_OBJ018,17,OBJ018_065.jpg
/content/data/IE7615 Deep Learning for AI/images_OBJ011/OBJ011_016.jpg,images_OBJ011,10,OBJ011_016.jpg
/content/data/IE7615 Deep Learning for AI/images_OBJ032/OBJ032_094.jpg,images_OBJ032,31,OBJ032_094.jpg
/content/data/IE7615 Deep Learning for AI/images_OBJ050/OBJ050_009.jpg,images_OBJ050,49,OBJ050_009.jpg
/content/data/IE7615 Deep Learning for AI/images_OBJ029/OBJ029_050.jpg,images_OBJ029,28,OBJ029_050.jpg
/content/data/IE7615 Deep Learning for AI/images_OBJ009/OBJ009_059.jpg,images_OBJ009,8,OBJ009_059.jpg
/content/data/IE7615 Deep Learning for AI/images_OBJ003/OBJ003_010.jpg,images_OBJ003,2,OBJ003_010.jpg
/content/data/IE7615 Deep Learning for AI/images_OBJ072/OBJ072_053.jpg,images_OBJ072,71,OBJ072_053.jpg
/content/data/IE7615 Deep Learning for AI/images_OBJ059/OBJ059_012.jpg,images_OBJ059,58,OBJ059_012.jpg
/content/data/IE7615 Deep Learning for AI/images_OBJ035/OBJ035_005.jpg,images_OBJ035,34,OBJ035_005.jpg
/content/data/IE7615 Deep Learning for AI/images_OBJ012/OBJ012_092.jpg,images_OBJ012,11,OBJ012_092.jpg
/content/data/IE7615 Deep Learning for AI/images_OBJ065/OBJ065_090.jpg,images_OBJ065,64,OBJ065_090.jpg
/content/data/IE7615 Deep Learning for AI/images_OBJ053/OBJ053_066.jpg,images_OBJ053,52,OBJ053_066.jpg
/content/data/IE7615 Deep Learning for AI/images_OBJ062/OBJ062_031.jpg,images_OBJ062,61,OBJ062_031.jpg
/content/data/IE7615 Deep Learning for AI/images_OBJ017/OBJ017_013.jpg,images_OBJ017,16,OBJ017_013.jpg
/content/data/IE7615 Deep Learning for AI/images_OBJ019/OBJ019_031.jpg,images_OBJ019,18,OBJ019_031.jpg
/content/data/IE7615 Deep Learning for AI/images_OBJ066/OBJ066_027.jpg,images_OBJ066,65,OBJ066_027.jpg
/content/data/IE7615 Deep Learning for AI/images_OBJ013/OBJ013_066.jpg,images_OBJ013,12,OBJ013_066.jpg
/content/data/IE7615 Deep Learning for AI/images_OBJ036/OBJ036_010.jpg,images_OBJ036,35,OBJ036_010.jpg
/content/data/IE7615 Deep Learning for AI/images_OBJ005/OBJ005_092.jpg,images_OBJ005,4,OBJ005_092.jpg
/content/data/IE7615 Deep Learning for AI/images_OBJ053/OBJ053_019.jpg,images_OBJ053,52,OBJ053_019.jpg
/content/data/IE7615 Deep Learning for AI/images_OBJ029/OBJ029_095.jpg,images_OBJ029,28,OBJ029_095.jpg
/content/data/IE7615 Deep Learning for AI/images_OBJ044/OBJ044_058.jpg,images_OBJ044,43,OBJ044_058.jpg
/content/data/IE7615 Deep Learning for AI/images_OBJ055/OBJ055_077.jpg,images_OBJ055,54,OBJ055_077.jpg
/content/data/IE7615 Deep Learning for AI/images_OBJ021/OBJ021_077.jpg,images_OBJ021,20,OBJ021_077.jpg
/content/data/IE7615 Deep Learning for AI/images_OBJ064/OBJ064_023.jpg,images_OBJ064,63,OBJ064_023.jpg
/content/data/IE7615 Deep Learning for AI/images_OBJ003/OBJ003_018.jpg,images_OBJ003,2,OBJ003_018.jpg
/content/data/IE7615 Deep Learning for AI/images_OBJ060/OBJ060_50.JPG,images_OBJ060,59,OBJ060_50.JPG
/content/data/IE7615 Deep Learning for AI/images_OBJ022/OBJ022_037.jpeg,images_OBJ022,21,OBJ022_037.jpeg
/content/data/IE7615 Deep Learning for AI/images_OBJ008/OBJ008_047.jpg,images_OBJ008,7,OBJ008_047.jpg
/content/data/IE7615 Deep Learning for AI/images_OBJ036/OBJ036_063.jpg,images_OBJ036,35,OBJ036_063.jpg
/content/data/IE7615 Deep Learning for AI/images_OBJ050/OBJ050_095.jpg,images_OBJ050,49,OBJ050_095.jpg
/content/data/IE7615 Deep Learning for AI/images_OBJ051/OBJ051_064.jpg,images_OBJ051,50,OBJ051_064.jpg
/content/data/IE7615 Deep Learning for AI/images_OBJ016/OBJ016_009.jpg,images_OBJ016,15,OBJ016_009.jpg
/content/data/IE7615 Deep Learning for AI/images_OBJ051/OBJ051_047.jpg,images_OBJ051,50,OBJ051_047.jpg
/content/data/IE7615 Deep Learning for AI/images_OBJ071/OBJ071_095.jpg,images_OBJ071,70,OBJ071_095.jpg
/content/data/IE7615 Deep Learning for AI/images_OBJ054/OBJ054_029.jpg,images_OBJ054,53,OBJ054_029.jpg
/content/data/IE7615 Deep Learning for AI/images_OBJ003/OBJ003_008.jpg,images_OBJ003,2,OBJ003_008.jpg
/content/data/IE7615 Deep Learning for AI/images_OBJ003/OBJ003_045.jpg,images_OBJ003,2,OBJ003_045.jpg
/content/data/IE7615 Deep Learning for AI/images_OBJ008/OBJ008_035.jpg,images_OBJ008,7,OBJ008_035.jpg
/content/data/IE7615 Deep Learning for AI/images_OBJ058/OBJ058_067.jpg,images_OBJ058,57,OBJ058_067.jpg
/content/data/IE7615 Deep Learning for AI/images_OBJ036/OBJ036_017.jpg,images_OBJ036,35,OBJ036_017.jpg
/content/data/IE7615 Deep Learning for AI/images_OBJ015/OBJ015_002.jpg,images_OBJ015,14,OBJ015_002.jpg
/content/data/IE7615 Deep Learning for AI/images_OBJ028/OBJ028_011.jpg,images_OBJ028,27,OBJ028_011.jpg
/content/data/IE7615 Deep Learning for AI/images_OBJ023/OBJ023_031.JPG,images_OBJ023,22,OBJ023_031.JPG
/content/data/IE7615 Deep Learning for AI/images_OBJ014/sunglasses_090.jpeg,images_OBJ014,13,sunglasses_090.jpeg
/content/data/IE7615 Deep Learning for AI/images_OBJ050/OBJ050_093.jpg,images_OBJ050,49,OBJ050_093.jpg
/content/data/IE7615 Deep Learning for AI/images_OBJ026/OBJ026_070.jpg,images_OBJ026,25,OBJ026_070.jpg
/content/data/IE7615 Deep Learning for AI/images_OBJ044/OBJ044_085.jpg,images_OBJ044,43,OBJ044_085.jpg
/content/data/IE7615 Deep Learning for AI/images_OBJ003/OBJ003_004.jpg,images_OBJ003,2,OBJ003_004.jpg
/content/data/IE7615 Deep Learning for AI/images_OBJ053/OBJ053_045.jpg,images_OBJ053,52,OBJ053_045.jpg
/content/data/IE7615 Deep Learning for AI/images_OBJ035/OBJ035_015.jpg,images_OBJ035,34,OBJ035_015.jpg
/content/data/IE7615 Deep Learning for AI/images_OBJ019/OBJ019_064.jpg,images_OBJ019,18,OBJ019_064.jpg
/content/data/IE7615 Deep Learning for AI/images_OBJ018/OBJ018_028.jpg,images_OBJ018,17,OBJ018_028.jpg
/content/data/IE7615 Deep Learning for AI/images_OBJ058/OBJ058_024.jpg,images_OBJ058,57,OBJ058_024.jpg
/content/data/IE7615 Deep Learning for AI/images_OBJ053/OBJ053_072.jpg,images_OBJ053,52,OBJ053_072.jpg
/content/data/IE7615 Deep Learning for AI/images_OBJ067/OBJ067_0009.jpg,images_OBJ067,66,OBJ067_0009.jpg
/content/data/IE7615 Deep Learning for AI/images_OBJ047/OBJ047_051.jpg,images_OBJ047,46,OBJ047_051.jpg
/content/data/IE7615 Deep Learning for AI/images_OBJ060/OBJ060_67.JPG,images_OBJ060,59,OBJ060_67.JPG
/content/data/IE7615 Deep Learning for AI/images_OBJ057/OBJ057_030.jpg,images_OBJ057,56,OBJ057_030.jpg
/content/data/IE7615 Deep Learning for AI/images_OBJ024/OBJ024_080.jpg,images_OBJ024,23,OBJ024_080.jpg
/content/data/IE7615 Deep Learning for AI/images_OBJ025/OBJ025_040.jpg,images_OBJ025,24,OBJ025_040.jpg
/content/data/IE7615 Deep Learning for AI/images_OBJ028/OBJ028_038.jpg,images_OBJ028,27,OBJ028_038.jpg
/content/data/IE7615 Deep Learning for AI/images_OBJ043/OBJ043_030.jpg,images_OBJ043,42,OBJ043_030.jpg
/content/data/IE7615 Deep Learning for AI/images_OBJ012/OBJ012_075.jpg,images_OBJ012,11,OBJ012_075.jpg
/content/data/IE7615 Deep Learning for AI/images_OBJ030/OBJ030_065.jpg,images_OBJ030,29,OBJ030_065.jpg
/content/data/IE7615 Deep Learning for AI/images_OBJ011/OBJ011_029.jpg,images_OBJ011,10,OBJ011_029.jpg
/content/data/IE7615 Deep Learning for AI/images_OBJ009/OBJ009_075.jpg,images_OBJ009,8,OBJ009_075.jpg
/content/data/IE7615 Deep Learning for AI/images_OBJ030/OBJ030_095.jpg,images_OBJ030,29,OBJ030_095.jpg
/content/data/IE7615 Deep Learning for AI/images_OBJ026/OBJ026_053.jpg,images_OBJ026,25,OBJ026_053.jpg
/content/data/IE7615 Deep Learning for AI/images_OBJ042/OBJ042_064.jpg,images_OBJ042,41,OBJ042_064.jpg
/content/data/IE7615 Deep Learning for AI/images_OBJ035/OBJ035_019.jpg,images_OBJ035,34,OBJ035_019.jpg
/content/data/IE7615 Deep Learning for AI/images_OBJ033/OBJ033_055.jpg,images_OBJ033,32,OBJ033_055.jpg
/content/data/IE7615 Deep Learning for AI/images_OBJ039/OBJ039_094.jpg,images_OBJ039,38,OBJ039_094.jpg
/content/data/IE7615 Deep Learning for AI/images_OBJ042/OBJ042_038.jpg,images_OBJ042,41,OBJ042_038.jpg
/content/data/IE7615 Deep Learning for AI/images_OBJ065/OBJ065_095.jpg,images_OBJ065,64,OBJ065_095.jpg
/content/data/IE7615 Deep Learning for AI/images_OBJ016/OBJ016_070.jpg,images_OBJ016,15,OBJ016_070.jpg
/content/data/IE7615 Deep Learning for AI/images_OBJ041/OBJ041_085.jpg,images_OBJ041,40,OBJ041_085.jpg
/content/data/IE7615 Deep Learning for AI/images_OBJ042/OBJ042_004.jpg,images_OBJ042,41,OBJ042_004.jpg
/content/data/IE7615 Deep Learning for AI/images_OBJ060/OBJ060_4.JPG,images_OBJ060,59,OBJ060_4.JPG
/content/data/IE7615 Deep Learning for AI/images_OBJ051/OBJ051_081.jpg,images_OBJ051,50,OBJ051_081.jpg
/content/data/IE7615 Deep Learning for AI/images_OBJ044/OBJ044_061.jpg,images_OBJ044,43,OBJ044_061.jpg
/content/data/IE7615 Deep Learning for AI/images_OBJ065/OBJ065_063.jpg,images_OBJ065,64,OBJ065_063.jpg
/content/data/IE7615 Deep Learning for AI/images_OBJ039/OBJ039_081.jpg,images_OBJ039,38,OBJ039_081.jpg
/content/data/IE7615 Deep Learning for AI/images_OBJ035/OBJ035_050.jpg,images_OBJ035,34,OBJ035_050.jpg
/content/data/IE7615 Deep Learning for AI/images_OBJ054/OBJ054_008.jpg,images_OBJ054,53,OBJ054_008.jpg
/content/data/IE7615 Deep Learning for AI/images_OBJ014/sunglasses_065.jpeg,images_OBJ014,13,sunglasses_065.jpeg
/content/data/IE7615 Deep Learning for AI/images_OBJ042/OBJ042_091.jpg,images_OBJ042,41,OBJ042_091.jpg
/content/data/IE7615 Deep Learning for AI/images_OBJ037/OBJ037_001.jpg,images_OBJ037,36,OBJ037_001.jpg
/content/data/IE7615 Deep Learning for AI/images_OBJ002/OBJ002_026.jpg,images_OBJ002,1,OBJ002_026.jpg
/content/data/IE7615 Deep Learning for AI/images_OBJ031/OBJ031_033.jpg,images_OBJ031,30,OBJ031_033.jpg
/content/data/IE7615 Deep Learning for AI/images_OBJ008/OBJ008_009.jpg,images_OBJ008,7,OBJ008_009.jpg
/content/data/IE7615 Deep Learning for AI/images_OBJ035/OBJ035_084.jpg,images_OBJ035,34,OBJ035_084.jpg
/content/data/IE7615 Deep Learning for AI/images_OBJ043/OBJ043_079.jpg,images_OBJ043,42,OBJ043_079.jpg
/content/data/IE7615 Deep Learning for AI/images_OBJ036/OBJ036_061.jpg,images_OBJ036,35,OBJ036_061.jpg
/content/data/IE7615 Deep Learning for AI/images_OBJ050/OBJ050_059.jpg,images_OBJ050,49,OBJ050_059.jpg
/content/data/IE7615 Deep Learning for AI/images_OBJ066/OBJ066_085.jpg,images_OBJ066,65,OBJ066_085.jpg
/content/data/IE7615 Deep Learning for AI/images_OBJ059/OBJ059_057.jpg,images_OBJ059,58,OBJ059_057.jpg
/content/data/IE7615 Deep Learning for AI/images_OBJ073/OBJ073_012.jpg,images_OBJ073,72,OBJ073_012.jpg
/content/data/IE7615 Deep Learning for AI/images_OBJ064/OBJ064_057.jpg,images_OBJ064,63,OBJ064_057.jpg
/content/data/IE7615 Deep Learning for AI/images_OBJ021/OBJ021_016.jpg,images_OBJ021,20,OBJ021_016.jpg
/content/data/IE7615 Deep Learning for AI/images_OBJ073/OBJ073_092.jpg,images_OBJ073,72,OBJ073_092.jpg
/content/data/IE7615 Deep Learning for AI/images_OBJ005/OBJ005_021.jpg,images_OBJ005,4,OBJ005_021.jpg
/content/data/IE7615 Deep Learning for AI/images_OBJ051/OBJ051_062.jpg,images_OBJ051,50,OBJ051_062.jpg
/content/data/IE7615 Deep Learning for AI/images_OBJ022/OBJ022_068.jpeg,images_OBJ022,21,OBJ022_068.jpeg
/content/data/IE7615 Deep Learning for AI/images_OBJ062/OBJ062_067.jpg,images_OBJ062,61,OBJ062_067.jpg
/content/data/IE7615 Deep Learning for AI/images_OBJ073/OBJ073_051.jpg,images_OBJ073,72,OBJ073_051.jpg
/content/data/IE7615 Deep Learning for AI/images_OBJ045/OBJ045_044.jpg,images_OBJ045,44,OBJ045_044.jpg
/content/data/IE7615 Deep Learning for AI/images_OBJ040/OBJ040_070.JPG,images_OBJ040,39,OBJ040_070.JPG
/content/data/IE7615 Deep Learning for AI/images_OBJ055/OBJ055_068.jpg,images_OBJ055,54,OBJ055_068.jpg
/content/data/IE7615 Deep Learning for AI/images_OBJ044/OBJ044_089.jpg,images_OBJ044,43,OBJ044_089.jpg
/content/data/IE7615 Deep Learning for AI/images_OBJ018/OBJ018_077.jpg,images_OBJ018,17,OBJ018_077.jpg
/content/data/IE7615 Deep Learning for AI/images_OBJ022/OBJ022_049.jpeg,images_OBJ022,21,OBJ022_049.jpeg
/content/data/IE7615 Deep Learning for AI/images_OBJ043/OBJ043_095.jpg,images_OBJ043,42,OBJ043_095.jpg
/content/data/IE7615 Deep Learning for AI/images_OBJ034/OBJ034_078.jpg,images_OBJ034,33,OBJ034_078.jpg
/content/data/IE7615 Deep Learning for AI/images_OBJ056/OBJ056_084.jpg,images_OBJ056,55,OBJ056_084.jpg
/content/data/IE7615 Deep Learning for AI/images_OBJ057/OBJ057_041.jpg,images_OBJ057,56,OBJ057_041.jpg
/content/data/IE7615 Deep Learning for AI/images_OBJ064/OBJ064_032.jpg,images_OBJ064,63,OBJ064_032.jpg
/content/data/IE7615 Deep Learning for AI/images_OBJ038/OBJ038_028.jpg,images_OBJ038,37,OBJ038_028.jpg
/content/data/IE7615 Deep Learning for AI/images_OBJ058/OBJ058_045.jpg,images_OBJ058,57,OBJ058_045.jpg
/content/data/IE7615 Deep Learning for AI/images_OBJ033/OBJ033_058.jpg,images_OBJ033,32,OBJ033_058.jpg
/content/data/IE7615 Deep Learning for AI/images_OBJ068/OBJ068_079.jpg,images_OBJ068,67,OBJ068_079.jpg
/content/data/IE7615 Deep Learning for AI/images_OBJ039/OBJ039_072.jpg,images_OBJ039,38,OBJ039_072.jpg
/content/data/IE7615 Deep Learning for AI/images_OBJ046/OBJ046_085.jpg,images_OBJ046,45,OBJ046_085.jpg
/content/data/IE7615 Deep Learning for AI/images_OBJ027/OBJ027_002.jpg,images_OBJ027,26,OBJ027_002.jpg
/content/data/IE7615 Deep Learning for AI/images_OBJ050/OBJ050_036.jpg,images_OBJ050,49,OBJ050_036.jpg
/content/data/IE7615 Deep Learning for AI/images_OBJ003/OBJ003_005.jpg,images_OBJ003,2,OBJ003_005.jpg
/content/data/IE7615 Deep Learning for AI/images_OBJ063/OBJ063_088.jpg,images_OBJ063,62,OBJ063_088.jpg
/content/data/IE7615 Deep Learning for AI/images_OBJ047/OBJ047_016.jpg,images_OBJ047,46,OBJ047_016.jpg
/content/data/IE7615 Deep Learning for AI/images_OBJ039/OBJ039_031.jpg,images_OBJ039,38,OBJ039_031.jpg
/content/data/IE7615 Deep Learning for AI/images_OBJ010/OBJ010_095.jpg,images_OBJ010,9,OBJ010_095.jpg
/content/data/IE7615 Deep Learning for AI/images_OBJ028/OBJ028_018.jpg,images_OBJ028,27,OBJ028_018.jpg
/content/data/IE7615 Deep Learning for AI/images_OBJ064/OBJ064_069.jpg,images_OBJ064,63,OBJ064_069.jpg
/content/data/IE7615 Deep Learning for AI/images_OBJ017/OBJ017_093.jpg,images_OBJ017,16,OBJ017_093.jpg
/content/data/IE7615 Deep Learning for AI/images_OBJ065/OBJ065_042.jpg,images_OBJ065,64,OBJ065_042.jpg
/content/data/IE7615 Deep Learning for AI/images_OBJ052/OBJ052_094.jpg,images_OBJ052,51,OBJ052_094.jpg
/content/data/IE7615 Deep Learning for AI/images_OBJ073/OBJ073_010.jpg,images_OBJ073,72,OBJ073_010.jpg
/content/data/IE7615 Deep Learning for AI/images_OBJ004/OBJ004_084.jpg,images_OBJ004,3,OBJ004_084.jpg
/content/data/IE7615 Deep Learning for AI/images_OBJ054/OBJ054_058.jpg,images_OBJ054,53,OBJ054_058.jpg
/content/data/IE7615 Deep Learning for AI/images_OBJ031/OBJ031_077.jpg,images_OBJ031,30,OBJ031_077.jpg
/content/data/IE7615 Deep Learning for AI/images_OBJ025/OBJ025_057.jpg,images_OBJ025,24,OBJ025_057.jpg
/content/data/IE7615 Deep Learning for AI/images_OBJ057/OBJ057_034.jpg,images_OBJ057,56,OBJ057_034.jpg
/content/data/IE7615 Deep Learning for AI/images_OBJ067/OBJ067_0076.jpg,images_OBJ067,66,OBJ067_0076.jpg
/content/data/IE7615 Deep Learning for AI/images_OBJ026/OBJ026_035.jpg,images_OBJ026,25,OBJ026_035.jpg
/content/data/IE7615 Deep Learning for AI/images_OBJ052/OBJ052_013.jpg,images_OBJ052,51,OBJ052_013.jpg
/content/data/IE7615 Deep Learning for AI/images_OBJ066/OBJ066_048.jpg,images_OBJ066,65,OBJ066_048.jpg
/content/data/IE7615 Deep Learning for AI/images_OBJ044/OBJ044_044.jpg,images_OBJ044,43,OBJ044_044.jpg
/content/data/IE7615 Deep Learning for AI/images_OBJ023/OBJ023_016.jpg,images_OBJ023,22,OBJ023_016.jpg
/content/data/IE7615 Deep Learning for AI/images_OBJ018/OBJ018_054.jpg,images_OBJ018,17,OBJ018_054.jpg
/content/data/IE7615 Deep Learning for AI/images_OBJ002/OBJ002_048.jpg,images_OBJ002,1,OBJ002_048.jpg
/content/data/IE7615 Deep Learning for AI/images_OBJ004/OBJ004_036.jpg,images_OBJ004,3,OBJ004_036.jpg
/content/data/IE7615 Deep Learning for AI/images_OBJ071/OBJ071_059.jpg,images_OBJ071,70,OBJ071_059.jpg
/content/data/IE7615 Deep Learning for AI/images_OBJ047/OBJ047_026.jpg,images_OBJ047,46,OBJ047_026.jpg
/content/data/IE7615 Deep Learning for AI/images_OBJ072/OBJ072_040.jpg,images_OBJ072,71,OBJ072_040.jpg
/content/data/IE7615 Deep Learning for AI/images_OBJ059/OBJ059_076.jpg,images_OBJ059,58,OBJ059_076.jpg
/content/data/IE7615 Deep Learning for AI/images_OBJ012/OBJ012_042.jpg,images_OBJ012,11,OBJ012_042.jpg
/content/data/IE7615 Deep Learning for AI/images_OBJ065/OBJ065_094.jpg,images_OBJ065,64,OBJ065_094.jpg
/content/data/IE7615 Deep Learning for AI/images_OBJ067/OBJ067_0040.jpg,images_OBJ067,66,OBJ067_0040.jpg
/content/data/IE7615 Deep Learning for AI/images_OBJ067/OBJ067_0050.jpg,images_OBJ067,66,OBJ067_0050.jpg
/content/data/IE7615 Deep Learning for AI/images_OBJ034/OBJ034_055.jpg,images_OBJ034,33,OBJ034_055.jpg
/content/data/IE7615 Deep Learning for AI/images_OBJ062/OBJ062_078.jpg,images_OBJ062,61,OBJ062_078.jpg
/content/data/IE7615 Deep Learning for AI/images_OBJ073/OBJ073_030.jpg,images_OBJ073,72,OBJ073_030.jpg
/content/data/IE7615 Deep Learning for AI/images_OBJ070/OBJ070_074.jpg,images_OBJ070,69,OBJ070_074.jpg
/content/data/IE7615 Deep Learning for AI/images_OBJ049/OBJ049_005.jpg,images_OBJ049,48,OBJ049_005.jpg
/content/data/IE7615 Deep Learning for AI/images_OBJ011/OBJ011_071.jpg,images_OBJ011,10,OBJ011_071.jpg
/content/data/IE7615 Deep Learning for AI/images_OBJ009/OBJ009_062.jpg,images_OBJ009,8,OBJ009_062.jpg
/content/data/IE7615 Deep Learning for AI/images_OBJ040/OBJ040_006.JPG,images_OBJ040,39,OBJ040_006.JPG
/content/data/IE7615 Deep Learning for AI/images_OBJ064/OBJ064_019.jpg,images_OBJ064,63,OBJ064_019.jpg
/content/data/IE7615 Deep Learning for AI/images_OBJ064/OBJ064_026.jpg,images_OBJ064,63,OBJ064_026.jpg
/content/data/IE7615 Deep Learning for AI/images_OBJ037/OBJ037_016.jpg,images_OBJ037,36,OBJ037_016.jpg
/content/data/IE7615 Deep Learning for AI/images_OBJ056/OBJ056_079.jpg,images_OBJ056,55,OBJ056_079.jpg
/content/data/IE7615 Deep Learning for AI/images_OBJ050/OBJ050_052.jpg,images_OBJ050,49,OBJ050_052.jpg
/content/data/IE7615 Deep Learning for AI/images_OBJ057/OBJ057_004.jpg,images_OBJ057,56,OBJ057_004.jpg
/content/data/IE7615 Deep Learning for AI/images_OBJ047/OBJ047_045.jpg,images_OBJ047,46,OBJ047_045.jpg
/content/data/IE7615 Deep Learning for AI/images_OBJ022/OBJ022_017.jpeg,images_OBJ022,21,OBJ022_017.jpeg
/content/data/IE7615 Deep Learning for AI/images_OBJ022/OBJ022_020.jpeg,images_OBJ022,21,OBJ022_020.jpeg
/content/data/IE7615 Deep Learning for AI/images_OBJ061/OBJ061_041.jpg,images_OBJ061,60,OBJ061_041.jpg
/content/data/IE7615 Deep Learning for AI/images_OBJ038/OBJ038_046.jpg,images_OBJ038,37,OBJ038_046.jpg
/content/data/IE7615 Deep Learning for AI/images_OBJ057/OBJ057_012.jpg,images_OBJ057,56,OBJ057_012.jpg
/content/data/IE7615 Deep Learning for AI/images_OBJ055/OBJ055_011.jpg,images_OBJ055,54,OBJ055_011.jpg
/content/data/IE7615 Deep Learning for AI/images_OBJ050/OBJ050_056.jpg,images_OBJ050,49,OBJ050_056.jpg
/content/data/IE7615 Deep Learning for AI/images_OBJ058/OBJ058_002.jpg,images_OBJ058,57,OBJ058_002.jpg
/content/data/IE7615 Deep Learning for AI/images_OBJ062/OBJ062_068.jpg,images_OBJ062,61,OBJ062_068.jpg
/content/data/IE7615 Deep Learning for AI/images_OBJ011/OBJ011_066.jpg,images_OBJ011,10,OBJ011_066.jpg
/content/data/IE7615 Deep Learning for AI/images_OBJ056/OBJ056_089.jpg,images_OBJ056,55,OBJ056_089.jpg
/content/data/IE7615 Deep Learning for AI/images_OBJ031/OBJ031_016.jpg,images_OBJ031,30,OBJ031_016.jpg
/content/data/IE7615 Deep Learning for AI/images_OBJ019/OBJ019_057.jpg,images_OBJ019,18,OBJ019_057.jpg
/content/data/IE7615 Deep Learning for AI/images_OBJ040/OBJ040_023.JPG,images_OBJ040,39,OBJ040_023.JPG
/content/data/IE7615 Deep Learning for AI/images_OBJ059/OBJ059_043.jpg,images_OBJ059,58,OBJ059_043.jpg
/content/data/IE7615 Deep Learning for AI/images_OBJ037/OBJ037_057.jpg,images_OBJ037,36,OBJ037_057.jpg
/content/data/IE7615 Deep Learning for AI/images_OBJ032/OBJ032_064.jpg,images_OBJ032,31,OBJ032_064.jpg
/content/data/IE7615 Deep Learning for AI/images_OBJ011/OBJ011_069.jpg,images_OBJ011,10,OBJ011_069.jpg
/content/data/IE7615 Deep Learning for AI/images_OBJ034/OBJ034_044.jpg,images_OBJ034,33,OBJ034_044.jpg
/content/data/IE7615 Deep Learning for AI/images_OBJ058/OBJ058_079.jpg,images_OBJ058,57,OBJ058_079.jpg
/content/data/IE7615 Deep Learning for AI/images_OBJ069/OBJ069_026.jpg,images_OBJ069,68,OBJ069_026.jpg
/content/data/IE7615 Deep Learning for AI/images_OBJ068/OBJ068_045.jpg,images_OBJ068,67,OBJ068_045.jpg
/content/data/IE7615 Deep Learning for AI/images_OBJ022/OBJ022_029.jpeg,images_OBJ022,21,OBJ022_029.jpeg
/content/data/IE7615 Deep Learning for AI/images_OBJ073/OBJ073_002.jpg,images_OBJ073,72,OBJ073_002.jpg
/content/data/IE7615 Deep Learning for AI/images_OBJ028/OBJ028_046.jpg,images_OBJ028,27,OBJ028_046.jpg
/content/data/IE7615 Deep Learning for AI/images_OBJ052/OBJ052_024.jpg,images_OBJ052,51,OBJ052_024.jpg
/content/data/IE7615 Deep Learning for AI/images_OBJ052/OBJ052_084.jpg,images_OBJ052,51,OBJ052_084.jpg
/content/data/IE7615 Deep Learning for AI/images_OBJ051/OBJ051_049.jpg,images_OBJ051,50,OBJ051_049.jpg
/content/data/IE7615 Deep Learning for AI/images_OBJ066/OBJ066_078.jpg,images_OBJ066,65,OBJ066_078.jpg
/content/data/IE7615 Deep Learning for AI/images_OBJ016/OBJ016_052.jpg,images_OBJ016,15,OBJ016_052.jpg
/content/data/IE7615 Deep Learning for AI/images_OBJ008/OBJ008_094.jpg,images_OBJ008,7,OBJ008_094.jpg
/content/data/IE7615 Deep Learning for AI/images_OBJ037/OBJ037_063.jpg,images_OBJ037,36,OBJ037_063.jpg
/content/data/IE7615 Deep Learning for AI/images_OBJ019/OBJ019_007.jpg,images_OBJ019,18,OBJ019_007.jpg
/content/data/IE7615 Deep Learning for AI/images_OBJ015/OBJ015_045.jpg,images_OBJ015,14,OBJ015_045.jpg
/content/data/IE7615 Deep Learning for AI/images_OBJ021/OBJ021_010.jpg,images_OBJ021,20,OBJ021_010.jpg
/content/data/IE7615 Deep Learning for AI/images_OBJ029/OBJ029_059.jpg,images_OBJ029,28,OBJ029_059.jpg
/content/data/IE7615 Deep Learning for AI/images_OBJ064/OBJ064_051.jpg,images_OBJ064,63,OBJ064_051.jpg
/content/data/IE7615 Deep Learning for AI/images_OBJ017/OBJ017_084.jpg,images_OBJ017,16,OBJ017_084.jpg
/content/data/IE7615 Deep Learning for AI/images_OBJ014/sunglasses_081.jpeg,images_OBJ014,13,sunglasses_081.jpeg
/content/data/IE7615 Deep Learning for AI/images_OBJ011/OBJ011_021.jpg,images_OBJ011,10,OBJ011_021.jpg
/content/data/IE7615 Deep Learning for AI/images_OBJ029/OBJ029_027.jpg,images_OBJ029,28,OBJ029_027.jpg
/content/data/IE7615 Deep Learning for AI/images_OBJ054/OBJ054_084.jpg,images_OBJ054,53,OBJ054_084.jpg
/content/data/IE7615 Deep Learning for AI/images_OBJ016/OBJ016_026.jpg,images_OBJ016,15,OBJ016_026.jpg
/content/data/IE7615 Deep Learning for AI/images_OBJ056/OBJ056_014.jpg,images_OBJ056,55,OBJ056_014.jpg
/content/data/IE7615 Deep Learning for AI/images_OBJ035/OBJ035_062.jpg,images_OBJ035,34,OBJ035_062.jpg
/content/data/IE7615 Deep Learning for AI/images_OBJ006/OBJ006_037.jpg,images_OBJ006,5,OBJ006_037.jpg
/content/data/IE7615 Deep Learning for AI/images_OBJ021/OBJ021_081.jpg,images_OBJ021,20,OBJ021_081.jpg
/content/data/IE7615 Deep Learning for AI/images_OBJ040/OBJ040_001.JPG,images_OBJ040,39,OBJ040_001.JPG
/content/data/IE7615 Deep Learning for AI/images_OBJ041/OBJ041_021.jpg,images_OBJ041,40,OBJ041_021.jpg
/content/data/IE7615 Deep Learning for AI/images_OBJ050/OBJ050_025.jpg,images_OBJ050,49,OBJ050_025.jpg
/content/data/IE7615 Deep Learning for AI/images_OBJ065/OBJ065_015.jpg,images_OBJ065,64,OBJ065_015.jpg
/content/data/IE7615 Deep Learning for AI/images_OBJ052/OBJ052_043.jpg,images_OBJ052,51,OBJ052_043.jpg
/content/data/IE7615 Deep Learning for AI/images_OBJ031/OBJ031_024.jpg,images_OBJ031,30,OBJ031_024.jpg
/content/data/IE7615 Deep Learning for AI/images_OBJ016/OBJ016_054.jpg,images_OBJ016,15,OBJ016_054.jpg
/content/data/IE7615 Deep Learning for AI/images_OBJ060/OBJ060_75.JPG,images_OBJ060,59,OBJ060_75.JPG
/content/data/IE7615 Deep Learning for AI/images_OBJ028/OBJ028_051.jpg,images_OBJ028,27,OBJ028_051.jpg
/content/data/IE7615 Deep Learning for AI/images_OBJ059/OBJ059_038.jpg,images_OBJ059,58,OBJ059_038.jpg
/content/data/IE7615 Deep Learning for AI/images_OBJ034/OBJ034_034.jpg,images_OBJ034,33,OBJ034_034.jpg
/content/data/IE7615 Deep Learning for AI/images_OBJ005/OBJ005_061.jpg,images_OBJ005,4,OBJ005_061.jpg
/content/data/IE7615 Deep Learning for AI/images_OBJ071/OBJ071_006.jpg,images_OBJ071,70,OBJ071_006.jpg
/content/data/IE7615 Deep Learning for AI/images_OBJ001/OBJ001_049.jpg,images_OBJ001,0,OBJ001_049.jpg
/content/data/IE7615 Deep Learning for AI/images_OBJ067/OBJ067_0038.jpg,images_OBJ067,66,OBJ067_0038.jpg
/content/data/IE7615 Deep Learning for AI/images_OBJ046/OBJ046_056.jpg,images_OBJ046,45,OBJ046_056.jpg
/content/data/IE7615 Deep Learning for AI/images_OBJ066/OBJ066_015.jpg,images_OBJ066,65,OBJ066_015.jpg
/content/data/IE7615 Deep Learning for AI/images_OBJ050/OBJ050_046.jpg,images_OBJ050,49,OBJ050_046.jpg
/content/data/IE7615 Deep Learning for AI/images_OBJ002/OBJ002_061.jpg,images_OBJ002,1,OBJ002_061.jpg
/content/data/IE7615 Deep Learning for AI/images_OBJ038/OBJ038_021.jpg,images_OBJ038,37,OBJ038_021.jpg
/content/data/IE7615 Deep Learning for AI/images_OBJ007/OBJ007_070.jpg,images_OBJ007,6,OBJ007_070.jpg
/content/data/IE7615 Deep Learning for AI/images_OBJ045/OBJ045_025.jpg,images_OBJ045,44,OBJ045_025.jpg
/content/data/IE7615 Deep Learning for AI/images_OBJ041/OBJ041_039.jpg,images_OBJ041,40,OBJ041_039.jpg
/content/data/IE7615 Deep Learning for AI/images_OBJ058/OBJ058_043.jpg,images_OBJ058,57,OBJ058_043.jpg
/content/data/IE7615 Deep Learning for AI/images_OBJ050/OBJ050_072.jpg,images_OBJ050,49,OBJ050_072.jpg
/content/data/IE7615 Deep Learning for AI/images_OBJ030/OBJ030_084.jpg,images_OBJ030,29,OBJ030_084.jpg
/content/data/IE7615 Deep Learning for AI/images_OBJ058/OBJ058_095.jpg,images_OBJ058,57,OBJ058_095.jpg
/content/data/IE7615 Deep Learning for AI/images_OBJ034/OBJ034_028.jpg,images_OBJ034,33,OBJ034_028.jpg
/content/data/IE7615 Deep Learning for AI/images_OBJ018/OBJ018_059.jpg,images_OBJ018,17,OBJ018_059.jpg
/content/data/IE7615 Deep Learning for AI/images_OBJ015/OBJ015_054.jpg,images_OBJ015,14,OBJ015_054.jpg
/content/data/IE7615 Deep Learning for AI/images_OBJ016/OBJ016_023.jpg,images_OBJ016,15,OBJ016_023.jpg
/content/data/IE7615 Deep Learning for AI/images_OBJ006/OBJ006_065.jpg,images_OBJ006,5,OBJ006_065.jpg
/content/data/IE7615 Deep Learning for AI/images_OBJ066/OBJ066_043.jpg,images_OBJ066,65,OBJ066_043.jpg
/content/data/IE7615 Deep Learning for AI/images_OBJ052/OBJ052_059.jpg,images_OBJ052,51,OBJ052_059.jpg
/content/data/IE7615 Deep Learning for AI/images_OBJ041/OBJ041_056.jpg,images_OBJ041,40,OBJ041_056.jpg
/content/data/IE7615 Deep Learning for AI/images_OBJ032/OBJ032_017.jpg,images_OBJ032,31,OBJ032_017.jpg
/content/data/IE7615 Deep Learning for AI/images_OBJ034/OBJ034_032.jpg,images_OBJ034,33,OBJ034_032.jpg
/content/data/IE7615 Deep Learning for AI/images_OBJ061/OBJ061_010.jpg,images_OBJ061,60,OBJ061_010.jpg
/content/data/IE7615 Deep Learning for AI/images_OBJ059/OBJ059_071.jpg,images_OBJ059,58,OBJ059_071.jpg
/content/data/IE7615 Deep Learning for AI/images_OBJ009/OBJ009_003.jpg,images_OBJ009,8,OBJ009_003.jpg
/content/data/IE7615 Deep Learning for AI/images_OBJ016/OBJ016_004.jpg,images_OBJ016,15,OBJ016_004.jpg
/content/data/IE7615 Deep Learning for AI/images_OBJ017/OBJ017_105.jpg,images_OBJ017,16,OBJ017_105.jpg
/content/data/IE7615 Deep Learning for AI/images_OBJ043/OBJ043_013.jpg,images_OBJ043,42,OBJ043_013.jpg
/content/data/IE7615 Deep Learning for AI/images_OBJ053/OBJ053_030.jpg,images_OBJ053,52,OBJ053_030.jpg
/content/data/IE7615 Deep Learning for AI/images_OBJ001/OBJ001_016.jpg,images_OBJ001,0,OBJ001_016.jpg
/content/data/IE7615 Deep Learning for AI/images_OBJ065/OBJ065_065.jpg,images_OBJ065,64,OBJ065_065.jpg
/content/data/IE7615 Deep Learning for AI/images_OBJ007/OBJ007_068.jpg,images_OBJ007,6,OBJ007_068.jpg
/content/data/IE7615 Deep Learning for AI/images_OBJ033/OBJ033_029.jpg,images_OBJ033,32,OBJ033_029.jpg
/content/data/IE7615 Deep Learning for AI/images_OBJ010/OBJ010_080.jpg,images_OBJ010,9,OBJ010_080.jpg
/content/data/IE7615 Deep Learning for AI/images_OBJ033/OBJ033_001.jpg,images_OBJ033,32,OBJ033_001.jpg
/content/data/IE7615 Deep Learning for AI/images_OBJ046/OBJ046_092.jpg,images_OBJ046,45,OBJ046_092.jpg
/content/data/IE7615 Deep Learning for AI/images_OBJ030/OBJ030_017.jpg,images_OBJ030,29,OBJ030_017.jpg
/content/data/IE7615 Deep Learning for AI/images_OBJ061/OBJ061_015.jpg,images_OBJ061,60,OBJ061_015.jpg
/content/data/IE7615 Deep Learning for AI/images_OBJ004/OBJ004_098.jpg,images_OBJ004,3,OBJ004_098.jpg
/content/data/IE7615 Deep Learning for AI/images_OBJ072/OBJ072_002.jpg,images_OBJ072,71,OBJ072_002.jpg
/content/data/IE7615 Deep Learning for AI/images_OBJ007/OBJ007_090.jpg,images_OBJ007,6,OBJ007_090.jpg
/content/data/IE7615 Deep Learning for AI/images_OBJ035/OBJ035_045.jpg,images_OBJ035,34,OBJ035_045.jpg
/content/data/IE7615 Deep Learning for AI/images_OBJ070/OBJ070_002.jpg,images_OBJ070,69,OBJ070_002.jpg
/content/data/IE7615 Deep Learning for AI/images_OBJ064/OBJ064_014.jpg,images_OBJ064,63,OBJ064_014.jpg
/content/data/IE7615 Deep Learning for AI/images_OBJ021/OBJ021_030.jpg,images_OBJ021,20,OBJ021_030.jpg
/content/data/IE7615 Deep Learning for AI/images_OBJ017/OBJ017_101.jpg,images_OBJ017,16,OBJ017_101.jpg
/content/data/IE7615 Deep Learning for AI/images_OBJ045/OBJ045_076.jpg,images_OBJ045,44,OBJ045_076.jpg
/content/data/IE7615 Deep Learning for AI/images_OBJ029/OBJ029_039.jpg,images_OBJ029,28,OBJ029_039.jpg
/content/data/IE7615 Deep Learning for AI/images_OBJ048/OBJ048_086.jpg,images_OBJ048,47,OBJ048_086.jpg
/content/data/IE7615 Deep Learning for AI/images_OBJ002/OBJ002_029.jpg,images_OBJ002,1,OBJ002_029.jpg
/content/data/IE7615 Deep Learning for AI/images_OBJ066/OBJ066_050.jpg,images_OBJ066,65,OBJ066_050.jpg
/content/data/IE7615 Deep Learning for AI/images_OBJ067/OBJ067_0064.jpg,images_OBJ067,66,OBJ067_0064.jpg
/content/data/IE7615 Deep Learning for AI/images_OBJ069/OBJ069_046.jpg,images_OBJ069,68,OBJ069_046.jpg
/content/data/IE7615 Deep Learning for AI/images_OBJ026/OBJ026_069.jpg,images_OBJ026,25,OBJ026_069.jpg
/content/data/IE7615 Deep Learning for AI/images_OBJ053/OBJ053_079.jpg,images_OBJ053,52,OBJ053_079.jpg
/content/data/IE7615 Deep Learning for AI/images_OBJ005/OBJ005_006.jpg,images_OBJ005,4,OBJ005_006.jpg
/content/data/IE7615 Deep Learning for AI/images_OBJ020/OBJ020_032.jpg,images_OBJ020,19,OBJ020_032.jpg
/content/data/IE7615 Deep Learning for AI/images_OBJ048/OBJ048_016.jpg,images_OBJ048,47,OBJ048_016.jpg
/content/data/IE7615 Deep Learning for AI/images_OBJ060/OBJ060_29.JPG,images_OBJ060,59,OBJ060_29.JPG
/content/data/IE7615 Deep Learning for AI/images_OBJ015/OBJ015_050.jpg,images_OBJ015,14,OBJ015_050.jpg
/content/data/IE7615 Deep Learning for AI/images_OBJ039/OBJ039_077.jpg,images_OBJ039,38,OBJ039_077.jpg
/content/data/IE7615 Deep Learning for AI/images_OBJ056/OBJ056_083.jpg,images_OBJ056,55,OBJ056_083.jpg
/content/data/IE7615 Deep Learning for AI/images_OBJ050/OBJ050_024.jpg,images_OBJ050,49,OBJ050_024.jpg
/content/data/IE7615 Deep Learning for AI/images_OBJ071/OBJ071_054.jpg,images_OBJ071,70,OBJ071_054.jpg
/content/data/IE7615 Deep Learning for AI/images_OBJ073/OBJ073_039.jpg,images_OBJ073,72,OBJ073_039.jpg
/content/data/IE7615 Deep Learning for AI/images_OBJ068/OBJ068_086.jpg,images_OBJ068,67,OBJ068_086.jpg
/content/data/IE7615 Deep Learning for AI/images_OBJ007/OBJ007_066.jpg,images_OBJ007,6,OBJ007_066.jpg
/content/data/IE7615 Deep Learning for AI/images_OBJ023/OBJ023_039.JPG,images_OBJ023,22,OBJ023_039.JPG
/content/data/IE7615 Deep Learning for AI/images_OBJ028/OBJ028_091.jpg,images_OBJ028,27,OBJ028_091.jpg
/content/data/IE7615 Deep Learning for AI/images_OBJ014/sunglasses_039.jpeg,images_OBJ014,13,sunglasses_039.jpeg
/content/data/IE7615 Deep Learning for AI/images_OBJ013/OBJ013_068.jpg,images_OBJ013,12,OBJ013_068.jpg
/content/data/IE7615 Deep Learning for AI/images_OBJ060/OBJ060_74.JPG,images_OBJ060,59,OBJ060_74.JPG
/content/data/IE7615 Deep Learning for AI/images_OBJ010/OBJ010_042.jpg,images_OBJ010,9,OBJ010_042.jpg
/content/data/IE7615 Deep Learning for AI/images_OBJ011/OBJ011_002.jpg,images_OBJ011,10,OBJ011_002.jpg
/content/data/IE7615 Deep Learning for AI/images_OBJ071/OBJ071_020.jpg,images_OBJ071,70,OBJ071_020.jpg
/content/data/IE7615 Deep Learning for AI/images_OBJ007/OBJ007_051.jpg,images_OBJ007,6,OBJ007_051.jpg
/content/data/IE7615 Deep Learning for AI/images_OBJ043/OBJ043_020.jpg,images_OBJ043,42,OBJ043_020.jpg
/content/data/IE7615 Deep Learning for AI/images_OBJ019/OBJ019_060.jpg,images_OBJ019,18,OBJ019_060.jpg
/content/data/IE7615 Deep Learning for AI/images_OBJ066/OBJ066_091.jpg,images_OBJ066,65,OBJ066_091.jpg
/content/data/IE7615 Deep Learning for AI/images_OBJ034/OBJ034_033.jpg,images_OBJ034,33,OBJ034_033.jpg
/content/data/IE7615 Deep Learning for AI/images_OBJ049/OBJ049_084.jpg,images_OBJ049,48,OBJ049_084.jpg
/content/data/IE7615 Deep Learning for AI/images_OBJ037/OBJ037_078.jpg,images_OBJ037,36,OBJ037_078.jpg
/content/data/IE7615 Deep Learning for AI/images_OBJ011/OBJ011_047.jpg,images_OBJ011,10,OBJ011_047.jpg
/content/data/IE7615 Deep Learning for AI/images_OBJ050/OBJ050_030.jpg,images_OBJ050,49,OBJ050_030.jpg
/content/data/IE7615 Deep Learning for AI/images_OBJ053/OBJ053_057.jpg,images_OBJ053,52,OBJ053_057.jpg
/content/data/IE7615 Deep Learning for AI/images_OBJ035/OBJ035_037.jpg,images_OBJ035,34,OBJ035_037.jpg
/content/data/IE7615 Deep Learning for AI/images_OBJ069/OBJ069_084.jpg,images_OBJ069,68,OBJ069_084.jpg
/content/data/IE7615 Deep Learning for AI/images_OBJ067/OBJ067_0081.jpg,images_OBJ067,66,OBJ067_0081.jpg
/content/data/IE7615 Deep Learning for AI/images_OBJ037/OBJ037_024.jpg,images_OBJ037,36,OBJ037_024.jpg
/content/data/IE7615 Deep Learning for AI/images_OBJ025/OBJ025_016.jpg,images_OBJ025,24,OBJ025_016.jpg
/content/data/IE7615 Deep Learning for AI/images_OBJ049/OBJ049_033.jpg,images_OBJ049,48,OBJ049_033.jpg
/content/data/IE7615 Deep Learning for AI/images_OBJ041/OBJ041_023.jpg,images_OBJ041,40,OBJ041_023.jpg
/content/data/IE7615 Deep Learning for AI/images_OBJ017/OBJ017_054.jpg,images_OBJ017,16,OBJ017_054.jpg
/content/data/IE7615 Deep Learning for AI/images_OBJ037/OBJ037_029.jpg,images_OBJ037,36,OBJ037_029.jpg
/content/data/IE7615 Deep Learning for AI/images_OBJ017/OBJ017_088.jpg,images_OBJ017,16,OBJ017_088.jpg
/content/data/IE7615 Deep Learning for AI/images_OBJ019/OBJ019_023.jpg,images_OBJ019,18,OBJ019_023.jpg
/content/data/IE7615 Deep Learning for AI/images_OBJ019/OBJ019_059.jpg,images_OBJ019,18,OBJ019_059.jpg
/content/data/IE7615 Deep Learning for AI/images_OBJ036/OBJ036_028.jpg,images_OBJ036,35,OBJ036_028.jpg
/content/data/IE7615 Deep Learning for AI/images_OBJ071/OBJ071_008.jpg,images_OBJ071,70,OBJ071_008.jpg
/content/data/IE7615 Deep Learning for AI/images_OBJ063/OBJ063_037.jpg,images_OBJ063,62,OBJ063_037.jpg
/content/data/IE7615 Deep Learning for AI/images_OBJ034/OBJ034_067.jpg,images_OBJ034,33,OBJ034_067.jpg
/content/data/IE7615 Deep Learning for AI/images_OBJ018/OBJ018_017.jpg,images_OBJ018,17,OBJ018_017.jpg
/content/data/IE7615 Deep Learning for AI/images_OBJ042/OBJ042_034.jpg,images_OBJ042,41,OBJ042_034.jpg
/content/data/IE7615 Deep Learning for AI/images_OBJ065/OBJ065_077.jpg,images_OBJ065,64,OBJ065_077.jpg
/content/data/IE7615 Deep Learning for AI/images_OBJ064/OBJ064_046.jpg,images_OBJ064,63,OBJ064_046.jpg
/content/data/IE7615 Deep Learning for AI/images_OBJ069/OBJ069_036.jpg,images_OBJ069,68,OBJ069_036.jpg
/content/data/IE7615 Deep Learning for AI/images_OBJ039/OBJ039_006.jpg,images_OBJ039,38,OBJ039_006.jpg
/content/data/IE7615 Deep Learning for AI/images_OBJ010/OBJ010_063.jpg,images_OBJ010,9,OBJ010_063.jpg
/content/data/IE7615 Deep Learning for AI/images_OBJ045/OBJ045_058.jpg,images_OBJ045,44,OBJ045_058.jpg
/content/data/IE7615 Deep Learning for AI/images_OBJ055/OBJ055_036.jpg,images_OBJ055,54,OBJ055_036.jpg
/content/data/IE7615 Deep Learning for AI/images_OBJ047/OBJ047_062.jpg,images_OBJ047,46,OBJ047_062.jpg
/content/data/IE7615 Deep Learning for AI/images_OBJ022/OBJ022_033.jpeg,images_OBJ022,21,OBJ022_033.jpeg
/content/data/IE7615 Deep Learning for AI/images_OBJ014/sunglasses_001.jpeg,images_OBJ014,13,sunglasses_001.jpeg
/content/data/IE7615 Deep Learning for AI/images_OBJ002/OBJ002_094.jpg,images_OBJ002,1,OBJ002_094.jpg
/content/data/IE7615 Deep Learning for AI/images_OBJ007/OBJ007_080.jpg,images_OBJ007,6,OBJ007_080.jpg
/content/data/IE7615 Deep Learning for AI/images_OBJ017/OBJ017_038.jpg,images_OBJ017,16,OBJ017_038.jpg
/content/data/IE7615 Deep Learning for AI/images_OBJ044/OBJ044_019.jpg,images_OBJ044,43,OBJ044_019.jpg
/content/data/IE7615 Deep Learning for AI/images_OBJ017/OBJ017_030.jpg,images_OBJ017,16,OBJ017_030.jpg
/content/data/IE7615 Deep Learning for AI/images_OBJ012/OBJ012_006.jpg,images_OBJ012,11,OBJ012_006.jpg
/content/data/IE7615 Deep Learning for AI/images_OBJ071/OBJ071_040.jpg,images_OBJ071,70,OBJ071_040.jpg
/content/data/IE7615 Deep Learning for AI/images_OBJ005/OBJ005_071.jpg,images_OBJ005,4,OBJ005_071.jpg
/content/data/IE7615 Deep Learning for AI/images_OBJ057/OBJ057_011.jpg,images_OBJ057,56,OBJ057_011.jpg
/content/data/IE7615 Deep Learning for AI/images_OBJ035/OBJ035_054.jpg,images_OBJ035,34,OBJ035_054.jpg
/content/data/IE7615 Deep Learning for AI/images_OBJ060/OBJ060_5.JPG,images_OBJ060,59,OBJ060_5.JPG
/content/data/IE7615 Deep Learning for AI/images_OBJ007/OBJ007_077.jpg,images_OBJ007,6,OBJ007_077.jpg
/content/data/IE7615 Deep Learning for AI/images_OBJ040/OBJ040_076.JPG,images_OBJ040,39,OBJ040_076.JPG
/content/data/IE7615 Deep Learning for AI/images_OBJ021/OBJ021_036.jpg,images_OBJ021,20,OBJ021_036.jpg
/content/data/IE7615 Deep Learning for AI/images_OBJ035/OBJ035_021.jpg,images_OBJ035,34,OBJ035_021.jpg
/content/data/IE7615 Deep Learning for AI/images_OBJ062/OBJ062_040.jpg,images_OBJ062,61,OBJ062_040.jpg
/content/data/IE7615 Deep Learning for AI/images_OBJ065/OBJ065_086.jpg,images_OBJ065,64,OBJ065_086.jpg
/content/data/IE7615 Deep Learning for AI/images_OBJ004/OBJ004_028.jpg,images_OBJ004,3,OBJ004_028.jpg
/content/data/IE7615 Deep Learning for AI/images_OBJ015/OBJ015_029.jpg,images_OBJ015,14,OBJ015_029.jpg
/content/data/IE7615 Deep Learning for AI/images_OBJ011/OBJ011_079.jpg,images_OBJ011,10,OBJ011_079.jpg
/content/data/IE7615 Deep Learning for AI/images_OBJ041/OBJ041_016.jpg,images_OBJ041,40,OBJ041_016.jpg
/content/data/IE7615 Deep Learning for AI/images_OBJ024/OBJ024_063.jpg,images_OBJ024,23,OBJ024_063.jpg
/content/data/IE7615 Deep Learning for AI/images_OBJ023/OBJ023_003.JPG,images_OBJ023,22,OBJ023_003.JPG
/content/data/IE7615 Deep Learning for AI/images_OBJ049/OBJ049_099.jpg,images_OBJ049,48,OBJ049_099.jpg
/content/data/IE7615 Deep Learning for AI/images_OBJ009/OBJ009_029.jpg,images_OBJ009,8,OBJ009_029.jpg
/content/data/IE7615 Deep Learning for AI/images_OBJ073/OBJ073_068.jpg,images_OBJ073,72,OBJ073_068.jpg
/content/data/IE7615 Deep Learning for AI/images_OBJ040/OBJ040_008.JPG,images_OBJ040,39,OBJ040_008.JPG
/content/data/IE7615 Deep Learning for AI/images_OBJ030/OBJ030_064.jpg,images_OBJ030,29,OBJ030_064.jpg
/content/data/IE7615 Deep Learning for AI/images_OBJ073/OBJ073_050.jpg,images_OBJ073,72,OBJ073_050.jpg
/content/data/IE7615 Deep Learning for AI/images_OBJ036/OBJ036_040.jpg,images_OBJ036,35,OBJ036_040.jpg
/content/data/IE7615 Deep Learning for AI/images_OBJ038/OBJ038_030.jpg,images_OBJ038,37,OBJ038_030.jpg
/content/data/IE7615 Deep Learning for AI/images_OBJ025/OBJ025_034.jpg,images_OBJ025,24,OBJ025_034.jpg
/content/data/IE7615 Deep Learning for AI/images_OBJ061/OBJ061_051.jpg,images_OBJ061,60,OBJ061_051.jpg
/content/data/IE7615 Deep Learning for AI/images_OBJ039/OBJ039_088.jpg,images_OBJ039,38,OBJ039_088.jpg
/content/data/IE7615 Deep Learning for AI/images_OBJ059/OBJ059_053.jpg,images_OBJ059,58,OBJ059_053.jpg
/content/data/IE7615 Deep Learning for AI/images_OBJ002/OBJ002_013.jpg,images_OBJ002,1,OBJ002_013.jpg
/content/data/IE7615 Deep Learning for AI/images_OBJ027/OBJ027_048.jpg,images_OBJ027,26,OBJ027_048.jpg
/content/data/IE7615 Deep Learning for AI/images_OBJ012/OBJ012_010.jpg,images_OBJ012,11,OBJ012_010.jpg
/content/data/IE7615 Deep Learning for AI/images_OBJ023/OBJ023_060.JPG,images_OBJ023,22,OBJ023_060.JPG
/content/data/IE7615 Deep Learning for AI/images_OBJ057/OBJ057_039.jpg,images_OBJ057,56,OBJ057_039.jpg
/content/data/IE7615 Deep Learning for AI/images_OBJ034/OBJ034_037.jpg,images_OBJ034,33,OBJ034_037.jpg
/content/data/IE7615 Deep Learning for AI/images_OBJ034/OBJ034_002.jpg,images_OBJ034,33,OBJ034_002.jpg
/content/data/IE7615 Deep Learning for AI/images_OBJ001/OBJ001_059.jpg,images_OBJ001,0,OBJ001_059.jpg
/content/data/IE7615 Deep Learning for AI/images_OBJ073/OBJ073_036.jpg,images_OBJ073,72,OBJ073_036.jpg
/content/data/IE7615 Deep Learning for AI/images_OBJ051/OBJ051_023.jpg,images_OBJ051,50,OBJ051_023.jpg
/content/data/IE7615 Deep Learning for AI/images_OBJ036/OBJ036_003.jpg,images_OBJ036,35,OBJ036_003.jpg
/content/data/IE7615 Deep Learning for AI/images_OBJ003/OBJ003_089.jpg,images_OBJ003,2,OBJ003_089.jpg
/content/data/IE7615 Deep Learning for AI/images_OBJ001/OBJ001_067.jpg,images_OBJ001,0,OBJ001_067.jpg
/content/data/IE7615 Deep Learning for AI/images_OBJ018/OBJ018_080.jpg,images_OBJ018,17,OBJ018_080.jpg
/content/data/IE7615 Deep Learning for AI/images_OBJ014/sunglasses_003.jpeg,images_OBJ014,13,sunglasses_003.jpeg
/content/data/IE7615 Deep Learning for AI/images_OBJ005/OBJ005_024.jpg,images_OBJ005,4,OBJ005_024.jpg
/content/data/IE7615 Deep Learning for AI/images_OBJ038/OBJ038_001.jpg,images_OBJ038,37,OBJ038_001.jpg
/content/data/IE7615 Deep Learning for AI/images_OBJ018/OBJ018_031.jpg,images_OBJ018,17,OBJ018_031.jpg
/content/data/IE7615 Deep Learning for AI/images_OBJ017/OBJ017_083.jpg,images_OBJ017,16,OBJ017_083.jpg
/content/data/IE7615 Deep Learning for AI/images_OBJ007/OBJ007_038.jpg,images_OBJ007,6,OBJ007_038.jpg
/content/data/IE7615 Deep Learning for AI/images_OBJ050/OBJ050_068.jpg,images_OBJ050,49,OBJ050_068.jpg
/content/data/IE7615 Deep Learning for AI/images_OBJ020/OBJ020_082.jpg,images_OBJ020,19,OBJ020_082.jpg
/content/data/IE7615 Deep Learning for AI/images_OBJ068/OBJ068_053.jpg,images_OBJ068,67,OBJ068_053.jpg
/content/data/IE7615 Deep Learning for AI/images_OBJ005/OBJ005_007.jpg,images_OBJ005,4,OBJ005_007.jpg
/content/data/IE7615 Deep Learning for AI/images_OBJ019/OBJ019_004.jpg,images_OBJ019,18,OBJ019_004.jpg
/content/data/IE7615 Deep Learning for AI/images_OBJ018/OBJ018_010.jpg,images_OBJ018,17,OBJ018_010.jpg
/content/data/IE7615 Deep Learning for AI/images_OBJ033/OBJ033_057.jpg,images_OBJ033,32,OBJ033_057.jpg
/content/data/IE7615 Deep Learning for AI/images_OBJ039/OBJ039_059.jpg,images_OBJ039,38,OBJ039_059.jpg
/content/data/IE7615 Deep Learning for AI/images_OBJ047/OBJ047_031.jpg,images_OBJ047,46,OBJ047_031.jpg
/content/data/IE7615 Deep Learning for AI/images_OBJ023/OBJ023_068.JPG,images_OBJ023,22,OBJ023_068.JPG
/content/data/IE7615 Deep Learning for AI/images_OBJ019/OBJ019_048.jpg,images_OBJ019,18,OBJ019_048.jpg
/content/data/IE7615 Deep Learning for AI/images_OBJ036/OBJ036_032.jpg,images_OBJ036,35,OBJ036_032.jpg
/content/data/IE7615 Deep Learning for AI/images_OBJ007/OBJ007_049.jpg,images_OBJ007,6,OBJ007_049.jpg
/content/data/IE7615 Deep Learning for AI/images_OBJ010/OBJ010_072.jpg,images_OBJ010,9,OBJ010_072.jpg
/content/data/IE7615 Deep Learning for AI/images_OBJ019/OBJ019_082.jpg,images_OBJ019,18,OBJ019_082.jpg
/content/data/IE7615 Deep Learning for AI/images_OBJ013/OBJ013_033.jpg,images_OBJ013,12,OBJ013_033.jpg
/content/data/IE7615 Deep Learning for AI/images_OBJ065/OBJ065_071.jpg,images_OBJ065,64,OBJ065_071.jpg
/content/data/IE7615 Deep Learning for AI/images_OBJ060/OBJ060_15.JPG,images_OBJ060,59,OBJ060_15.JPG
/content/data/IE7615 Deep Learning for AI/images_OBJ040/OBJ040_088.JPG,images_OBJ040,39,OBJ040_088.JPG
/content/data/IE7615 Deep Learning for AI/images_OBJ004/OBJ004_044.jpg,images_OBJ004,3,OBJ004_044.jpg
/content/data/IE7615 Deep Learning for AI/images_OBJ070/OBJ070_021.jpg,images_OBJ070,69,OBJ070_021.jpg
/content/data/IE7615 Deep Learning for AI/images_OBJ036/OBJ036_008.jpg,images_OBJ036,35,OBJ036_008.jpg
/content/data/IE7615 Deep Learning for AI/images_OBJ067/OBJ067_0069.jpg,images_OBJ067,66,OBJ067_0069.jpg
/content/data/IE7615 Deep Learning for AI/images_OBJ003/OBJ003_029.jpg,images_OBJ003,2,OBJ003_029.jpg
/content/data/IE7615 Deep Learning for AI/images_OBJ017/OBJ017_032.jpg,images_OBJ017,16,OBJ017_032.jpg
/content/data/IE7615 Deep Learning for AI/images_OBJ036/OBJ036_081.jpg,images_OBJ036,35,OBJ036_081.jpg
/content/data/IE7615 Deep Learning for AI/images_OBJ046/OBJ046_062.jpg,images_OBJ046,45,OBJ046_062.jpg
/content/data/IE7615 Deep Learning for AI/images_OBJ005/OBJ005_005.jpg,images_OBJ005,4,OBJ005_005.jpg
/content/data/IE7615 Deep Learning for AI/images_OBJ007/OBJ007_010.jpg,images_OBJ007,6,OBJ007_010.jpg
/content/data/IE7615 Deep Learning for AI/images_OBJ028/OBJ028_070.jpg,images_OBJ028,27,OBJ028_070.jpg
/content/data/IE7615 Deep Learning for AI/images_OBJ008/OBJ008_059.jpg,images_OBJ008,7,OBJ008_059.jpg
/content/data/IE7615 Deep Learning for AI/images_OBJ040/OBJ040_085.JPG,images_OBJ040,39,OBJ040_085.JPG
/content/data/IE7615 Deep Learning for AI/images_OBJ008/OBJ008_019.jpg,images_OBJ008,7,OBJ008_019.jpg
/content/data/IE7615 Deep Learning for AI/images_OBJ055/OBJ055_019.jpg,images_OBJ055,54,OBJ055_019.jpg
/content/data/IE7615 Deep Learning for AI/images_OBJ008/OBJ008_010.jpg,images_OBJ008,7,OBJ008_010.jpg
/content/data/IE7615 Deep Learning for AI/images_OBJ005/OBJ005_018.jpg,images_OBJ005,4,OBJ005_018.jpg
/content/data/IE7615 Deep Learning for AI/images_OBJ073/OBJ073_016.jpg,images_OBJ073,72,OBJ073_016.jpg
/content/data/IE7615 Deep Learning for AI/images_OBJ035/OBJ035_090.jpg,images_OBJ035,34,OBJ035_090.jpg
/content/data/IE7615 Deep Learning for AI/images_OBJ070/OBJ070_067.jpg,images_OBJ070,69,OBJ070_067.jpg
/content/data/IE7615 Deep Learning for AI/images_OBJ047/OBJ047_049.jpg,images_OBJ047,46,OBJ047_049.jpg
/content/data/IE7615 Deep Learning for AI/images_OBJ009/OBJ009_054.jpg,images_OBJ009,8,OBJ009_054.jpg
/content/data/IE7615 Deep Learning for AI/images_OBJ010/OBJ010_085.jpg,images_OBJ010,9,OBJ010_085.jpg
/content/data/IE7615 Deep Learning for AI/images_OBJ046/OBJ046_023.jpg,images_OBJ046,45,OBJ046_023.jpg
/content/data/IE7615 Deep Learning for AI/images_OBJ053/OBJ053_011.jpg,images_OBJ053,52,OBJ053_011.jpg
/content/data/IE7615 Deep Learning for AI/images_OBJ049/OBJ049_007.jpg,images_OBJ049,48,OBJ049_007.jpg
/content/data/IE7615 Deep Learning for AI/images_OBJ050/OBJ050_081.jpg,images_OBJ050,49,OBJ050_081.jpg
/content/data/IE7615 Deep Learning for AI/images_OBJ001/OBJ001_065.jpg,images_OBJ001,0,OBJ001_065.jpg
/content/data/IE7615 Deep Learning for AI/images_OBJ017/OBJ017_004.jpg,images_OBJ017,16,OBJ017_004.jpg
/content/data/IE7615 Deep Learning for AI/images_OBJ045/OBJ045_078.jpg,images_OBJ045,44,OBJ045_078.jpg
/content/data/IE7615 Deep Learning for AI/images_OBJ072/OBJ072_069.jpg,images_OBJ072,71,OBJ072_069.jpg
/content/data/IE7615 Deep Learning for AI/images_OBJ028/OBJ028_082.jpg,images_OBJ028,27,OBJ028_082.jpg
/content/data/IE7615 Deep Learning for AI/images_OBJ012/OBJ012_024.jpg,images_OBJ012,11,OBJ012_024.jpg
/content/data/IE7615 Deep Learning for AI/images_OBJ026/OBJ026_034.jpg,images_OBJ026,25,OBJ026_034.jpg
/content/data/IE7615 Deep Learning for AI/images_OBJ005/OBJ005_073.jpg,images_OBJ005,4,OBJ005_073.jpg
/content/data/IE7615 Deep Learning for AI/images_OBJ017/OBJ017_020.jpg,images_OBJ017,16,OBJ017_020.jpg
/content/data/IE7615 Deep Learning for AI/images_OBJ018/OBJ018_025.jpg,images_OBJ018,17,OBJ018_025.jpg
/content/data/IE7615 Deep Learning for AI/images_OBJ021/OBJ021_095.jpg,images_OBJ021,20,OBJ021_095.jpg
/content/data/IE7615 Deep Learning for AI/images_OBJ001/OBJ001_017.jpg,images_OBJ001,0,OBJ001_017.jpg
/content/data/IE7615 Deep Learning for AI/images_OBJ031/OBJ031_046.jpg,images_OBJ031,30,OBJ031_046.jpg
/content/data/IE7615 Deep Learning for AI/images_OBJ055/OBJ055_006.jpg,images_OBJ055,54,OBJ055_006.jpg
/content/data/IE7615 Deep Learning for AI/images_OBJ015/OBJ015_004.jpg,images_OBJ015,14,OBJ015_004.jpg
/content/data/IE7615 Deep Learning for AI/images_OBJ050/OBJ050_073.jpg,images_OBJ050,49,OBJ050_073.jpg
/content/data/IE7615 Deep Learning for AI/images_OBJ052/OBJ052_086.jpg,images_OBJ052,51,OBJ052_086.jpg
/content/data/IE7615 Deep Learning for AI/images_OBJ017/OBJ017_074.jpg,images_OBJ017,16,OBJ017_074.jpg
/content/data/IE7615 Deep Learning for AI/images_OBJ056/OBJ056_041.jpg,images_OBJ056,55,OBJ056_041.jpg
/content/data/IE7615 Deep Learning for AI/images_OBJ044/OBJ044_043.jpg,images_OBJ044,43,OBJ044_043.jpg
/content/data/IE7615 Deep Learning for AI/images_OBJ065/OBJ065_007.jpg,images_OBJ065,64,OBJ065_007.jpg
/content/data/IE7615 Deep Learning for AI/images_OBJ040/OBJ040_093.JPG,images_OBJ040,39,OBJ040_093.JPG
/content/data/IE7615 Deep Learning for AI/images_OBJ062/OBJ062_061.jpg,images_OBJ062,61,OBJ062_061.jpg
/content/data/IE7615 Deep Learning for AI/images_OBJ018/OBJ018_070.jpg,images_OBJ018,17,OBJ018_070.jpg
/content/data/IE7615 Deep Learning for AI/images_OBJ017/OBJ017_044.jpg,images_OBJ017,16,OBJ017_044.jpg
/content/data/IE7615 Deep Learning for AI/images_OBJ042/OBJ042_062.jpg,images_OBJ042,41,OBJ042_062.jpg
/content/data/IE7615 Deep Learning for AI/images_OBJ046/OBJ046_014.jpg,images_OBJ046,45,OBJ046_014.jpg
/content/data/IE7615 Deep Learning for AI/images_OBJ055/OBJ055_059.jpg,images_OBJ055,54,OBJ055_059.jpg
/content/data/IE7615 Deep Learning for AI/images_OBJ037/OBJ037_058.jpg,images_OBJ037,36,OBJ037_058.jpg
/content/data/IE7615 Deep Learning for AI/images_OBJ024/OBJ024_023.jpg,images_OBJ024,23,OBJ024_023.jpg
/content/data/IE7615 Deep Learning for AI/images_OBJ040/OBJ040_089.JPG,images_OBJ040,39,OBJ040_089.JPG
/content/data/IE7615 Deep Learning for AI/images_OBJ010/OBJ010_018.jpg,images_OBJ010,9,OBJ010_018.jpg
/content/data/IE7615 Deep Learning for AI/images_OBJ072/OBJ072_081.jpg,images_OBJ072,71,OBJ072_081.jpg
/content/data/IE7615 Deep Learning for AI/images_OBJ013/OBJ013_011.jpg,images_OBJ013,12,OBJ013_011.jpg
/content/data/IE7615 Deep Learning for AI/images_OBJ051/OBJ051_105.jpg,images_OBJ051,50,OBJ051_105.jpg
/content/data/IE7615 Deep Learning for AI/images_OBJ023/OBJ023_028.JPG,images_OBJ023,22,OBJ023_028.JPG
/content/data/IE7615 Deep Learning for AI/images_OBJ029/OBJ029_014.jpg,images_OBJ029,28,OBJ029_014.jpg
/content/data/IE7615 Deep Learning for AI/images_OBJ035/OBJ035_089.jpg,images_OBJ035,34,OBJ035_089.jpg
/content/data/IE7615 Deep Learning for AI/images_OBJ065/OBJ065_037.jpg,images_OBJ065,64,OBJ065_037.jpg
/content/data/IE7615 Deep Learning for AI/images_OBJ058/OBJ058_008.jpg,images_OBJ058,57,OBJ058_008.jpg
/content/data/IE7615 Deep Learning for AI/images_OBJ058/OBJ058_068.jpg,images_OBJ058,57,OBJ058_068.jpg
/content/data/IE7615 Deep Learning for AI/images_OBJ023/OBJ023_094.JPG,images_OBJ023,22,OBJ023_094.JPG
/content/data/IE7615 Deep Learning for AI/images_OBJ018/OBJ018_090.jpg,images_OBJ018,17,OBJ018_090.jpg
/content/data/IE7615 Deep Learning for AI/images_OBJ068/OBJ068_032.jpg,images_OBJ068,67,OBJ068_032.jpg
/content/data/IE7615 Deep Learning for AI/images_OBJ014/sunglasses_059.jpeg,images_OBJ014,13,sunglasses_059.jpeg
/content/data/IE7615 Deep Learning for AI/images_OBJ006/OBJ006_011.jpg,images_OBJ006,5,OBJ006_011.jpg
/content/data/IE7615 Deep Learning for AI/images_OBJ006/OBJ006_091.jpg,images_OBJ006,5,OBJ006_091.jpg
/content/data/IE7615 Deep Learning for AI/images_OBJ012/OBJ012_093.jpg,images_OBJ012,11,OBJ012_093.jpg
/content/data/IE7615 Deep Learning for AI/images_OBJ056/OBJ056_032.jpg,images_OBJ056,55,OBJ056_032.jpg
/content/data/IE7615 Deep Learning for AI/images_OBJ024/OBJ024_024.jpg,images_OBJ024,23,OBJ024_024.jpg
/content/data/IE7615 Deep Learning for AI/images_OBJ067/OBJ067_0030.jpg,images_OBJ067,66,OBJ067_0030.jpg
/content/data/IE7615 Deep Learning for AI/images_OBJ048/OBJ048_002.jpg,images_OBJ048,47,OBJ048_002.jpg
/content/data/IE7615 Deep Learning for AI/images_OBJ025/OBJ025_001.jpg,images_OBJ025,24,OBJ025_001.jpg
/content/data/IE7615 Deep Learning for AI/images_OBJ039/OBJ039_066.jpg,images_OBJ039,38,OBJ039_066.jpg
/content/data/IE7615 Deep Learning for AI/images_OBJ072/OBJ072_009.jpg,images_OBJ072,71,OBJ072_009.jpg
/content/data/IE7615 Deep Learning for AI/images_OBJ040/OBJ040_005.JPG,images_OBJ040,39,OBJ040_005.JPG
/content/data/IE7615 Deep Learning for AI/images_OBJ056/OBJ056_022.jpg,images_OBJ056,55,OBJ056_022.jpg
/content/data/IE7615 Deep Learning for AI/images_OBJ050/OBJ050_054.jpg,images_OBJ050,49,OBJ050_054.jpg
/content/data/IE7615 Deep Learning for AI/images_OBJ041/OBJ041_040.jpg,images_OBJ041,40,OBJ041_040.jpg
/content/data/IE7615 Deep Learning for AI/images_OBJ057/OBJ057_056.jpg,images_OBJ057,56,OBJ057_056.jpg
/content/data/IE7615 Deep Learning for AI/images_OBJ009/OBJ009_013.jpg,images_OBJ009,8,OBJ009_013.jpg
/content/data/IE7615 Deep Learning for AI/images_OBJ038/OBJ038_007.jpg,images_OBJ038,37,OBJ038_007.jpg
/content/data/IE7615 Deep Learning for AI/images_OBJ062/OBJ062_002.jpg,images_OBJ062,61,OBJ062_002.jpg
/content/data/IE7615 Deep Learning for AI/images_OBJ001/OBJ001_079.jpg,images_OBJ001,0,OBJ001_079.jpg
/content/data/IE7615 Deep Learning for AI/images_OBJ057/OBJ057_033.jpg,images_OBJ057,56,OBJ057_033.jpg
/content/data/IE7615 Deep Learning for AI/images_OBJ059/OBJ059_078.jpg,images_OBJ059,58,OBJ059_078.jpg
/content/data/IE7615 Deep Learning for AI/images_OBJ016/OBJ016_072.jpg,images_OBJ016,15,OBJ016_072.jpg
/content/data/IE7615 Deep Learning for AI/images_OBJ003/OBJ003_070.jpg,images_OBJ003,2,OBJ003_070.jpg
/content/data/IE7615 Deep Learning for AI/images_OBJ056/OBJ056_082.jpg,images_OBJ056,55,OBJ056_082.jpg
/content/data/IE7615 Deep Learning for AI/images_OBJ005/OBJ005_001.jpg,images_OBJ005,4,OBJ005_001.jpg
/content/data/IE7615 Deep Learning for AI/images_OBJ049/OBJ049_015.jpg,images_OBJ049,48,OBJ049_015.jpg
/content/data/IE7615 Deep Learning for AI/images_OBJ056/OBJ056_018.jpg,images_OBJ056,55,OBJ056_018.jpg
/content/data/IE7615 Deep Learning for AI/images_OBJ038/OBJ038_035.jpg,images_OBJ038,37,OBJ038_035.jpg
/content/data/IE7615 Deep Learning for AI/images_OBJ064/OBJ064_045.jpg,images_OBJ064,63,OBJ064_045.jpg
/content/data/IE7615 Deep Learning for AI/images_OBJ056/OBJ056_036.jpg,images_OBJ056,55,OBJ056_036.jpg
/content/data/IE7615 Deep Learning for AI/images_OBJ073/OBJ073_058.jpg,images_OBJ073,72,OBJ073_058.jpg
/content/data/IE7615 Deep Learning for AI/images_OBJ044/OBJ044_080.jpg,images_OBJ044,43,OBJ044_080.jpg
/content/data/IE7615 Deep Learning for AI/images_OBJ047/OBJ047_074.jpg,images_OBJ047,46,OBJ047_074.jpg
/content/data/IE7615 Deep Learning for AI/images_OBJ062/OBJ062_042.jpg,images_OBJ062,61,OBJ062_042.jpg
/content/data/IE7615 Deep Learning for AI/images_OBJ032/OBJ032_078.jpg,images_OBJ032,31,OBJ032_078.jpg
/content/data/IE7615 Deep Learning for AI/images_OBJ029/OBJ029_021.jpg,images_OBJ029,28,OBJ029_021.jpg
/content/data/IE7615 Deep Learning for AI/images_OBJ068/OBJ068_085.jpg,images_OBJ068,67,OBJ068_085.jpg
/content/data/IE7615 Deep Learning for AI/images_OBJ034/OBJ034_093.jpg,images_OBJ034,33,OBJ034_093.jpg
/content/data/IE7615 Deep Learning for AI/images_OBJ036/OBJ036_014.jpg,images_OBJ036,35,OBJ036_014.jpg
/content/data/IE7615 Deep Learning for AI/images_OBJ054/OBJ054_068.jpg,images_OBJ054,53,OBJ054_068.jpg
/content/data/IE7615 Deep Learning for AI/images_OBJ021/OBJ021_003.jpg,images_OBJ021,20,OBJ021_003.jpg
/content/data/IE7615 Deep Learning for AI/images_OBJ022/OBJ022_004.jpeg,images_OBJ022,21,OBJ022_004.jpeg
/content/data/IE7615 Deep Learning for AI/images_OBJ022/OBJ022_016.jpeg,images_OBJ022,21,OBJ022_016.jpeg
/content/data/IE7615 Deep Learning for AI/images_OBJ069/OBJ069_028.jpg,images_OBJ069,68,OBJ069_028.jpg
/content/data/IE7615 Deep Learning for AI/images_OBJ059/OBJ059_074.jpg,images_OBJ059,58,OBJ059_074.jpg
/content/data/IE7615 Deep Learning for AI/images_OBJ007/OBJ007_052.jpg,images_OBJ007,6,OBJ007_052.jpg
/content/data/IE7615 Deep Learning for AI/images_OBJ060/OBJ060_27.JPG,images_OBJ060,59,OBJ060_27.JPG
/content/data/IE7615 Deep Learning for AI/images_OBJ067/OBJ067_0052.jpg,images_OBJ067,66,OBJ067_0052.jpg
/content/data/IE7615 Deep Learning for AI/images_OBJ001/OBJ001_001.jpg,images_OBJ001,0,OBJ001_001.jpg
/content/data/IE7615 Deep Learning for AI/images_OBJ024/OBJ024_055.jpg,images_OBJ024,23,OBJ024_055.jpg
/content/data/IE7615 Deep Learning for AI/images_OBJ006/OBJ006_055.jpg,images_OBJ006,5,OBJ006_055.jpg
/content/data/IE7615 Deep Learning for AI/images_OBJ033/OBJ033_049.jpg,images_OBJ033,32,OBJ033_049.jpg
/content/data/IE7615 Deep Learning for AI/images_OBJ011/OBJ011_091.jpg,images_OBJ011,10,OBJ011_091.jpg
/content/data/IE7615 Deep Learning for AI/images_OBJ002/OBJ002_022.jpg,images_OBJ002,1,OBJ002_022.jpg
/content/data/IE7615 Deep Learning for AI/images_OBJ029/OBJ029_047.jpg,images_OBJ029,28,OBJ029_047.jpg
/content/data/IE7615 Deep Learning for AI/images_OBJ060/OBJ060_42.JPG,images_OBJ060,59,OBJ060_42.JPG
/content/data/IE7615 Deep Learning for AI/images_OBJ014/sunglasses_011.jpeg,images_OBJ014,13,sunglasses_011.jpeg
/content/data/IE7615 Deep Learning for AI/images_OBJ005/OBJ005_004.jpg,images_OBJ005,4,OBJ005_004.jpg
/content/data/IE7615 Deep Learning for AI/images_OBJ038/OBJ038_073.jpg,images_OBJ038,37,OBJ038_073.jpg
/content/data/IE7615 Deep Learning for AI/images_OBJ010/OBJ010_010.jpg,images_OBJ010,9,OBJ010_010.jpg
/content/data/IE7615 Deep Learning for AI/images_OBJ024/OBJ024_006.jpg,images_OBJ024,23,OBJ024_006.jpg
/content/data/IE7615 Deep Learning for AI/images_OBJ025/OBJ025_089.jpg,images_OBJ025,24,OBJ025_089.jpg
/content/data/IE7615 Deep Learning for AI/images_OBJ024/OBJ024_082.jpg,images_OBJ024,23,OBJ024_082.jpg
/content/data/IE7615 Deep Learning for AI/images_OBJ045/OBJ045_028.jpg,images_OBJ045,44,OBJ045_028.jpg
/content/data/IE7615 Deep Learning for AI/images_OBJ053/OBJ053_021.jpg,images_OBJ053,52,OBJ053_021.jpg
/content/data/IE7615 Deep Learning for AI/images_OBJ026/OBJ026_048.jpg,images_OBJ026,25,OBJ026_048.jpg
/content/data/IE7615 Deep Learning for AI/images_OBJ056/OBJ056_016.jpg,images_OBJ056,55,OBJ056_016.jpg
/content/data/IE7615 Deep Learning for AI/images_OBJ055/OBJ055_007.jpg,images_OBJ055,54,OBJ055_007.jpg
/content/data/IE7615 Deep Learning for AI/images_OBJ023/OBJ023_076.JPG,images_OBJ023,22,OBJ023_076.JPG
/content/data/IE7615 Deep Learning for AI/images_OBJ044/OBJ044_035.jpg,images_OBJ044,43,OBJ044_035.jpg
/content/data/IE7615 Deep Learning for AI/images_OBJ059/OBJ059_059.jpg,images_OBJ059,58,OBJ059_059.jpg
/content/data/IE7615 Deep Learning for AI/images_OBJ065/OBJ065_055.jpg,images_OBJ065,64,OBJ065_055.jpg
/content/data/IE7615 Deep Learning for AI/images_OBJ001/OBJ001_010.jpg,images_OBJ001,0,OBJ001_010.jpg
/content/data/IE7615 Deep Learning for AI/images_OBJ029/OBJ029_025.jpg,images_OBJ029,28,OBJ029_025.jpg
/content/data/IE7615 Deep Learning for AI/images_OBJ055/OBJ055_074.jpg,images_OBJ055,54,OBJ055_074.jpg
/content/data/IE7615 Deep Learning for AI/images_OBJ065/OBJ065_038.jpg,images_OBJ065,64,OBJ065_038.jpg
/content/data/IE7615 Deep Learning for AI/images_OBJ008/OBJ008_028.jpg,images_OBJ008,7,OBJ008_028.jpg
/content/data/IE7615 Deep Learning for AI/images_OBJ013/OBJ013_039.jpg,images_OBJ013,12,OBJ013_039.jpg
/content/data/IE7615 Deep Learning for AI/images_OBJ069/OBJ069_058.jpg,images_OBJ069,68,OBJ069_058.jpg
/content/data/IE7615 Deep Learning for AI/images_OBJ010/OBJ010_079.jpg,images_OBJ010,9,OBJ010_079.jpg
/content/data/IE7615 Deep Learning for AI/images_OBJ056/OBJ056_067.jpg,images_OBJ056,55,OBJ056_067.jpg
/content/data/IE7615 Deep Learning for AI/images_OBJ062/OBJ062_024.jpg,images_OBJ062,61,OBJ062_024.jpg
/content/data/IE7615 Deep Learning for AI/images_OBJ021/OBJ021_009.jpg,images_OBJ021,20,OBJ021_009.jpg
/content/data/IE7615 Deep Learning for AI/images_OBJ034/OBJ034_036.jpg,images_OBJ034,33,OBJ034_036.jpg
/content/data/IE7615 Deep Learning for AI/images_OBJ071/OBJ071_023.jpg,images_OBJ071,70,OBJ071_023.jpg
/content/data/IE7615 Deep Learning for AI/images_OBJ051/OBJ051_073.jpg,images_OBJ051,50,OBJ051_073.jpg
/content/data/IE7615 Deep Learning for AI/images_OBJ061/OBJ061_006.jpg,images_OBJ061,60,OBJ061_006.jpg
/content/data/IE7615 Deep Learning for AI/images_OBJ018/OBJ018_085.jpg,images_OBJ018,17,OBJ018_085.jpg
/content/data/IE7615 Deep Learning for AI/images_OBJ001/OBJ001_003.jpg,images_OBJ001,0,OBJ001_003.jpg
/content/data/IE7615 Deep Learning for AI/images_OBJ045/OBJ045_092.jpg,images_OBJ045,44,OBJ045_092.jpg
/content/data/IE7615 Deep Learning for AI/images_OBJ068/OBJ068_051.jpg,images_OBJ068,67,OBJ068_051.jpg
/content/data/IE7615 Deep Learning for AI/images_OBJ001/OBJ001_073.jpg,images_OBJ001,0,OBJ001_073.jpg
/content/data/IE7615 Deep Learning for AI/images_OBJ056/OBJ056_040.jpg,images_OBJ056,55,OBJ056_040.jpg
/content/data/IE7615 Deep Learning for AI/images_OBJ024/OBJ024_007.jpg,images_OBJ024,23,OBJ024_007.jpg
/content/data/IE7615 Deep Learning for AI/images_OBJ069/OBJ069_081.jpg,images_OBJ069,68,OBJ069_081.jpg
/content/data/IE7615 Deep Learning for AI/images_OBJ033/OBJ033_046.jpg,images_OBJ033,32,OBJ033_046.jpg
/content/data/IE7615 Deep Learning for AI/images_OBJ002/OBJ002_089.jpg,images_OBJ002,1,OBJ002_089.jpg
/content/data/IE7615 Deep Learning for AI/images_OBJ062/OBJ062_085.jpg,images_OBJ062,61,OBJ062_085.jpg
/content/data/IE7615 Deep Learning for AI/images_OBJ073/OBJ073_094.jpg,images_OBJ073,72,OBJ073_094.jpg
/content/data/IE7615 Deep Learning for AI/images_OBJ072/OBJ072_017.jpg,images_OBJ072,71,OBJ072_017.jpg
/content/data/IE7615 Deep Learning for AI/images_OBJ026/OBJ026_074.jpg,images_OBJ026,25,OBJ026_074.jpg
/content/data/IE7615 Deep Learning for AI/images_OBJ023/OBJ023_047.JPG,images_OBJ023,22,OBJ023_047.JPG
/content/data/IE7615 Deep Learning for AI/images_OBJ029/OBJ029_029.jpg,images_OBJ029,28,OBJ029_029.jpg
/content/data/IE7615 Deep Learning for AI/images_OBJ034/OBJ034_091.jpg,images_OBJ034,33,OBJ034_091.jpg
/content/data/IE7615 Deep Learning for AI/images_OBJ019/OBJ019_056.jpg,images_OBJ019,18,OBJ019_056.jpg
/content/data/IE7615 Deep Learning for AI/images_OBJ072/OBJ072_028.jpg,images_OBJ072,71,OBJ072_028.jpg
/content/data/IE7615 Deep Learning for AI/images_OBJ017/OBJ017_012.jpg,images_OBJ017,16,OBJ017_012.jpg
/content/data/IE7615 Deep Learning for AI/images_OBJ038/OBJ038_053.jpg,images_OBJ038,37,OBJ038_053.jpg
/content/data/IE7615 Deep Learning for AI/images_OBJ027/OBJ027_027.jpg,images_OBJ027,26,OBJ027_027.jpg
/content/data/IE7615 Deep Learning for AI/images_OBJ069/OBJ069_065.jpg,images_OBJ069,68,OBJ069_065.jpg
/content/data/IE7615 Deep Learning for AI/images_OBJ040/OBJ040_022.JPG,images_OBJ040,39,OBJ040_022.JPG
/content/data/IE7615 Deep Learning for AI/images_OBJ070/OBJ070_083.jpg,images_OBJ070,69,OBJ070_083.jpg
/content/data/IE7615 Deep Learning for AI/images_OBJ006/OBJ006_081.jpg,images_OBJ006,5,OBJ006_081.jpg
/content/data/IE7615 Deep Learning for AI/images_OBJ062/OBJ062_034.jpg,images_OBJ062,61,OBJ062_034.jpg
/content/data/IE7615 Deep Learning for AI/images_OBJ012/OBJ012_079.jpg,images_OBJ012,11,OBJ012_079.jpg
/content/data/IE7615 Deep Learning for AI/images_OBJ063/OBJ063_001.jpg,images_OBJ063,62,OBJ063_001.jpg
/content/data/IE7615 Deep Learning for AI/images_OBJ018/OBJ018_043.jpg,images_OBJ018,17,OBJ018_043.jpg
/content/data/IE7615 Deep Learning for AI/images_OBJ069/OBJ069_007.jpg,images_OBJ069,68,OBJ069_007.jpg
/content/data/IE7615 Deep Learning for AI/images_OBJ067/OBJ067_0037.jpg,images_OBJ067,66,OBJ067_0037.jpg
/content/data/IE7615 Deep Learning for AI/images_OBJ063/OBJ063_021.jpg,images_OBJ063,62,OBJ063_021.jpg
/content/data/IE7615 Deep Learning for AI/images_OBJ033/OBJ033_018.jpg,images_OBJ033,32,OBJ033_018.jpg
/content/data/IE7615 Deep Learning for AI/images_OBJ059/OBJ059_062.jpg,images_OBJ059,58,OBJ059_062.jpg
/content/data/IE7615 Deep Learning for AI/images_OBJ018/OBJ018_024.jpg,images_OBJ018,17,OBJ018_024.jpg
/content/data/IE7615 Deep Learning for AI/images_OBJ062/OBJ062_036.jpg,images_OBJ062,61,OBJ062_036.jpg
/content/data/IE7615 Deep Learning for AI/images_OBJ043/OBJ043_029.jpg,images_OBJ043,42,OBJ043_029.jpg
/content/data/IE7615 Deep Learning for AI/images_OBJ018/OBJ018_003.jpg,images_OBJ018,17,OBJ018_003.jpg
/content/data/IE7615 Deep Learning for AI/images_OBJ049/OBJ049_038.jpg,images_OBJ049,48,OBJ049_038.jpg
/content/data/IE7615 Deep Learning for AI/images_OBJ015/OBJ015_075.jpg,images_OBJ015,14,OBJ015_075.jpg
/content/data/IE7615 Deep Learning for AI/images_OBJ039/OBJ039_092.jpg,images_OBJ039,38,OBJ039_092.jpg
/content/data/IE7615 Deep Learning for AI/images_OBJ040/OBJ040_050.JPG,images_OBJ040,39,OBJ040_050.JPG
/content/data/IE7615 Deep Learning for AI/images_OBJ028/OBJ028_015.jpg,images_OBJ028,27,OBJ028_015.jpg
/content/data/IE7615 Deep Learning for AI/images_OBJ010/OBJ010_061.jpg,images_OBJ010,9,OBJ010_061.jpg
/content/data/IE7615 Deep Learning for AI/images_OBJ026/OBJ026_051.jpg,images_OBJ026,25,OBJ026_051.jpg
/content/data/IE7615 Deep Learning for AI/images_OBJ069/OBJ069_025.jpg,images_OBJ069,68,OBJ069_025.jpg
/content/data/IE7615 Deep Learning for AI/images_OBJ068/OBJ068_063.jpg,images_OBJ068,67,OBJ068_063.jpg
/content/data/IE7615 Deep Learning for AI/images_OBJ052/OBJ052_068.jpg,images_OBJ052,51,OBJ052_068.jpg
/content/data/IE7615 Deep Learning for AI/images_OBJ024/OBJ024_092.jpg,images_OBJ024,23,OBJ024_092.jpg
/content/data/IE7615 Deep Learning for AI/images_OBJ065/OBJ065_029.jpg,images_OBJ065,64,OBJ065_029.jpg
/content/data/IE7615 Deep Learning for AI/images_OBJ007/OBJ007_044.jpg,images_OBJ007,6,OBJ007_044.jpg
/content/data/IE7615 Deep Learning for AI/images_OBJ021/OBJ021_005.jpg,images_OBJ021,20,OBJ021_005.jpg
/content/data/IE7615 Deep Learning for AI/images_OBJ053/OBJ053_002.jpg,images_OBJ053,52,OBJ053_002.jpg
/content/data/IE7615 Deep Learning for AI/images_OBJ047/OBJ047_047.jpg,images_OBJ047,46,OBJ047_047.jpg
/content/data/IE7615 Deep Learning for AI/images_OBJ065/OBJ065_049.jpg,images_OBJ065,64,OBJ065_049.jpg
/content/data/IE7615 Deep Learning for AI/images_OBJ040/OBJ040_007.JPG,images_OBJ040,39,OBJ040_007.JPG
/content/data/IE7615 Deep Learning for AI/images_OBJ005/OBJ005_003.jpg,images_OBJ005,4,OBJ005_003.jpg
/content/data/IE7615 Deep Learning for AI/images_OBJ026/OBJ026_020.jpg,images_OBJ026,25,OBJ026_020.jpg
/content/data/IE7615 Deep Learning for AI/images_OBJ033/OBJ033_094.jpg,images_OBJ033,32,OBJ033_094.jpg
/content/data/IE7615 Deep Learning for AI/images_OBJ033/OBJ033_091.jpg,images_OBJ033,32,OBJ033_091.jpg
/content/data/IE7615 Deep Learning for AI/images_OBJ059/OBJ059_048.jpg,images_OBJ059,58,OBJ059_048.jpg
/content/data/IE7615 Deep Learning for AI/images_OBJ008/OBJ008_056.jpg,images_OBJ008,7,OBJ008_056.jpg
/content/data/IE7615 Deep Learning for AI/images_OBJ010/OBJ010_008.jpg,images_OBJ010,9,OBJ010_008.jpg
/content/data/IE7615 Deep Learning for AI/images_OBJ027/OBJ027_001.jpg,images_OBJ027,26,OBJ027_001.jpg
/content/data/IE7615 Deep Learning for AI/images_OBJ048/OBJ048_090.jpg,images_OBJ048,47,OBJ048_090.jpg
/content/data/IE7615 Deep Learning for AI/images_OBJ022/OBJ022_054.jpeg,images_OBJ022,21,OBJ022_054.jpeg
/content/data/IE7615 Deep Learning for AI/images_OBJ052/OBJ052_039.jpg,images_OBJ052,51,OBJ052_039.jpg
/content/data/IE7615 Deep Learning for AI/images_OBJ014/sunglasses_063.jpeg,images_OBJ014,13,sunglasses_063.jpeg
/content/data/IE7615 Deep Learning for AI/images_OBJ053/OBJ053_041.jpg,images_OBJ053,52,OBJ053_041.jpg
/content/data/IE7615 Deep Learning for AI/images_OBJ060/OBJ060_28.JPG,images_OBJ060,59,OBJ060_28.JPG
/content/data/IE7615 Deep Learning for AI/images_OBJ067/OBJ067_0072.jpg,images_OBJ067,66,OBJ067_0072.jpg
/content/data/IE7615 Deep Learning for AI/images_OBJ038/OBJ038_002.jpg,images_OBJ038,37,OBJ038_002.jpg
/content/data/IE7615 Deep Learning for AI/images_OBJ037/OBJ037_080.jpg,images_OBJ037,36,OBJ037_080.jpg
/content/data/IE7615 Deep Learning for AI/images_OBJ068/OBJ068_022.jpg,images_OBJ068,67,OBJ068_022.jpg
/content/data/IE7615 Deep Learning for AI/images_OBJ021/OBJ021_080.jpg,images_OBJ021,20,OBJ021_080.jpg
/content/data/IE7615 Deep Learning for AI/images_OBJ017/OBJ017_096.jpg,images_OBJ017,16,OBJ017_096.jpg
/content/data/IE7615 Deep Learning for AI/images_OBJ059/OBJ059_006.jpg,images_OBJ059,58,OBJ059_006.jpg
/content/data/IE7615 Deep Learning for AI/images_OBJ037/OBJ037_094.jpg,images_OBJ037,36,OBJ037_094.jpg
/content/data/IE7615 Deep Learning for AI/images_OBJ061/OBJ061_089.jpg,images_OBJ061,60,OBJ061_089.jpg
/content/data/IE7615 Deep Learning for AI/images_OBJ006/OBJ006_038.jpg,images_OBJ006,5,OBJ006_038.jpg
/content/data/IE7615 Deep Learning for AI/images_OBJ054/OBJ054_092.jpg,images_OBJ054,53,OBJ054_092.jpg
/content/data/IE7615 Deep Learning for AI/images_OBJ022/OBJ022_079.jpeg,images_OBJ022,21,OBJ022_079.jpeg
/content/data/IE7615 Deep Learning for AI/images_OBJ032/OBJ032_013.jpg,images_OBJ032,31,OBJ032_013.jpg
/content/data/IE7615 Deep Learning for AI/images_OBJ024/OBJ024_057.jpg,images_OBJ024,23,OBJ024_057.jpg
/content/data/IE7615 Deep Learning for AI/images_OBJ059/OBJ059_008.jpg,images_OBJ059,58,OBJ059_008.jpg
/content/data/IE7615 Deep Learning for AI/images_OBJ007/OBJ007_007.jpg,images_OBJ007,6,OBJ007_007.jpg
/content/data/IE7615 Deep Learning for AI/images_OBJ072/OBJ072_057.jpg,images_OBJ072,71,OBJ072_057.jpg
/content/data/IE7615 Deep Learning for AI/images_OBJ046/OBJ046_081.jpg,images_OBJ046,45,OBJ046_081.jpg
/content/data/IE7615 Deep Learning for AI/images_OBJ050/OBJ050_051.jpg,images_OBJ050,49,OBJ050_051.jpg
/content/data/IE7615 Deep Learning for AI/images_OBJ009/OBJ009_025.jpg,images_OBJ009,8,OBJ009_025.jpg
/content/data/IE7615 Deep Learning for AI/images_OBJ047/OBJ047_067.jpg,images_OBJ047,46,OBJ047_067.jpg
/content/data/IE7615 Deep Learning for AI/images_OBJ071/OBJ071_033.jpg,images_OBJ071,70,OBJ071_033.jpg
/content/data/IE7615 Deep Learning for AI/images_OBJ028/OBJ028_081.jpg,images_OBJ028,27,OBJ028_081.jpg
/content/data/IE7615 Deep Learning for AI/images_OBJ050/OBJ050_012.jpg,images_OBJ050,49,OBJ050_012.jpg
/content/data/IE7615 Deep Learning for AI/images_OBJ070/OBJ070_023.jpg,images_OBJ070,69,OBJ070_023.jpg
/content/data/IE7615 Deep Learning for AI/images_OBJ008/OBJ008_031.jpg,images_OBJ008,7,OBJ008_031.jpg
/content/data/IE7615 Deep Learning for AI/images_OBJ011/OBJ011_046.jpg,images_OBJ011,10,OBJ011_046.jpg
/content/data/IE7615 Deep Learning for AI/images_OBJ034/OBJ034_088.jpg,images_OBJ034,33,OBJ034_088.jpg
/content/data/IE7615 Deep Learning for AI/images_OBJ015/OBJ015_063.jpg,images_OBJ015,14,OBJ015_063.jpg
/content/data/IE7615 Deep Learning for AI/images_OBJ038/OBJ038_009.jpg,images_OBJ038,37,OBJ038_009.jpg
/content/data/IE7615 Deep Learning for AI/images_OBJ017/OBJ017_021.jpg,images_OBJ017,16,OBJ017_021.jpg
/content/data/IE7615 Deep Learning for AI/images_OBJ043/OBJ043_047.jpg,images_OBJ043,42,OBJ043_047.jpg
/content/data/IE7615 Deep Learning for AI/images_OBJ005/OBJ005_056.jpg,images_OBJ005,4,OBJ005_056.jpg
/content/data/IE7615 Deep Learning for AI/images_OBJ068/OBJ068_066.jpg,images_OBJ068,67,OBJ068_066.jpg
/content/data/IE7615 Deep Learning for AI/images_OBJ070/OBJ070_033.jpg,images_OBJ070,69,OBJ070_033.jpg
/content/data/IE7615 Deep Learning for AI/images_OBJ028/OBJ028_095.jpg,images_OBJ028,27,OBJ028_095.jpg
/content/data/IE7615 Deep Learning for AI/images_OBJ022/OBJ022_088.jpeg,images_OBJ022,21,OBJ022_088.jpeg
/content/data/IE7615 Deep Learning for AI/images_OBJ065/OBJ065_092.jpg,images_OBJ065,64,OBJ065_092.jpg
/content/data/IE7615 Deep Learning for AI/images_OBJ041/OBJ041_086.jpg,images_OBJ041,40,OBJ041_086.jpg
/content/data/IE7615 Deep Learning for AI/images_OBJ014/sunglasses_014.jpeg,images_OBJ014,13,sunglasses_014.jpeg
/content/data/IE7615 Deep Learning for AI/images_OBJ073/OBJ073_070.jpg,images_OBJ073,72,OBJ073_070.jpg
/content/data/IE7615 Deep Learning for AI/images_OBJ026/OBJ026_041.jpg,images_OBJ026,25,OBJ026_041.jpg
/content/data/IE7615 Deep Learning for AI/images_OBJ066/OBJ066_066.jpg,images_OBJ066,65,OBJ066_066.jpg
/content/data/IE7615 Deep Learning for AI/images_OBJ034/OBJ034_069.jpg,images_OBJ034,33,OBJ034_069.jpg
/content/data/IE7615 Deep Learning for AI/images_OBJ029/OBJ029_043.jpg,images_OBJ029,28,OBJ029_043.jpg
/content/data/IE7615 Deep Learning for AI/images_OBJ067/OBJ067_0086.jpg,images_OBJ067,66,OBJ067_0086.jpg
/content/data/IE7615 Deep Learning for AI/images_OBJ067/OBJ067_0031.jpg,images_OBJ067,66,OBJ067_0031.jpg
/content/data/IE7615 Deep Learning for AI/images_OBJ039/OBJ039_065.jpg,images_OBJ039,38,OBJ039_065.jpg
/content/data/IE7615 Deep Learning for AI/images_OBJ056/OBJ056_043.jpg,images_OBJ056,55,OBJ056_043.jpg
/content/data/IE7615 Deep Learning for AI/images_OBJ051/OBJ051_027.jpg,images_OBJ051,50,OBJ051_027.jpg
/content/data/IE7615 Deep Learning for AI/images_OBJ072/OBJ072_091.jpg,images_OBJ072,71,OBJ072_091.jpg
/content/data/IE7615 Deep Learning for AI/images_OBJ007/OBJ007_054.jpg,images_OBJ007,6,OBJ007_054.jpg
/content/data/IE7615 Deep Learning for AI/images_OBJ044/OBJ044_042.jpg,images_OBJ044,43,OBJ044_042.jpg
/content/data/IE7615 Deep Learning for AI/images_OBJ020/OBJ020_086.jpg,images_OBJ020,19,OBJ020_086.jpg
/content/data/IE7615 Deep Learning for AI/images_OBJ003/OBJ003_053.jpg,images_OBJ003,2,OBJ003_053.jpg
/content/data/IE7615 Deep Learning for AI/images_OBJ008/OBJ008_095.jpg,images_OBJ008,7,OBJ008_095.jpg
/content/data/IE7615 Deep Learning for AI/images_OBJ046/OBJ046_075.jpg,images_OBJ046,45,OBJ046_075.jpg
/content/data/IE7615 Deep Learning for AI/images_OBJ037/OBJ037_031.jpg,images_OBJ037,36,OBJ037_031.jpg
/content/data/IE7615 Deep Learning for AI/images_OBJ051/OBJ051_080.jpg,images_OBJ051,50,OBJ051_080.jpg
/content/data/IE7615 Deep Learning for AI/images_OBJ024/OBJ024_042.jpg,images_OBJ024,23,OBJ024_042.jpg
/content/data/IE7615 Deep Learning for AI/images_OBJ041/OBJ041_087.jpg,images_OBJ041,40,OBJ041_087.jpg
/content/data/IE7615 Deep Learning for AI/images_OBJ037/OBJ037_072.jpg,images_OBJ037,36,OBJ037_072.jpg
/content/data/IE7615 Deep Learning for AI/images_OBJ031/OBJ031_084.jpg,images_OBJ031,30,OBJ031_084.jpg
/content/data/IE7615 Deep Learning for AI/images_OBJ003/OBJ003_046.jpg,images_OBJ003,2,OBJ003_046.jpg
/content/data/IE7615 Deep Learning for AI/images_OBJ047/OBJ047_006.jpg,images_OBJ047,46,OBJ047_006.jpg
/content/data/IE7615 Deep Learning for AI/images_OBJ049/OBJ049_009.jpg,images_OBJ049,48,OBJ049_009.jpg
/content/data/IE7615 Deep Learning for AI/images_OBJ005/OBJ005_053.jpg,images_OBJ005,4,OBJ005_053.jpg
/content/data/IE7615 Deep Learning for AI/images_OBJ042/OBJ042_003.jpg,images_OBJ042,41,OBJ042_003.jpg
/content/data/IE7615 Deep Learning for AI/images_OBJ050/OBJ050_083.jpg,images_OBJ050,49,OBJ050_083.jpg
/content/data/IE7615 Deep Learning for AI/images_OBJ018/OBJ018_045.jpg,images_OBJ018,17,OBJ018_045.jpg
/content/data/IE7615 Deep Learning for AI/images_OBJ052/OBJ052_061.jpg,images_OBJ052,51,OBJ052_061.jpg
/content/data/IE7615 Deep Learning for AI/images_OBJ059/OBJ059_084.jpg,images_OBJ059,58,OBJ059_084.jpg
/content/data/IE7615 Deep Learning for AI/images_OBJ048/OBJ048_046.jpg,images_OBJ048,47,OBJ048_046.jpg
/content/data/IE7615 Deep Learning for AI/images_OBJ004/OBJ004_070.jpg,images_OBJ004,3,OBJ004_070.jpg
/content/data/IE7615 Deep Learning for AI/images_OBJ015/OBJ015_061.jpg,images_OBJ015,14,OBJ015_061.jpg
/content/data/IE7615 Deep Learning for AI/images_OBJ057/OBJ057_076.jpg,images_OBJ057,56,OBJ057_076.jpg
/content/data/IE7615 Deep Learning for AI/images_OBJ002/OBJ002_020.jpg,images_OBJ002,1,OBJ002_020.jpg
/content/data/IE7615 Deep Learning for AI/images_OBJ011/OBJ011_088.jpg,images_OBJ011,10,OBJ011_088.jpg
/content/data/IE7615 Deep Learning for AI/images_OBJ068/OBJ068_071.jpg,images_OBJ068,67,OBJ068_071.jpg
/content/data/IE7615 Deep Learning for AI/images_OBJ018/OBJ018_016.jpg,images_OBJ018,17,OBJ018_016.jpg
/content/data/IE7615 Deep Learning for AI/images_OBJ026/OBJ026_033.jpg,images_OBJ026,25,OBJ026_033.jpg
/content/data/IE7615 Deep Learning for AI/images_OBJ044/OBJ044_033.jpg,images_OBJ044,43,OBJ044_033.jpg
/content/data/IE7615 Deep Learning for AI/images_OBJ065/OBJ065_009.jpg,images_OBJ065,64,OBJ065_009.jpg
/content/data/IE7615 Deep Learning for AI/images_OBJ035/OBJ035_036.jpg,images_OBJ035,34,OBJ035_036.jpg
/content/data/IE7615 Deep Learning for AI/images_OBJ070/OBJ070_075.jpg,images_OBJ070,69,OBJ070_075.jpg
/content/data/IE7615 Deep Learning for AI/images_OBJ064/OBJ064_086.jpg,images_OBJ064,63,OBJ064_086.jpg
/content/data/IE7615 Deep Learning for AI/images_OBJ040/OBJ040_073.JPG,images_OBJ040,39,OBJ040_073.JPG
/content/data/IE7615 Deep Learning for AI/images_OBJ062/OBJ062_018.jpg,images_OBJ062,61,OBJ062_018.jpg
/content/data/IE7615 Deep Learning for AI/images_OBJ062/OBJ062_001.jpg,images_OBJ062,61,OBJ062_001.jpg
/content/data/IE7615 Deep Learning for AI/images_OBJ039/OBJ039_008.jpg,images_OBJ039,38,OBJ039_008.jpg
/content/data/IE7615 Deep Learning for AI/images_OBJ019/OBJ019_034.jpg,images_OBJ019,18,OBJ019_034.jpg
/content/data/IE7615 Deep Learning for AI/images_OBJ044/OBJ044_038.jpg,images_OBJ044,43,OBJ044_038.jpg
/content/data/IE7615 Deep Learning for AI/images_OBJ012/OBJ012_027.jpg,images_OBJ012,11,OBJ012_027.jpg
/content/data/IE7615 Deep Learning for AI/images_OBJ058/OBJ058_089.jpg,images_OBJ058,57,OBJ058_089.jpg
/content/data/IE7615 Deep Learning for AI/images_OBJ045/OBJ045_015.jpg,images_OBJ045,44,OBJ045_015.jpg
/content/data/IE7615 Deep Learning for AI/images_OBJ027/OBJ027_086.jpg,images_OBJ027,26,OBJ027_086.jpg
/content/data/IE7615 Deep Learning for AI/images_OBJ066/OBJ066_079.jpg,images_OBJ066,65,OBJ066_079.jpg
/content/data/IE7615 Deep Learning for AI/images_OBJ026/OBJ026_073.jpg,images_OBJ026,25,OBJ026_073.jpg
/content/data/IE7615 Deep Learning for AI/images_OBJ009/OBJ009_068.jpg,images_OBJ009,8,OBJ009_068.jpg
/content/data/IE7615 Deep Learning for AI/images_OBJ019/OBJ019_043.jpg,images_OBJ019,18,OBJ019_043.jpg
/content/data/IE7615 Deep Learning for AI/images_OBJ057/OBJ057_055.jpg,images_OBJ057,56,OBJ057_055.jpg
/content/data/IE7615 Deep Learning for AI/images_OBJ016/OBJ016_032.jpg,images_OBJ016,15,OBJ016_032.jpg
/content/data/IE7615 Deep Learning for AI/images_OBJ002/OBJ002_058.jpg,images_OBJ002,1,OBJ002_058.jpg
/content/data/IE7615 Deep Learning for AI/images_OBJ060/OBJ060_82.JPG,images_OBJ060,59,OBJ060_82.JPG
/content/data/IE7615 Deep Learning for AI/images_OBJ063/OBJ063_018.jpg,images_OBJ063,62,OBJ063_018.jpg
/content/data/IE7615 Deep Learning for AI/images_OBJ024/OBJ024_028.jpg,images_OBJ024,23,OBJ024_028.jpg
/content/data/IE7615 Deep Learning for AI/images_OBJ005/OBJ005_099.jpg,images_OBJ005,4,OBJ005_099.jpg
/content/data/IE7615 Deep Learning for AI/images_OBJ073/OBJ073_031.jpg,images_OBJ073,72,OBJ073_031.jpg
/content/data/IE7615 Deep Learning for AI/images_OBJ040/OBJ040_041.JPG,images_OBJ040,39,OBJ040_041.JPG
/content/data/IE7615 Deep Learning for AI/images_OBJ033/OBJ033_024.jpg,images_OBJ033,32,OBJ033_024.jpg
/content/data/IE7615 Deep Learning for AI/images_OBJ027/OBJ027_069.jpg,images_OBJ027,26,OBJ027_069.jpg
/content/data/IE7615 Deep Learning for AI/images_OBJ027/OBJ027_091.jpg,images_OBJ027,26,OBJ027_091.jpg
/content/data/IE7615 Deep Learning for AI/images_OBJ002/OBJ002_007.jpg,images_OBJ002,1,OBJ002_007.jpg
/content/data/IE7615 Deep Learning for AI/images_OBJ032/OBJ032_037.jpg,images_OBJ032,31,OBJ032_037.jpg
/content/data/IE7615 Deep Learning for AI/images_OBJ028/OBJ028_074.jpg,images_OBJ028,27,OBJ028_074.jpg
/content/data/IE7615 Deep Learning for AI/images_OBJ021/OBJ021_047.jpg,images_OBJ021,20,OBJ021_047.jpg
/content/data/IE7615 Deep Learning for AI/images_OBJ037/OBJ037_084.jpg,images_OBJ037,36,OBJ037_084.jpg
/content/data/IE7615 Deep Learning for AI/images_OBJ050/OBJ050_003.jpg,images_OBJ050,49,OBJ050_003.jpg
/content/data/IE7615 Deep Learning for AI/images_OBJ059/OBJ059_088.jpg,images_OBJ059,58,OBJ059_088.jpg
/content/data/IE7615 Deep Learning for AI/images_OBJ051/OBJ051_008.jpg,images_OBJ051,50,OBJ051_008.jpg
/content/data/IE7615 Deep Learning for AI/images_OBJ065/OBJ065_091.jpg,images_OBJ065,64,OBJ065_091.jpg
/content/data/IE7615 Deep Learning for AI/images_OBJ033/OBJ033_081.jpg,images_OBJ033,32,OBJ033_081.jpg
/content/data/IE7615 Deep Learning for AI/images_OBJ025/OBJ025_044.jpg,images_OBJ025,24,OBJ025_044.jpg
/content/data/IE7615 Deep Learning for AI/images_OBJ054/OBJ054_050.jpg,images_OBJ054,53,OBJ054_050.jpg
/content/data/IE7615 Deep Learning for AI/images_OBJ034/OBJ034_089.jpg,images_OBJ034,33,OBJ034_089.jpg
/content/data/IE7615 Deep Learning for AI/images_OBJ015/OBJ015_057.jpg,images_OBJ015,14,OBJ015_057.jpg
/content/data/IE7615 Deep Learning for AI/images_OBJ005/OBJ005_027.jpg,images_OBJ005,4,OBJ005_027.jpg
/content/data/IE7615 Deep Learning for AI/images_OBJ055/OBJ055_002.jpg,images_OBJ055,54,OBJ055_002.jpg
/content/data/IE7615 Deep Learning for AI/images_OBJ073/OBJ073_044.jpg,images_OBJ073,72,OBJ073_044.jpg
/content/data/IE7615 Deep Learning for AI/images_OBJ046/OBJ046_080.jpg,images_OBJ046,45,OBJ046_080.jpg
/content/data/IE7615 Deep Learning for AI/images_OBJ066/OBJ066_095.jpg,images_OBJ066,65,OBJ066_095.jpg
/content/data/IE7615 Deep Learning for AI/images_OBJ040/OBJ040_061.JPG,images_OBJ040,39,OBJ040_061.JPG
/content/data/IE7615 Deep Learning for AI/images_OBJ041/OBJ041_051.jpg,images_OBJ041,40,OBJ041_051.jpg
/content/data/IE7615 Deep Learning for AI/images_OBJ063/OBJ063_062.jpg,images_OBJ063,62,OBJ063_062.jpg
/content/data/IE7615 Deep Learning for AI/images_OBJ054/OBJ054_063.jpg,images_OBJ054,53,OBJ054_063.jpg
/content/data/IE7615 Deep Learning for AI/images_OBJ001/OBJ001_020.jpg,images_OBJ001,0,OBJ001_020.jpg
/content/data/IE7615 Deep Learning for AI/images_OBJ005/OBJ005_070.jpg,images_OBJ005,4,OBJ005_070.jpg
/content/data/IE7615 Deep Learning for AI/images_OBJ056/OBJ056_081.jpg,images_OBJ056,55,OBJ056_081.jpg
/content/data/IE7615 Deep Learning for AI/images_OBJ040/OBJ040_068.JPG,images_OBJ040,39,OBJ040_068.JPG
/content/data/IE7615 Deep Learning for AI/images_OBJ044/OBJ044_054.jpg,images_OBJ044,43,OBJ044_054.jpg
/content/data/IE7615 Deep Learning for AI/images_OBJ061/OBJ061_040.jpg,images_OBJ061,60,OBJ061_040.jpg
/content/data/IE7615 Deep Learning for AI/images_OBJ023/OBJ023_070.JPG,images_OBJ023,22,OBJ023_070.JPG
/content/data/IE7615 Deep Learning for AI/images_OBJ067/OBJ067_0041.jpg,images_OBJ067,66,OBJ067_0041.jpg
/content/data/IE7615 Deep Learning for AI/images_OBJ027/OBJ027_016.jpg,images_OBJ027,26,OBJ027_016.jpg
/content/data/IE7615 Deep Learning for AI/images_OBJ026/OBJ026_091.jpg,images_OBJ026,25,OBJ026_091.jpg
/content/data/IE7615 Deep Learning for AI/images_OBJ005/OBJ005_074.jpg,images_OBJ005,4,OBJ005_074.jpg
/content/data/IE7615 Deep Learning for AI/images_OBJ004/OBJ004_079.jpg,images_OBJ004,3,OBJ004_079.jpg
/content/data/IE7615 Deep Learning for AI/images_OBJ046/OBJ046_053.jpg,images_OBJ046,45,OBJ046_053.jpg
/content/data/IE7615 Deep Learning for AI/images_OBJ027/OBJ027_029.jpg,images_OBJ027,26,OBJ027_029.jpg
/content/data/IE7615 Deep Learning for AI/images_OBJ071/OBJ071_072.jpg,images_OBJ071,70,OBJ071_072.jpg
/content/data/IE7615 Deep Learning for AI/images_OBJ020/OBJ020_033.jpg,images_OBJ020,19,OBJ020_033.jpg
/content/data/IE7615 Deep Learning for AI/images_OBJ051/OBJ051_006.jpg,images_OBJ051,50,OBJ051_006.jpg
/content/data/IE7615 Deep Learning for AI/images_OBJ029/OBJ029_062.jpg,images_OBJ029,28,OBJ029_062.jpg
/content/data/IE7615 Deep Learning for AI/images_OBJ018/OBJ018_012.jpg,images_OBJ018,17,OBJ018_012.jpg
/content/data/IE7615 Deep Learning for AI/images_OBJ026/OBJ026_090.jpg,images_OBJ026,25,OBJ026_090.jpg
/content/data/IE7615 Deep Learning for AI/images_OBJ043/OBJ043_026.jpg,images_OBJ043,42,OBJ043_026.jpg
/content/data/IE7615 Deep Learning for AI/images_OBJ025/OBJ025_058.jpg,images_OBJ025,24,OBJ025_058.jpg
/content/data/IE7615 Deep Learning for AI/images_OBJ026/OBJ026_031.jpg,images_OBJ026,25,OBJ026_031.jpg
/content/data/IE7615 Deep Learning for AI/images_OBJ062/OBJ062_048.jpg,images_OBJ062,61,OBJ062_048.jpg
/content/data/IE7615 Deep Learning for AI/images_OBJ015/OBJ015_042.jpg,images_OBJ015,14,OBJ015_042.jpg
/content/data/IE7615 Deep Learning for AI/images_OBJ035/OBJ035_067.jpg,images_OBJ035,34,OBJ035_067.jpg
/content/data/IE7615 Deep Learning for AI/images_OBJ071/OBJ071_064.jpg,images_OBJ071,70,OBJ071_064.jpg
/content/data/IE7615 Deep Learning for AI/images_OBJ017/OBJ017_027.jpg,images_OBJ017,16,OBJ017_027.jpg
/content/data/IE7615 Deep Learning for AI/images_OBJ009/OBJ009_064.jpg,images_OBJ009,8,OBJ009_064.jpg
/content/data/IE7615 Deep Learning for AI/images_OBJ048/OBJ048_001.jpg,images_OBJ048,47,OBJ048_001.jpg
/content/data/IE7615 Deep Learning for AI/images_OBJ065/OBJ065_082.jpg,images_OBJ065,64,OBJ065_082.jpg
/content/data/IE7615 Deep Learning for AI/images_OBJ035/OBJ035_080.jpg,images_OBJ035,34,OBJ035_080.jpg
/content/data/IE7615 Deep Learning for AI/images_OBJ011/OBJ011_019.jpg,images_OBJ011,10,OBJ011_019.jpg
/content/data/IE7615 Deep Learning for AI/images_OBJ058/OBJ058_034.jpg,images_OBJ058,57,OBJ058_034.jpg
/content/data/IE7615 Deep Learning for AI/images_OBJ037/OBJ037_073.jpg,images_OBJ037,36,OBJ037_073.jpg
/content/data/IE7615 Deep Learning for AI/images_OBJ041/OBJ041_007.jpg,images_OBJ041,40,OBJ041_007.jpg
/content/data/IE7615 Deep Learning for AI/images_OBJ054/OBJ054_036.jpg,images_OBJ054,53,OBJ054_036.jpg
/content/data/IE7615 Deep Learning for AI/images_OBJ053/OBJ053_075.jpg,images_OBJ053,52,OBJ053_075.jpg
/content/data/IE7615 Deep Learning for AI/images_OBJ073/OBJ073_008.jpg,images_OBJ073,72,OBJ073_008.jpg
/content/data/IE7615 Deep Learning for AI/images_OBJ019/OBJ019_067.jpg,images_OBJ019,18,OBJ019_067.jpg
/content/data/IE7615 Deep Learning for AI/images_OBJ037/OBJ037_061.jpg,images_OBJ037,36,OBJ037_061.jpg
/content/data/IE7615 Deep Learning for AI/images_OBJ062/OBJ062_074.jpg,images_OBJ062,61,OBJ062_074.jpg
/content/data/IE7615 Deep Learning for AI/images_OBJ018/OBJ018_037.jpg,images_OBJ018,17,OBJ018_037.jpg
/content/data/IE7615 Deep Learning for AI/images_OBJ056/OBJ056_023.jpg,images_OBJ056,55,OBJ056_023.jpg
/content/data/IE7615 Deep Learning for AI/images_OBJ053/OBJ053_080.jpg,images_OBJ053,52,OBJ053_080.jpg
/content/data/IE7615 Deep Learning for AI/images_OBJ056/OBJ056_077.jpg,images_OBJ056,55,OBJ056_077.jpg
/content/data/IE7615 Deep Learning for AI/images_OBJ046/OBJ046_004.jpg,images_OBJ046,45,OBJ046_004.jpg
/content/data/IE7615 Deep Learning for AI/images_OBJ012/OBJ012_061.jpg,images_OBJ012,11,OBJ012_061.jpg
/content/data/IE7615 Deep Learning for AI/images_OBJ066/OBJ066_031.jpg,images_OBJ066,65,OBJ066_031.jpg
/content/data/IE7615 Deep Learning for AI/images_OBJ060/OBJ060_16.JPG,images_OBJ060,59,OBJ060_16.JPG
/content/data/IE7615 Deep Learning for AI/images_OBJ032/OBJ032_077.jpg,images_OBJ032,31,OBJ032_077.jpg
/content/data/IE7615 Deep Learning for AI/images_OBJ061/OBJ061_039.jpg,images_OBJ061,60,OBJ061_039.jpg
/content/data/IE7615 Deep Learning for AI/images_OBJ017/OBJ017_007.jpg,images_OBJ017,16,OBJ017_007.jpg
/content/data/IE7615 Deep Learning for AI/images_OBJ055/OBJ055_089.jpg,images_OBJ055,54,OBJ055_089.jpg
/content/data/IE7615 Deep Learning for AI/images_OBJ051/OBJ051_072.jpg,images_OBJ051,50,OBJ051_072.jpg
/content/data/IE7615 Deep Learning for AI/images_OBJ022/OBJ022_031.jpeg,images_OBJ022,21,OBJ022_031.jpeg
/content/data/IE7615 Deep Learning for AI/images_OBJ050/OBJ050_034.jpg,images_OBJ050,49,OBJ050_034.jpg
/content/data/IE7615 Deep Learning for AI/images_OBJ045/OBJ045_021.jpg,images_OBJ045,44,OBJ045_021.jpg
/content/data/IE7615 Deep Learning for AI/images_OBJ047/OBJ047_073.jpg,images_OBJ047,46,OBJ047_073.jpg
/content/data/IE7615 Deep Learning for AI/images_OBJ063/OBJ063_040.jpg,images_OBJ063,62,OBJ063_040.jpg
/content/data/IE7615 Deep Learning for AI/images_OBJ041/OBJ041_062.jpg,images_OBJ041,40,OBJ041_062.jpg
/content/data/IE7615 Deep Learning for AI/images_OBJ045/OBJ045_060.jpg,images_OBJ045,44,OBJ045_060.jpg
/content/data/IE7615 Deep Learning for AI/images_OBJ042/OBJ042_088.jpg,images_OBJ042,41,OBJ042_088.jpg
/content/data/IE7615 Deep Learning for AI/images_OBJ061/OBJ061_047.jpg,images_OBJ061,60,OBJ061_047.jpg
/content/data/IE7615 Deep Learning for AI/images_OBJ020/OBJ020_009.jpg,images_OBJ020,19,OBJ020_009.jpg
/content/data/IE7615 Deep Learning for AI/images_OBJ014/sunglasses_067.jpeg,images_OBJ014,13,sunglasses_067.jpeg
/content/data/IE7615 Deep Learning for AI/images_OBJ054/OBJ054_091.jpg,images_OBJ054,53,OBJ054_091.jpg
/content/data/IE7615 Deep Learning for AI/images_OBJ008/OBJ008_022.jpg,images_OBJ008,7,OBJ008_022.jpg
/content/data/IE7615 Deep Learning for AI/images_OBJ064/OBJ064_031.jpg,images_OBJ064,63,OBJ064_031.jpg
/content/data/IE7615 Deep Learning for AI/images_OBJ052/OBJ052_062.jpg,images_OBJ052,51,OBJ052_062.jpg
/content/data/IE7615 Deep Learning for AI/images_OBJ019/OBJ019_012.jpg,images_OBJ019,18,OBJ019_012.jpg
/content/data/IE7615 Deep Learning for AI/images_OBJ040/OBJ040_020.JPG,images_OBJ040,39,OBJ040_020.JPG
/content/data/IE7615 Deep Learning for AI/images_OBJ026/OBJ026_042.jpg,images_OBJ026,25,OBJ026_042.jpg
/content/data/IE7615 Deep Learning for AI/images_OBJ008/OBJ008_050.jpg,images_OBJ008,7,OBJ008_050.jpg
/content/data/IE7615 Deep Learning for AI/images_OBJ020/OBJ020_071.jpg,images_OBJ020,19,OBJ020_071.jpg
/content/data/IE7615 Deep Learning for AI/images_OBJ049/OBJ049_058.jpg,images_OBJ049,48,OBJ049_058.jpg
/content/data/IE7615 Deep Learning for AI/images_OBJ002/OBJ002_012.jpg,images_OBJ002,1,OBJ002_012.jpg
/content/data/IE7615 Deep Learning for AI/images_OBJ027/OBJ027_071.jpg,images_OBJ027,26,OBJ027_071.jpg
/content/data/IE7615 Deep Learning for AI/images_OBJ044/OBJ044_078.jpg,images_OBJ044,43,OBJ044_078.jpg
/content/data/IE7615 Deep Learning for AI/images_OBJ012/OBJ012_081.jpg,images_OBJ012,11,OBJ012_081.jpg
/content/data/IE7615 Deep Learning for AI/images_OBJ055/OBJ055_041.jpg,images_OBJ055,54,OBJ055_041.jpg
/content/data/IE7615 Deep Learning for AI/images_OBJ053/OBJ053_037.jpg,images_OBJ053,52,OBJ053_037.jpg
/content/data/IE7615 Deep Learning for AI/images_OBJ070/OBJ070_091.jpg,images_OBJ070,69,OBJ070_091.jpg
/content/data/IE7615 Deep Learning for AI/images_OBJ033/OBJ033_090.jpg,images_OBJ033,32,OBJ033_090.jpg
/content/data/IE7615 Deep Learning for AI/images_OBJ020/OBJ020_052.jpg,images_OBJ020,19,OBJ020_052.jpg
/content/data/IE7615 Deep Learning for AI/images_OBJ029/OBJ029_051.jpg,images_OBJ029,28,OBJ029_051.jpg
/content/data/IE7615 Deep Learning for AI/images_OBJ064/OBJ064_075.jpg,images_OBJ064,63,OBJ064_075.jpg
/content/data/IE7615 Deep Learning for AI/images_OBJ013/OBJ013_014.jpg,images_OBJ013,12,OBJ013_014.jpg
/content/data/IE7615 Deep Learning for AI/images_OBJ069/OBJ069_064.jpg,images_OBJ069,68,OBJ069_064.jpg
/content/data/IE7615 Deep Learning for AI/images_OBJ026/OBJ026_013.jpg,images_OBJ026,25,OBJ026_013.jpg
/content/data/IE7615 Deep Learning for AI/images_OBJ026/OBJ026_086.jpg,images_OBJ026,25,OBJ026_086.jpg
/content/data/IE7615 Deep Learning for AI/images_OBJ026/OBJ026_049.jpg,images_OBJ026,25,OBJ026_049.jpg
/content/data/IE7615 Deep Learning for AI/images_OBJ070/OBJ070_056.jpg,images_OBJ070,69,OBJ070_056.jpg
/content/data/IE7615 Deep Learning for AI/images_OBJ061/OBJ061_032.jpg,images_OBJ061,60,OBJ061_032.jpg
/content/data/IE7615 Deep Learning for AI/images_OBJ051/OBJ051_044.jpg,images_OBJ051,50,OBJ051_044.jpg
/content/data/IE7615 Deep Learning for AI/images_OBJ053/OBJ053_010.jpg,images_OBJ053,52,OBJ053_010.jpg
/content/data/IE7615 Deep Learning for AI/images_OBJ039/OBJ039_095.jpg,images_OBJ039,38,OBJ039_095.jpg
/content/data/IE7615 Deep Learning for AI/images_OBJ052/OBJ052_066.jpg,images_OBJ052,51,OBJ052_066.jpg
/content/data/IE7615 Deep Learning for AI/images_OBJ065/OBJ065_066.jpg,images_OBJ065,64,OBJ065_066.jpg
/content/data/IE7615 Deep Learning for AI/images_OBJ035/OBJ035_030.jpg,images_OBJ035,34,OBJ035_030.jpg
/content/data/IE7615 Deep Learning for AI/images_OBJ014/sunglasses_002.jpeg,images_OBJ014,13,sunglasses_002.jpeg
/content/data/IE7615 Deep Learning for AI/images_OBJ069/OBJ069_088.jpg,images_OBJ069,68,OBJ069_088.jpg
/content/data/IE7615 Deep Learning for AI/images_OBJ007/OBJ007_012.jpg,images_OBJ007,6,OBJ007_012.jpg
/content/data/IE7615 Deep Learning for AI/images_OBJ013/OBJ013_056.jpg,images_OBJ013,12,OBJ013_056.jpg
/content/data/IE7615 Deep Learning for AI/images_OBJ070/OBJ070_085.jpg,images_OBJ070,69,OBJ070_085.jpg
/content/data/IE7615 Deep Learning for AI/images_OBJ004/OBJ004_052.jpg,images_OBJ004,3,OBJ004_052.jpg
/content/data/IE7615 Deep Learning for AI/images_OBJ006/OBJ006_018.jpg,images_OBJ006,5,OBJ006_018.jpg
/content/data/IE7615 Deep Learning for AI/images_OBJ036/OBJ036_053.jpg,images_OBJ036,35,OBJ036_053.jpg
/content/data/IE7615 Deep Learning for AI/images_OBJ035/OBJ035_001.jpg,images_OBJ035,34,OBJ035_001.jpg
/content/data/IE7615 Deep Learning for AI/images_OBJ002/OBJ002_078.jpg,images_OBJ002,1,OBJ002_078.jpg
/content/data/IE7615 Deep Learning for AI/images_OBJ010/OBJ010_081.jpg,images_OBJ010,9,OBJ010_081.jpg
/content/data/IE7615 Deep Learning for AI/images_OBJ009/OBJ009_055.jpg,images_OBJ009,8,OBJ009_055.jpg
/content/data/IE7615 Deep Learning for AI/images_OBJ009/OBJ009_023.jpg,images_OBJ009,8,OBJ009_023.jpg
/content/data/IE7615 Deep Learning for AI/images_OBJ070/OBJ070_005.jpg,images_OBJ070,69,OBJ070_005.jpg
/content/data/IE7615 Deep Learning for AI/images_OBJ008/OBJ008_079.jpg,images_OBJ008,7,OBJ008_079.jpg
/content/data/IE7615 Deep Learning for AI/images_OBJ045/OBJ045_089.jpg,images_OBJ045,44,OBJ045_089.jpg
/content/data/IE7615 Deep Learning for AI/images_OBJ030/OBJ030_041.jpg,images_OBJ030,29,OBJ030_041.jpg
/content/data/IE7615 Deep Learning for AI/images_OBJ011/OBJ011_006.jpg,images_OBJ011,10,OBJ011_006.jpg
/content/data/IE7615 Deep Learning for AI/images_OBJ007/OBJ007_073.jpg,images_OBJ007,6,OBJ007_073.jpg
/content/data/IE7615 Deep Learning for AI/images_OBJ019/OBJ019_072.jpg,images_OBJ019,18,OBJ019_072.jpg
/content/data/IE7615 Deep Learning for AI/images_OBJ017/OBJ017_095.jpg,images_OBJ017,16,OBJ017_095.jpg
/content/data/IE7615 Deep Learning for AI/images_OBJ022/OBJ022_044.jpeg,images_OBJ022,21,OBJ022_044.jpeg
/content/data/IE7615 Deep Learning for AI/images_OBJ012/OBJ012_084.jpg,images_OBJ012,11,OBJ012_084.jpg
/content/data/IE7615 Deep Learning for AI/images_OBJ006/OBJ006_068.jpg,images_OBJ006,5,OBJ006_068.jpg
/content/data/IE7615 Deep Learning for AI/images_OBJ015/OBJ015_024.jpg,images_OBJ015,14,OBJ015_024.jpg
/content/data/IE7615 Deep Learning for AI/images_OBJ070/OBJ070_084.jpg,images_OBJ070,69,OBJ070_084.jpg
/content/data/IE7615 Deep Learning for AI/images_OBJ064/OBJ064_093.jpg,images_OBJ064,63,OBJ064_093.jpg
/content/data/IE7615 Deep Learning for AI/images_OBJ057/OBJ057_082.jpg,images_OBJ057,56,OBJ057_082.jpg
/content/data/IE7615 Deep Learning for AI/images_OBJ017/OBJ017_039.jpg,images_OBJ017,16,OBJ017_039.jpg
/content/data/IE7615 Deep Learning for AI/images_OBJ029/OBJ029_016.jpg,images_OBJ029,28,OBJ029_016.jpg
/content/data/IE7615 Deep Learning for AI/images_OBJ033/OBJ033_005.jpg,images_OBJ033,32,OBJ033_005.jpg
/content/data/IE7615 Deep Learning for AI/images_OBJ038/OBJ038_048.jpg,images_OBJ038,37,OBJ038_048.jpg
/content/data/IE7615 Deep Learning for AI/images_OBJ029/OBJ029_026.jpg,images_OBJ029,28,OBJ029_026.jpg
/content/data/IE7615 Deep Learning for AI/images_OBJ044/OBJ044_022.jpg,images_OBJ044,43,OBJ044_022.jpg
/content/data/IE7615 Deep Learning for AI/images_OBJ028/OBJ028_045.jpg,images_OBJ028,27,OBJ028_045.jpg
/content/data/IE7615 Deep Learning for AI/images_OBJ072/OBJ072_044.jpg,images_OBJ072,71,OBJ072_044.jpg
/content/data/IE7615 Deep Learning for AI/images_OBJ055/OBJ055_043.jpg,images_OBJ055,54,OBJ055_043.jpg
/content/data/IE7615 Deep Learning for AI/images_OBJ028/OBJ028_073.jpg,images_OBJ028,27,OBJ028_073.jpg
/content/data/IE7615 Deep Learning for AI/images_OBJ058/OBJ058_090.jpg,images_OBJ058,57,OBJ058_090.jpg
/content/data/IE7615 Deep Learning for AI/images_OBJ055/OBJ055_071.jpg,images_OBJ055,54,OBJ055_071.jpg
/content/data/IE7615 Deep Learning for AI/images_OBJ002/OBJ002_054.jpg,images_OBJ002,1,OBJ002_054.jpg
/content/data/IE7615 Deep Learning for AI/images_OBJ011/OBJ011_077.jpg,images_OBJ011,10,OBJ011_077.jpg
/content/data/IE7615 Deep Learning for AI/images_OBJ066/OBJ066_011.jpg,images_OBJ066,65,OBJ066_011.jpg
/content/data/IE7615 Deep Learning for AI/images_OBJ038/OBJ038_068.jpg,images_OBJ038,37,OBJ038_068.jpg
/content/data/IE7615 Deep Learning for AI/images_OBJ028/OBJ028_042.jpg,images_OBJ028,27,OBJ028_042.jpg
/content/data/IE7615 Deep Learning for AI/images_OBJ039/OBJ039_014.jpg,images_OBJ039,38,OBJ039_014.jpg
/content/data/IE7615 Deep Learning for AI/images_OBJ027/OBJ027_062.jpg,images_OBJ027,26,OBJ027_062.jpg
/content/data/IE7615 Deep Learning for AI/images_OBJ069/OBJ069_090.jpg,images_OBJ069,68,OBJ069_090.jpg
/content/data/IE7615 Deep Learning for AI/images_OBJ061/OBJ061_084.jpg,images_OBJ061,60,OBJ061_084.jpg
/content/data/IE7615 Deep Learning for AI/images_OBJ012/OBJ012_012.jpg,images_OBJ012,11,OBJ012_012.jpg
/content/data/IE7615 Deep Learning for AI/images_OBJ019/OBJ019_028.jpg,images_OBJ019,18,OBJ019_028.jpg
/content/data/IE7615 Deep Learning for AI/images_OBJ002/OBJ002_043.jpg,images_OBJ002,1,OBJ002_043.jpg
/content/data/IE7615 Deep Learning for AI/images_OBJ051/OBJ051_100.jpg,images_OBJ051,50,OBJ051_100.jpg
/content/data/IE7615 Deep Learning for AI/images_OBJ048/OBJ048_007.jpg,images_OBJ048,47,OBJ048_007.jpg
/content/data/IE7615 Deep Learning for AI/images_OBJ064/OBJ064_060.jpg,images_OBJ064,63,OBJ064_060.jpg
/content/data/IE7615 Deep Learning for AI/images_OBJ001/OBJ001_032.jpg,images_OBJ001,0,OBJ001_032.jpg
/content/data/IE7615 Deep Learning for AI/images_OBJ046/OBJ046_069.jpg,images_OBJ046,45,OBJ046_069.jpg
/content/data/IE7615 Deep Learning for AI/images_OBJ068/OBJ068_033.jpg,images_OBJ068,67,OBJ068_033.jpg
/content/data/IE7615 Deep Learning for AI/images_OBJ067/OBJ067_0032.jpg,images_OBJ067,66,OBJ067_0032.jpg
/content/data/IE7615 Deep Learning for AI/images_OBJ059/OBJ059_050.jpg,images_OBJ059,58,OBJ059_050.jpg
/content/data/IE7615 Deep Learning for AI/images_OBJ042/OBJ042_002.jpg,images_OBJ042,41,OBJ042_002.jpg
/content/data/IE7615 Deep Learning for AI/images_OBJ007/OBJ007_087.jpg,images_OBJ007,6,OBJ007_087.jpg
/content/data/IE7615 Deep Learning for AI/images_OBJ014/sunglasses_066.jpeg,images_OBJ014,13,sunglasses_066.jpeg
/content/data/IE7615 Deep Learning for AI/images_OBJ072/OBJ072_019.jpg,images_OBJ072,71,OBJ072_019.jpg
/content/data/IE7615 Deep Learning for AI/images_OBJ024/OBJ024_029.jpg,images_OBJ024,23,OBJ024_029.jpg
/content/data/IE7615 Deep Learning for AI/images_OBJ009/OBJ009_079.jpg,images_OBJ009,8,OBJ009_079.jpg
/content/data/IE7615 Deep Learning for AI/images_OBJ054/OBJ054_038.jpg,images_OBJ054,53,OBJ054_038.jpg
/content/data/IE7615 Deep Learning for AI/images_OBJ057/OBJ057_042.jpg,images_OBJ057,56,OBJ057_042.jpg
/content/data/IE7615 Deep Learning for AI/images_OBJ024/OBJ024_093.jpg,images_OBJ024,23,OBJ024_093.jpg
/content/data/IE7615 Deep Learning for AI/images_OBJ059/OBJ059_026.jpg,images_OBJ059,58,OBJ059_026.jpg
/content/data/IE7615 Deep Learning for AI/images_OBJ019/OBJ019_014.jpg,images_OBJ019,18,OBJ019_014.jpg
/content/data/IE7615 Deep Learning for AI/images_OBJ004/OBJ004_077.jpg,images_OBJ004,3,OBJ004_077.jpg
/content/data/IE7615 Deep Learning for AI/images_OBJ007/OBJ007_075.jpg,images_OBJ007,6,OBJ007_075.jpg
/content/data/IE7615 Deep Learning for AI/images_OBJ022/OBJ022_058.jpeg,images_OBJ022,21,OBJ022_058.jpeg
/content/data/IE7615 Deep Learning for AI/images_OBJ030/OBJ030_062.jpg,images_OBJ030,29,OBJ030_062.jpg
/content/data/IE7615 Deep Learning for AI/images_OBJ031/OBJ031_073.jpg,images_OBJ031,30,OBJ031_073.jpg
/content/data/IE7615 Deep Learning for AI/images_OBJ028/OBJ028_031.jpg,images_OBJ028,27,OBJ028_031.jpg
/content/data/IE7615 Deep Learning for AI/images_OBJ066/OBJ066_084.jpg,images_OBJ066,65,OBJ066_084.jpg
/content/data/IE7615 Deep Learning for AI/images_OBJ005/OBJ005_098.jpg,images_OBJ005,4,OBJ005_098.jpg
/content/data/IE7615 Deep Learning for AI/images_OBJ002/OBJ002_074.jpg,images_OBJ002,1,OBJ002_074.jpg
/content/data/IE7615 Deep Learning for AI/images_OBJ068/OBJ068_077.jpg,images_OBJ068,67,OBJ068_077.jpg
/content/data/IE7615 Deep Learning for AI/images_OBJ065/OBJ065_011.jpg,images_OBJ065,64,OBJ065_011.jpg
/content/data/IE7615 Deep Learning for AI/images_OBJ072/OBJ072_046.jpg,images_OBJ072,71,OBJ072_046.jpg
/content/data/IE7615 Deep Learning for AI/images_OBJ037/OBJ037_050.jpg,images_OBJ037,36,OBJ037_050.jpg
/content/data/IE7615 Deep Learning for AI/images_OBJ056/OBJ056_048.jpg,images_OBJ056,55,OBJ056_048.jpg
/content/data/IE7615 Deep Learning for AI/images_OBJ027/OBJ027_019.jpg,images_OBJ027,26,OBJ027_019.jpg
/content/data/IE7615 Deep Learning for AI/images_OBJ054/OBJ054_065.jpg,images_OBJ054,53,OBJ054_065.jpg
/content/data/IE7615 Deep Learning for AI/images_OBJ027/OBJ027_072.jpg,images_OBJ027,26,OBJ027_072.jpg
/content/data/IE7615 Deep Learning for AI/images_OBJ069/OBJ069_092.jpg,images_OBJ069,68,OBJ069_092.jpg
/content/data/IE7615 Deep Learning for AI/images_OBJ052/OBJ052_030.jpg,images_OBJ052,51,OBJ052_030.jpg
/content/data/IE7615 Deep Learning for AI/images_OBJ062/OBJ062_039.jpg,images_OBJ062,61,OBJ062_039.jpg
/content/data/IE7615 Deep Learning for AI/images_OBJ049/OBJ049_016.jpg,images_OBJ049,48,OBJ049_016.jpg
/content/data/IE7615 Deep Learning for AI/images_OBJ028/OBJ028_012.jpg,images_OBJ028,27,OBJ028_012.jpg
/content/data/IE7615 Deep Learning for AI/images_OBJ027/OBJ027_082.jpg,images_OBJ027,26,OBJ027_082.jpg
/content/data/IE7615 Deep Learning for AI/images_OBJ063/OBJ063_042.jpg,images_OBJ063,62,OBJ063_042.jpg
/content/data/IE7615 Deep Learning for AI/images_OBJ052/OBJ052_067.jpg,images_OBJ052,51,OBJ052_067.jpg
/content/data/IE7615 Deep Learning for AI/images_OBJ063/OBJ063_093.jpg,images_OBJ063,62,OBJ063_093.jpg
/content/data/IE7615 Deep Learning for AI/images_OBJ049/OBJ049_085.jpg,images_OBJ049,48,OBJ049_085.jpg
/content/data/IE7615 Deep Learning for AI/images_OBJ049/OBJ049_091.jpg,images_OBJ049,48,OBJ049_091.jpg
/content/data/IE7615 Deep Learning for AI/images_OBJ049/OBJ049_095.jpg,images_OBJ049,48,OBJ049_095.jpg
/content/data/IE7615 Deep Learning for AI/images_OBJ038/OBJ038_005.jpg,images_OBJ038,37,OBJ038_005.jpg
/content/data/IE7615 Deep Learning for AI/images_OBJ066/OBJ066_044.jpg,images_OBJ066,65,OBJ066_044.jpg
/content/data/IE7615 Deep Learning for AI/images_OBJ054/OBJ054_093.jpg,images_OBJ054,53,OBJ054_093.jpg
/content/data/IE7615 Deep Learning for AI/images_OBJ072/OBJ072_076.jpg,images_OBJ072,71,OBJ072_076.jpg
/content/data/IE7615 Deep Learning for AI/images_OBJ073/OBJ073_057.jpg,images_OBJ073,72,OBJ073_057.jpg
/content/data/IE7615 Deep Learning for AI/images_OBJ045/OBJ045_095.jpg,images_OBJ045,44,OBJ045_095.jpg
/content/data/IE7615 Deep Learning for AI/images_OBJ015/OBJ015_060.jpg,images_OBJ015,14,OBJ015_060.jpg
/content/data/IE7615 Deep Learning for AI/images_OBJ057/OBJ057_047.jpg,images_OBJ057,56,OBJ057_047.jpg
/content/data/IE7615 Deep Learning for AI/images_OBJ067/OBJ067_0056.jpg,images_OBJ067,66,OBJ067_0056.jpg
/content/data/IE7615 Deep Learning for AI/images_OBJ027/OBJ027_018.jpg,images_OBJ027,26,OBJ027_018.jpg
/content/data/IE7615 Deep Learning for AI/images_OBJ047/OBJ047_052.jpg,images_OBJ047,46,OBJ047_052.jpg
/content/data/IE7615 Deep Learning for AI/images_OBJ067/OBJ067_0074.jpg,images_OBJ067,66,OBJ067_0074.jpg
/content/data/IE7615 Deep Learning for AI/images_OBJ035/OBJ035_079.jpg,images_OBJ035,34,OBJ035_079.jpg
/content/data/IE7615 Deep Learning for AI/images_OBJ022/OBJ022_091.jpeg,images_OBJ022,21,OBJ022_091.jpeg
/content/data/IE7615 Deep Learning for AI/images_OBJ021/OBJ021_014.jpg,images_OBJ021,20,OBJ021_014.jpg
/content/data/IE7615 Deep Learning for AI/images_OBJ041/OBJ041_043.jpg,images_OBJ041,40,OBJ041_043.jpg
/content/data/IE7615 Deep Learning for AI/images_OBJ057/OBJ057_031.jpg,images_OBJ057,56,OBJ057_031.jpg
/content/data/IE7615 Deep Learning for AI/images_OBJ049/OBJ049_037.jpg,images_OBJ049,48,OBJ049_037.jpg
/content/data/IE7615 Deep Learning for AI/images_OBJ001/OBJ001_085.jpg,images_OBJ001,0,OBJ001_085.jpg
/content/data/IE7615 Deep Learning for AI/images_OBJ061/OBJ061_044.jpg,images_OBJ061,60,OBJ061_044.jpg
/content/data/IE7615 Deep Learning for AI/images_OBJ056/OBJ056_017.jpg,images_OBJ056,55,OBJ056_017.jpg
/content/data/IE7615 Deep Learning for AI/images_OBJ055/OBJ055_075.jpg,images_OBJ055,54,OBJ055_075.jpg
/content/data/IE7615 Deep Learning for AI/images_OBJ021/OBJ021_045.jpg,images_OBJ021,20,OBJ021_045.jpg
/content/data/IE7615 Deep Learning for AI/images_OBJ016/OBJ016_019.jpg,images_OBJ016,15,OBJ016_019.jpg
/content/data/IE7615 Deep Learning for AI/images_OBJ070/OBJ070_012.jpg,images_OBJ070,69,OBJ070_012.jpg
/content/data/IE7615 Deep Learning for AI/images_OBJ011/OBJ011_057.jpg,images_OBJ011,10,OBJ011_057.jpg
/content/data/IE7615 Deep Learning for AI/images_OBJ047/OBJ047_093.jpg,images_OBJ047,46,OBJ047_093.jpg
/content/data/IE7615 Deep Learning for AI/images_OBJ042/OBJ042_020.jpg,images_OBJ042,41,OBJ042_020.jpg
/content/data/IE7615 Deep Learning for AI/images_OBJ054/OBJ054_079.jpg,images_OBJ054,53,OBJ054_079.jpg
/content/data/IE7615 Deep Learning for AI/images_OBJ011/OBJ011_067.jpg,images_OBJ011,10,OBJ011_067.jpg
/content/data/IE7615 Deep Learning for AI/images_OBJ067/OBJ067_0058.jpg,images_OBJ067,66,OBJ067_0058.jpg
/content/data/IE7615 Deep Learning for AI/images_OBJ072/OBJ072_024.jpg,images_OBJ072,71,OBJ072_024.jpg
/content/data/IE7615 Deep Learning for AI/images_OBJ033/OBJ033_062.jpg,images_OBJ033,32,OBJ033_062.jpg
/content/data/IE7615 Deep Learning for AI/images_OBJ059/OBJ059_081.jpg,images_OBJ059,58,OBJ059_081.jpg
/content/data/IE7615 Deep Learning for AI/images_OBJ068/OBJ068_037.jpg,images_OBJ068,67,OBJ068_037.jpg
/content/data/IE7615 Deep Learning for AI/images_OBJ014/sunglasses_048.jpeg,images_OBJ014,13,sunglasses_048.jpeg
/content/data/IE7615 Deep Learning for AI/images_OBJ056/OBJ056_085.jpg,images_OBJ056,55,OBJ056_085.jpg
/content/data/IE7615 Deep Learning for AI/images_OBJ008/OBJ008_055.jpg,images_OBJ008,7,OBJ008_055.jpg
/content/data/IE7615 Deep Learning for AI/images_OBJ027/OBJ027_037.jpg,images_OBJ027,26,OBJ027_037.jpg
/content/data/IE7615 Deep Learning for AI/images_OBJ058/OBJ058_061.jpg,images_OBJ058,57,OBJ058_061.jpg
/content/data/IE7615 Deep Learning for AI/images_OBJ002/OBJ002_010.jpg,images_OBJ002,1,OBJ002_010.jpg
/content/data/IE7615 Deep Learning for AI/images_OBJ018/OBJ018_020.jpg,images_OBJ018,17,OBJ018_020.jpg
/content/data/IE7615 Deep Learning for AI/images_OBJ062/OBJ062_059.jpg,images_OBJ062,61,OBJ062_059.jpg
/content/data/IE7615 Deep Learning for AI/images_OBJ060/OBJ060_76.JPG,images_OBJ060,59,OBJ060_76.JPG
/content/data/IE7615 Deep Learning for AI/images_OBJ007/OBJ007_008.jpg,images_OBJ007,6,OBJ007_008.jpg
/content/data/IE7615 Deep Learning for AI/images_OBJ018/OBJ018_049.jpg,images_OBJ018,17,OBJ018_049.jpg
/content/data/IE7615 Deep Learning for AI/images_OBJ013/OBJ013_048.jpg,images_OBJ013,12,OBJ013_048.jpg
/content/data/IE7615 Deep Learning for AI/images_OBJ019/OBJ019_029.jpg,images_OBJ019,18,OBJ019_029.jpg
/content/data/IE7615 Deep Learning for AI/images_OBJ061/OBJ061_081.jpg,images_OBJ061,60,OBJ061_081.jpg
/content/data/IE7615 Deep Learning for AI/images_OBJ051/OBJ051_067.jpg,images_OBJ051,50,OBJ051_067.jpg
/content/data/IE7615 Deep Learning for AI/images_OBJ004/OBJ004_001.jpg,images_OBJ004,3,OBJ004_001.jpg
/content/data/IE7615 Deep Learning for AI/images_OBJ069/OBJ069_040.jpg,images_OBJ069,68,OBJ069_040.jpg
/content/data/IE7615 Deep Learning for AI/images_OBJ022/OBJ022_025.jpeg,images_OBJ022,21,OBJ022_025.jpeg
/content/data/IE7615 Deep Learning for AI/images_OBJ005/OBJ005_011.jpg,images_OBJ005,4,OBJ005_011.jpg
/content/data/IE7615 Deep Learning for AI/images_OBJ045/OBJ045_002.jpg,images_OBJ045,44,OBJ045_002.jpg
/content/data/IE7615 Deep Learning for AI/images_OBJ049/OBJ049_094.jpg,images_OBJ049,48,OBJ049_094.jpg
/content/data/IE7615 Deep Learning for AI/images_OBJ003/OBJ003_087.jpg,images_OBJ003,2,OBJ003_087.jpg
/content/data/IE7615 Deep Learning for AI/images_OBJ043/OBJ043_093.jpg,images_OBJ043,42,OBJ043_093.jpg
/content/data/IE7615 Deep Learning for AI/images_OBJ006/OBJ006_047.jpg,images_OBJ006,5,OBJ006_047.jpg
/content/data/IE7615 Deep Learning for AI/images_OBJ013/OBJ013_053.jpg,images_OBJ013,12,OBJ013_053.jpg
/content/data/IE7615 Deep Learning for AI/images_OBJ050/OBJ050_011.jpg,images_OBJ050,49,OBJ050_011.jpg
/content/data/IE7615 Deep Learning for AI/images_OBJ042/OBJ042_032.jpg,images_OBJ042,41,OBJ042_032.jpg
/content/data/IE7615 Deep Learning for AI/images_OBJ069/OBJ069_051.jpg,images_OBJ069,68,OBJ069_051.jpg
/content/data/IE7615 Deep Learning for AI/images_OBJ038/OBJ038_087.jpg,images_OBJ038,37,OBJ038_087.jpg
/content/data/IE7615 Deep Learning for AI/images_OBJ063/OBJ063_024.jpg,images_OBJ063,62,OBJ063_024.jpg
/content/data/IE7615 Deep Learning for AI/images_OBJ042/OBJ042_073.jpg,images_OBJ042,41,OBJ042_073.jpg
/content/data/IE7615 Deep Learning for AI/images_OBJ021/OBJ021_025.jpg,images_OBJ021,20,OBJ021_025.jpg
/content/data/IE7615 Deep Learning for AI/images_OBJ017/OBJ017_029.jpg,images_OBJ017,16,OBJ017_029.jpg
/content/data/IE7615 Deep Learning for AI/images_OBJ033/OBJ033_069.jpg,images_OBJ033,32,OBJ033_069.jpg
/content/data/IE7615 Deep Learning for AI/images_OBJ002/OBJ002_052.jpg,images_OBJ002,1,OBJ002_052.jpg
/content/data/IE7615 Deep Learning for AI/images_OBJ021/OBJ021_083.jpg,images_OBJ021,20,OBJ021_083.jpg
/content/data/IE7615 Deep Learning for AI/images_OBJ056/OBJ056_026.jpg,images_OBJ056,55,OBJ056_026.jpg
/content/data/IE7615 Deep Learning for AI/images_OBJ033/OBJ033_076.jpg,images_OBJ033,32,OBJ033_076.jpg
/content/data/IE7615 Deep Learning for AI/images_OBJ054/OBJ054_006.jpg,images_OBJ054,53,OBJ054_006.jpg
/content/data/IE7615 Deep Learning for AI/images_OBJ004/OBJ004_050.jpg,images_OBJ004,3,OBJ004_050.jpg
/content/data/IE7615 Deep Learning for AI/images_OBJ067/OBJ067_0024.jpg,images_OBJ067,66,OBJ067_0024.jpg
/content/data/IE7615 Deep Learning for AI/images_OBJ048/OBJ048_029.jpg,images_OBJ048,47,OBJ048_029.jpg
/content/data/IE7615 Deep Learning for AI/images_OBJ031/OBJ031_067.jpg,images_OBJ031,30,OBJ031_067.jpg
/content/data/IE7615 Deep Learning for AI/images_OBJ070/OBJ070_076.jpg,images_OBJ070,69,OBJ070_076.jpg
/content/data/IE7615 Deep Learning for AI/images_OBJ043/OBJ043_007.jpg,images_OBJ043,42,OBJ043_007.jpg
/content/data/IE7615 Deep Learning for AI/images_OBJ038/OBJ038_079.jpg,images_OBJ038,37,OBJ038_079.jpg
/content/data/IE7615 Deep Learning for AI/images_OBJ070/OBJ070_078.jpg,images_OBJ070,69,OBJ070_078.jpg
/content/data/IE7615 Deep Learning for AI/images_OBJ051/OBJ051_068.jpg,images_OBJ051,50,OBJ051_068.jpg
/content/data/IE7615 Deep Learning for AI/images_OBJ003/OBJ003_028.jpg,images_OBJ003,2,OBJ003_028.jpg
/content/data/IE7615 Deep Learning for AI/images_OBJ060/OBJ060_64.JPG,images_OBJ060,59,OBJ060_64.JPG
/content/data/IE7615 Deep Learning for AI/images_OBJ027/OBJ027_093.jpg,images_OBJ027,26,OBJ027_093.jpg
/content/data/IE7615 Deep Learning for AI/images_OBJ010/OBJ010_054.jpg,images_OBJ010,9,OBJ010_054.jpg
/content/data/IE7615 Deep Learning for AI/images_OBJ007/OBJ007_040.jpg,images_OBJ007,6,OBJ007_040.jpg
/content/data/IE7615 Deep Learning for AI/images_OBJ058/OBJ058_029.jpg,images_OBJ058,57,OBJ058_029.jpg
/content/data/IE7615 Deep Learning for AI/images_OBJ030/OBJ030_090.jpg,images_OBJ030,29,OBJ030_090.jpg
/content/data/IE7615 Deep Learning for AI/images_OBJ010/OBJ010_032.jpg,images_OBJ010,9,OBJ010_032.jpg
/content/data/IE7615 Deep Learning for AI/images_OBJ026/OBJ026_009.jpg,images_OBJ026,25,OBJ026_009.jpg
/content/data/IE7615 Deep Learning for AI/images_OBJ010/OBJ010_014.jpg,images_OBJ010,9,OBJ010_014.jpg
/content/data/IE7615 Deep Learning for AI/images_OBJ047/OBJ047_053.jpg,images_OBJ047,46,OBJ047_053.jpg
/content/data/IE7615 Deep Learning for AI/images_OBJ065/OBJ065_075.jpg,images_OBJ065,64,OBJ065_075.jpg
/content/data/IE7615 Deep Learning for AI/images_OBJ073/OBJ073_069.jpg,images_OBJ073,72,OBJ073_069.jpg
/content/data/IE7615 Deep Learning for AI/images_OBJ014/sunglasses_093.jpeg,images_OBJ014,13,sunglasses_093.jpeg
/content/data/IE7615 Deep Learning for AI/images_OBJ053/OBJ053_017.jpg,images_OBJ053,52,OBJ053_017.jpg
/content/data/IE7615 Deep Learning for AI/images_OBJ059/OBJ059_083.jpg,images_OBJ059,58,OBJ059_083.jpg
/content/data/IE7615 Deep Learning for AI/images_OBJ018/OBJ018_068.jpg,images_OBJ018,17,OBJ018_068.jpg
/content/data/IE7615 Deep Learning for AI/images_OBJ001/OBJ001_068.jpg,images_OBJ001,0,OBJ001_068.jpg
/content/data/IE7615 Deep Learning for AI/images_OBJ055/OBJ055_021.jpg,images_OBJ055,54,OBJ055_021.jpg
/content/data/IE7615 Deep Learning for AI/images_OBJ043/OBJ043_045.jpg,images_OBJ043,42,OBJ043_045.jpg
/content/data/IE7615 Deep Learning for AI/images_OBJ030/OBJ030_086.jpg,images_OBJ030,29,OBJ030_086.jpg
/content/data/IE7615 Deep Learning for AI/images_OBJ054/OBJ054_005.jpg,images_OBJ054,53,OBJ054_005.jpg
/content/data/IE7615 Deep Learning for AI/images_OBJ033/OBJ033_088.jpg,images_OBJ033,32,OBJ033_088.jpg
/content/data/IE7615 Deep Learning for AI/images_OBJ023/OBJ023_030.JPG,images_OBJ023,22,OBJ023_030.JPG
/content/data/IE7615 Deep Learning for AI/images_OBJ039/OBJ039_016.jpg,images_OBJ039,38,OBJ039_016.jpg
/content/data/IE7615 Deep Learning for AI/images_OBJ038/OBJ038_062.jpg,images_OBJ038,37,OBJ038_062.jpg
/content/data/IE7615 Deep Learning for AI/images_OBJ052/OBJ052_085.jpg,images_OBJ052,51,OBJ052_085.jpg
/content/data/IE7615 Deep Learning for AI/images_OBJ032/OBJ032_048.jpg,images_OBJ032,31,OBJ032_048.jpg
/content/data/IE7615 Deep Learning for AI/images_OBJ064/OBJ064_068.jpg,images_OBJ064,63,OBJ064_068.jpg
/content/data/IE7615 Deep Learning for AI/images_OBJ025/OBJ025_013.jpg,images_OBJ025,24,OBJ025_013.jpg
/content/data/IE7615 Deep Learning for AI/images_OBJ012/OBJ012_071.jpg,images_OBJ012,11,OBJ012_071.jpg
/content/data/IE7615 Deep Learning for AI/images_OBJ011/OBJ011_073.jpg,images_OBJ011,10,OBJ011_073.jpg
/content/data/IE7615 Deep Learning for AI/images_OBJ021/OBJ021_094.jpg,images_OBJ021,20,OBJ021_094.jpg
/content/data/IE7615 Deep Learning for AI/images_OBJ070/OBJ070_092.jpg,images_OBJ070,69,OBJ070_092.jpg
/content/data/IE7615 Deep Learning for AI/images_OBJ042/OBJ042_061.jpg,images_OBJ042,41,OBJ042_061.jpg
/content/data/IE7615 Deep Learning for AI/images_OBJ001/OBJ001_084.jpg,images_OBJ001,0,OBJ001_084.jpg
/content/data/IE7615 Deep Learning for AI/images_OBJ054/OBJ054_018.jpg,images_OBJ054,53,OBJ054_018.jpg
/content/data/IE7615 Deep Learning for AI/images_OBJ068/OBJ068_048.jpg,images_OBJ068,67,OBJ068_048.jpg
/content/data/IE7615 Deep Learning for AI/images_OBJ045/OBJ045_006.jpg,images_OBJ045,44,OBJ045_006.jpg
/content/data/IE7615 Deep Learning for AI/images_OBJ066/OBJ066_004.jpg,images_OBJ066,65,OBJ066_004.jpg
/content/data/IE7615 Deep Learning for AI/images_OBJ064/OBJ064_070.jpg,images_OBJ064,63,OBJ064_070.jpg
/content/data/IE7615 Deep Learning for AI/images_OBJ018/OBJ018_060.jpg,images_OBJ018,17,OBJ018_060.jpg
/content/data/IE7615 Deep Learning for AI/images_OBJ036/OBJ036_048.jpg,images_OBJ036,35,OBJ036_048.jpg
/content/data/IE7615 Deep Learning for AI/images_OBJ018/OBJ018_038.jpg,images_OBJ018,17,OBJ018_038.jpg
/content/data/IE7615 Deep Learning for AI/images_OBJ005/OBJ005_014.jpg,images_OBJ005,4,OBJ005_014.jpg
/content/data/IE7615 Deep Learning for AI/images_OBJ037/OBJ037_082.jpg,images_OBJ037,36,OBJ037_082.jpg
/content/data/IE7615 Deep Learning for AI/images_OBJ001/OBJ001_007.jpg,images_OBJ001,0,OBJ001_007.jpg
/content/data/IE7615 Deep Learning for AI/images_OBJ053/OBJ053_001.jpg,images_OBJ053,52,OBJ053_001.jpg
/content/data/IE7615 Deep Learning for AI/images_OBJ029/OBJ029_079.jpg,images_OBJ029,28,OBJ029_079.jpg
/content/data/IE7615 Deep Learning for AI/images_OBJ032/OBJ032_080.jpg,images_OBJ032,31,OBJ032_080.jpg
/content/data/IE7615 Deep Learning for AI/images_OBJ028/OBJ028_075.jpg,images_OBJ028,27,OBJ028_075.jpg
/content/data/IE7615 Deep Learning for AI/images_OBJ001/OBJ001_027.jpg,images_OBJ001,0,OBJ001_027.jpg
/content/data/IE7615 Deep Learning for AI/images_OBJ010/OBJ010_019.jpg,images_OBJ010,9,OBJ010_019.jpg
/content/data/IE7615 Deep Learning for AI/images_OBJ029/OBJ029_090.jpg,images_OBJ029,28,OBJ029_090.jpg
/content/data/IE7615 Deep Learning for AI/images_OBJ048/OBJ048_049.jpg,images_OBJ048,47,OBJ048_049.jpg
/content/data/IE7615 Deep Learning for AI/images_OBJ041/OBJ041_032.jpg,images_OBJ041,40,OBJ041_032.jpg
/content/data/IE7615 Deep Learning for AI/images_OBJ015/OBJ015_053.jpg,images_OBJ015,14,OBJ015_053.jpg
/content/data/IE7615 Deep Learning for AI/images_OBJ026/OBJ026_037.jpg,images_OBJ026,25,OBJ026_037.jpg
/content/data/IE7615 Deep Learning for AI/images_OBJ025/OBJ025_055.jpg,images_OBJ025,24,OBJ025_055.jpg
/content/data/IE7615 Deep Learning for AI/images_OBJ015/OBJ015_044.jpg,images_OBJ015,14,OBJ015_044.jpg
/content/data/IE7615 Deep Learning for AI/images_OBJ072/OBJ072_038.jpg,images_OBJ072,71,OBJ072_038.jpg
/content/data/IE7615 Deep Learning for AI/images_OBJ052/OBJ052_028.jpg,images_OBJ052,51,OBJ052_028.jpg
/content/data/IE7615 Deep Learning for AI/images_OBJ054/OBJ054_072.jpg,images_OBJ054,53,OBJ054_072.jpg
/content/data/IE7615 Deep Learning for AI/images_OBJ009/OBJ009_086.jpg,images_OBJ009,8,OBJ009_086.jpg
/content/data/IE7615 Deep Learning for AI/images_OBJ055/OBJ055_066.jpg,images_OBJ055,54,OBJ055_066.jpg
/content/data/IE7615 Deep Learning for AI/images_OBJ062/OBJ062_070.jpg,images_OBJ062,61,OBJ062_070.jpg
/content/data/IE7615 Deep Learning for AI/images_OBJ023/OBJ023_004.JPG,images_OBJ023,22,OBJ023_004.JPG
/content/data/IE7615 Deep Learning for AI/images_OBJ009/OBJ009_085.jpg,images_OBJ009,8,OBJ009_085.jpg
/content/data/IE7615 Deep Learning for AI/images_OBJ047/OBJ047_092.jpg,images_OBJ047,46,OBJ047_092.jpg
/content/data/IE7615 Deep Learning for AI/images_OBJ028/OBJ028_049.jpg,images_OBJ028,27,OBJ028_049.jpg
/content/data/IE7615 Deep Learning for AI/images_OBJ023/OBJ023_018.jpg,images_OBJ023,22,OBJ023_018.jpg
/content/data/IE7615 Deep Learning for AI/images_OBJ066/OBJ066_064.jpg,images_OBJ066,65,OBJ066_064.jpg
/content/data/IE7615 Deep Learning for AI/images_OBJ067/OBJ067_0005.jpg,images_OBJ067,66,OBJ067_0005.jpg
/content/data/IE7615 Deep Learning for AI/images_OBJ052/OBJ052_047.jpg,images_OBJ052,51,OBJ052_047.jpg
/content/data/IE7615 Deep Learning for AI/images_OBJ047/OBJ047_046.jpg,images_OBJ047,46,OBJ047_046.jpg
/content/data/IE7615 Deep Learning for AI/images_OBJ070/OBJ070_046.jpg,images_OBJ070,69,OBJ070_046.jpg
/content/data/IE7615 Deep Learning for AI/images_OBJ020/OBJ020_055.jpg,images_OBJ020,19,OBJ020_055.jpg
/content/data/IE7615 Deep Learning for AI/images_OBJ071/OBJ071_087.jpg,images_OBJ071,70,OBJ071_087.jpg
/content/data/IE7615 Deep Learning for AI/images_OBJ015/OBJ015_027.jpg,images_OBJ015,14,OBJ015_027.jpg
/content/data/IE7615 Deep Learning for AI/images_OBJ048/OBJ048_089.jpg,images_OBJ048,47,OBJ048_089.jpg
/content/data/IE7615 Deep Learning for AI/images_OBJ016/OBJ016_057.jpg,images_OBJ016,15,OBJ016_057.jpg
/content/data/IE7615 Deep Learning for AI/images_OBJ053/OBJ053_031.jpg,images_OBJ053,52,OBJ053_031.jpg
/content/data/IE7615 Deep Learning for AI/images_OBJ020/OBJ020_027.jpg,images_OBJ020,19,OBJ020_027.jpg
/content/data/IE7615 Deep Learning for AI/images_OBJ025/OBJ025_036.jpg,images_OBJ025,24,OBJ025_036.jpg
/content/data/IE7615 Deep Learning for AI/images_OBJ016/OBJ016_058.jpg,images_OBJ016,15,OBJ016_058.jpg
/content/data/IE7615 Deep Learning for AI/images_OBJ036/OBJ036_007.jpg,images_OBJ036,35,OBJ036_007.jpg
/content/data/IE7615 Deep Learning for AI/images_OBJ019/OBJ019_073.jpg,images_OBJ019,18,OBJ019_073.jpg
/content/data/IE7615 Deep Learning for AI/images_OBJ010/OBJ010_047.jpg,images_OBJ010,9,OBJ010_047.jpg
/content/data/IE7615 Deep Learning for AI/images_OBJ010/OBJ010_064.jpg,images_OBJ010,9,OBJ010_064.jpg
/content/data/IE7615 Deep Learning for AI/images_OBJ012/OBJ012_020.jpg,images_OBJ012,11,OBJ012_020.jpg
/content/data/IE7615 Deep Learning for AI/images_OBJ053/OBJ053_007.jpg,images_OBJ053,52,OBJ053_007.jpg
/content/data/IE7615 Deep Learning for AI/images_OBJ033/OBJ033_002.jpg,images_OBJ033,32,OBJ033_002.jpg
/content/data/IE7615 Deep Learning for AI/images_OBJ036/OBJ036_049.jpg,images_OBJ036,35,OBJ036_049.jpg
/content/data/IE7615 Deep Learning for AI/images_OBJ062/OBJ062_051.jpg,images_OBJ062,61,OBJ062_051.jpg
/content/data/IE7615 Deep Learning for AI/images_OBJ014/sunglasses_089.jpeg,images_OBJ014,13,sunglasses_089.jpeg
/content/data/IE7615 Deep Learning for AI/images_OBJ003/OBJ003_064.jpg,images_OBJ003,2,OBJ003_064.jpg
/content/data/IE7615 Deep Learning for AI/images_OBJ071/OBJ071_021.jpg,images_OBJ071,70,OBJ071_021.jpg
/content/data/IE7615 Deep Learning for AI/images_OBJ072/OBJ072_084.jpg,images_OBJ072,71,OBJ072_084.jpg
/content/data/IE7615 Deep Learning for AI/images_OBJ044/OBJ044_062.jpg,images_OBJ044,43,OBJ044_062.jpg
/content/data/IE7615 Deep Learning for AI/images_OBJ004/OBJ004_083.jpg,images_OBJ004,3,OBJ004_083.jpg
/content/data/IE7615 Deep Learning for AI/images_OBJ037/OBJ037_036.jpg,images_OBJ037,36,OBJ037_036.jpg
/content/data/IE7615 Deep Learning for AI/images_OBJ027/OBJ027_046.jpg,images_OBJ027,26,OBJ027_046.jpg
/content/data/IE7615 Deep Learning for AI/images_OBJ071/OBJ071_074.jpg,images_OBJ071,70,OBJ071_074.jpg
/content/data/IE7615 Deep Learning for AI/images_OBJ046/OBJ046_095.jpg,images_OBJ046,45,OBJ046_095.jpg
/content/data/IE7615 Deep Learning for AI/images_OBJ071/OBJ071_005.jpg,images_OBJ071,70,OBJ071_005.jpg
/content/data/IE7615 Deep Learning for AI/images_OBJ047/OBJ047_024.jpg,images_OBJ047,46,OBJ047_024.jpg
/content/data/IE7615 Deep Learning for AI/images_OBJ002/OBJ002_015.jpg,images_OBJ002,1,OBJ002_015.jpg
/content/data/IE7615 Deep Learning for AI/images_OBJ067/OBJ067_0084.jpg,images_OBJ067,66,OBJ067_0084.jpg
/content/data/IE7615 Deep Learning for AI/images_OBJ004/OBJ004_029.jpg,images_OBJ004,3,OBJ004_029.jpg
/content/data/IE7615 Deep Learning for AI/images_OBJ013/OBJ013_023.jpg,images_OBJ013,12,OBJ013_023.jpg
/content/data/IE7615 Deep Learning for AI/images_OBJ071/OBJ071_063.jpg,images_OBJ071,70,OBJ071_063.jpg
/content/data/IE7615 Deep Learning for AI/images_OBJ027/OBJ027_009.jpg,images_OBJ027,26,OBJ027_009.jpg
/content/data/IE7615 Deep Learning for AI/images_OBJ036/OBJ036_065.jpg,images_OBJ036,35,OBJ036_065.jpg
/content/data/IE7615 Deep Learning for AI/images_OBJ002/OBJ002_035.jpg,images_OBJ002,1,OBJ002_035.jpg
/content/data/IE7615 Deep Learning for AI/images_OBJ035/OBJ035_081.jpg,images_OBJ035,34,OBJ035_081.jpg
/content/data/IE7615 Deep Learning for AI/images_OBJ013/OBJ013_079.jpg,images_OBJ013,12,OBJ013_079.jpg
/content/data/IE7615 Deep Learning for AI/images_OBJ057/OBJ057_007.jpg,images_OBJ057,56,OBJ057_007.jpg
/content/data/IE7615 Deep Learning for AI/images_OBJ011/OBJ011_050.jpg,images_OBJ011,10,OBJ011_050.jpg
/content/data/IE7615 Deep Learning for AI/images_OBJ017/OBJ017_003.jpg,images_OBJ017,16,OBJ017_003.jpg
/content/data/IE7615 Deep Learning for AI/images_OBJ051/OBJ051_039.jpg,images_OBJ051,50,OBJ051_039.jpg
/content/data/IE7615 Deep Learning for AI/images_OBJ048/OBJ048_074.jpg,images_OBJ048,47,OBJ048_074.jpg
/content/data/IE7615 Deep Learning for AI/images_OBJ031/OBJ031_053.jpg,images_OBJ031,30,OBJ031_053.jpg
/content/data/IE7615 Deep Learning for AI/images_OBJ029/OBJ029_023.jpg,images_OBJ029,28,OBJ029_023.jpg
/content/data/IE7615 Deep Learning for AI/images_OBJ008/OBJ008_052.jpg,images_OBJ008,7,OBJ008_052.jpg
/content/data/IE7615 Deep Learning for AI/images_OBJ026/OBJ026_079.jpg,images_OBJ026,25,OBJ026_079.jpg
/content/data/IE7615 Deep Learning for AI/images_OBJ040/OBJ040_064.JPG,images_OBJ040,39,OBJ040_064.JPG
/content/data/IE7615 Deep Learning for AI/images_OBJ023/OBJ023_049.JPG,images_OBJ023,22,OBJ023_049.JPG
/content/data/IE7615 Deep Learning for AI/images_OBJ072/OBJ072_092.jpg,images_OBJ072,71,OBJ072_092.jpg
/content/data/IE7615 Deep Learning for AI/images_OBJ046/OBJ046_026.jpg,images_OBJ046,45,OBJ046_026.jpg
/content/data/IE7615 Deep Learning for AI/images_OBJ001/OBJ001_052.jpg,images_OBJ001,0,OBJ001_052.jpg
/content/data/IE7615 Deep Learning for AI/images_OBJ044/OBJ044_004.jpg,images_OBJ044,43,OBJ044_004.jpg
/content/data/IE7615 Deep Learning for AI/images_OBJ044/OBJ044_048.jpg,images_OBJ044,43,OBJ044_048.jpg
/content/data/IE7615 Deep Learning for AI/images_OBJ069/OBJ069_019.jpg,images_OBJ069,68,OBJ069_019.jpg
/content/data/IE7615 Deep Learning for AI/images_OBJ039/OBJ039_089.jpg,images_OBJ039,38,OBJ039_089.jpg
/content/data/IE7615 Deep Learning for AI/images_OBJ022/OBJ022_064.jpeg,images_OBJ022,21,OBJ022_064.jpeg
/content/data/IE7615 Deep Learning for AI/images_OBJ019/OBJ019_084.jpg,images_OBJ019,18,OBJ019_084.jpg
/content/data/IE7615 Deep Learning for AI/images_OBJ003/OBJ003_055.jpg,images_OBJ003,2,OBJ003_055.jpg
/content/data/IE7615 Deep Learning for AI/images_OBJ061/OBJ061_024.jpg,images_OBJ061,60,OBJ061_024.jpg
/content/data/IE7615 Deep Learning for AI/images_OBJ038/OBJ038_076.jpg,images_OBJ038,37,OBJ038_076.jpg
/content/data/IE7615 Deep Learning for AI/images_OBJ062/OBJ062_081.jpg,images_OBJ062,61,OBJ062_081.jpg
/content/data/IE7615 Deep Learning for AI/images_OBJ020/OBJ020_078.jpg,images_OBJ020,19,OBJ020_078.jpg
/content/data/IE7615 Deep Learning for AI/images_OBJ038/OBJ038_015.jpg,images_OBJ038,37,OBJ038_015.jpg
/content/data/IE7615 Deep Learning for AI/images_OBJ064/OBJ064_077.jpg,images_OBJ064,63,OBJ064_077.jpg
/content/data/IE7615 Deep Learning for AI/images_OBJ070/OBJ070_006.jpg,images_OBJ070,69,OBJ070_006.jpg
/content/data/IE7615 Deep Learning for AI/images_OBJ061/OBJ061_062.jpg,images_OBJ061,60,OBJ061_062.jpg
/content/data/IE7615 Deep Learning for AI/images_OBJ043/OBJ043_083.jpg,images_OBJ043,42,OBJ043_083.jpg
/content/data/IE7615 Deep Learning for AI/images_OBJ045/OBJ045_067.jpg,images_OBJ045,44,OBJ045_067.jpg
/content/data/IE7615 Deep Learning for AI/images_OBJ033/OBJ033_050.jpg,images_OBJ033,32,OBJ033_050.jpg
/content/data/IE7615 Deep Learning for AI/images_OBJ006/OBJ006_007.jpg,images_OBJ006,5,OBJ006_007.jpg
/content/data/IE7615 Deep Learning for AI/images_OBJ042/OBJ042_071.jpg,images_OBJ042,41,OBJ042_071.jpg
/content/data/IE7615 Deep Learning for AI/images_OBJ018/OBJ018_053.jpg,images_OBJ018,17,OBJ018_053.jpg
/content/data/IE7615 Deep Learning for AI/images_OBJ072/OBJ072_042.jpg,images_OBJ072,71,OBJ072_042.jpg
/content/data/IE7615 Deep Learning for AI/images_OBJ055/OBJ055_008.jpg,images_OBJ055,54,OBJ055_008.jpg
/content/data/IE7615 Deep Learning for AI/images_OBJ026/OBJ026_064.jpg,images_OBJ026,25,OBJ026_064.jpg
/content/data/IE7615 Deep Learning for AI/images_OBJ036/OBJ036_005.jpg,images_OBJ036,35,OBJ036_005.jpg
/content/data/IE7615 Deep Learning for AI/images_OBJ019/OBJ019_094.jpg,images_OBJ019,18,OBJ019_094.jpg
/content/data/IE7615 Deep Learning for AI/images_OBJ061/OBJ061_066.jpg,images_OBJ061,60,OBJ061_066.jpg
/content/data/IE7615 Deep Learning for AI/images_OBJ069/OBJ069_034.jpg,images_OBJ069,68,OBJ069_034.jpg
/content/data/IE7615 Deep Learning for AI/images_OBJ050/OBJ050_043.jpg,images_OBJ050,49,OBJ050_043.jpg
/content/data/IE7615 Deep Learning for AI/images_OBJ015/OBJ015_086.jpg,images_OBJ015,14,OBJ015_086.jpg
/content/data/IE7615 Deep Learning for AI/images_OBJ048/OBJ048_075.jpg,images_OBJ048,47,OBJ048_075.jpg
/content/data/IE7615 Deep Learning for AI/images_OBJ052/OBJ052_038.jpg,images_OBJ052,51,OBJ052_038.jpg
/content/data/IE7615 Deep Learning for AI/images_OBJ044/OBJ044_020.jpg,images_OBJ044,43,OBJ044_020.jpg
/content/data/IE7615 Deep Learning for AI/images_OBJ033/OBJ033_048.jpg,images_OBJ033,32,OBJ033_048.jpg
/content/data/IE7615 Deep Learning for AI/images_OBJ050/OBJ050_064.jpg,images_OBJ050,49,OBJ050_064.jpg
/content/data/IE7615 Deep Learning for AI/images_OBJ011/OBJ011_083.jpg,images_OBJ011,10,OBJ011_083.jpg
/content/data/IE7615 Deep Learning for AI/images_OBJ048/OBJ048_013.jpg,images_OBJ048,47,OBJ048_013.jpg
/content/data/IE7615 Deep Learning for AI/images_OBJ049/OBJ049_026.jpg,images_OBJ049,48,OBJ049_026.jpg
/content/data/IE7615 Deep Learning for AI/images_OBJ011/OBJ011_063.jpg,images_OBJ011,10,OBJ011_063.jpg
/content/data/IE7615 Deep Learning for AI/images_OBJ056/OBJ056_078.jpg,images_OBJ056,55,OBJ056_078.jpg
/content/data/IE7615 Deep Learning for AI/images_OBJ034/OBJ034_051.jpg,images_OBJ034,33,OBJ034_051.jpg
/content/data/IE7615 Deep Learning for AI/images_OBJ008/OBJ008_060.jpg,images_OBJ008,7,OBJ008_060.jpg
/content/data/IE7615 Deep Learning for AI/images_OBJ043/OBJ043_032.jpg,images_OBJ043,42,OBJ043_032.jpg
/content/data/IE7615 Deep Learning for AI/images_OBJ047/OBJ047_075.jpg,images_OBJ047,46,OBJ047_075.jpg
/content/data/IE7615 Deep Learning for AI/images_OBJ026/OBJ026_065.jpg,images_OBJ026,25,OBJ026_065.jpg
/content/data/IE7615 Deep Learning for AI/images_OBJ064/OBJ064_017.jpg,images_OBJ064,63,OBJ064_017.jpg
/content/data/IE7615 Deep Learning for AI/images_OBJ068/OBJ068_092.jpg,images_OBJ068,67,OBJ068_092.jpg
/content/data/IE7615 Deep Learning for AI/images_OBJ041/OBJ041_091.jpg,images_OBJ041,40,OBJ041_091.jpg
/content/data/IE7615 Deep Learning for AI/images_OBJ028/OBJ028_090.jpg,images_OBJ028,27,OBJ028_090.jpg
/content/data/IE7615 Deep Learning for AI/images_OBJ028/OBJ028_034.jpg,images_OBJ028,27,OBJ028_034.jpg
/content/data/IE7615 Deep Learning for AI/images_OBJ018/OBJ018_005.jpg,images_OBJ018,17,OBJ018_005.jpg
/content/data/IE7615 Deep Learning for AI/images_OBJ003/OBJ003_076.jpg,images_OBJ003,2,OBJ003_076.jpg
/content/data/IE7615 Deep Learning for AI/images_OBJ041/OBJ041_015.jpg,images_OBJ041,40,OBJ041_015.jpg
/content/data/IE7615 Deep Learning for AI/images_OBJ067/OBJ067_0027.jpg,images_OBJ067,66,OBJ067_0027.jpg
/content/data/IE7615 Deep Learning for AI/images_OBJ037/OBJ037_076.jpg,images_OBJ037,36,OBJ037_076.jpg
/content/data/IE7615 Deep Learning for AI/images_OBJ024/OBJ024_040.jpg,images_OBJ024,23,OBJ024_040.jpg
/content/data/IE7615 Deep Learning for AI/images_OBJ047/OBJ047_023.jpg,images_OBJ047,46,OBJ047_023.jpg
/content/data/IE7615 Deep Learning for AI/images_OBJ064/OBJ064_073.jpg,images_OBJ064,63,OBJ064_073.jpg
/content/data/IE7615 Deep Learning for AI/images_OBJ030/OBJ030_069.jpg,images_OBJ030,29,OBJ030_069.jpg
/content/data/IE7615 Deep Learning for AI/images_OBJ018/OBJ018_041.jpg,images_OBJ018,17,OBJ018_041.jpg
/content/data/IE7615 Deep Learning for AI/images_OBJ069/OBJ069_011.jpg,images_OBJ069,68,OBJ069_011.jpg
/content/data/IE7615 Deep Learning for AI/images_OBJ061/OBJ061_086.jpg,images_OBJ061,60,OBJ061_086.jpg
/content/data/IE7615 Deep Learning for AI/images_OBJ058/OBJ058_050.jpg,images_OBJ058,57,OBJ058_050.jpg
/content/data/IE7615 Deep Learning for AI/images_OBJ012/OBJ012_025.jpg,images_OBJ012,11,OBJ012_025.jpg
/content/data/IE7615 Deep Learning for AI/images_OBJ036/OBJ036_086.jpg,images_OBJ036,35,OBJ036_086.jpg
/content/data/IE7615 Deep Learning for AI/images_OBJ038/OBJ038_093.jpg,images_OBJ038,37,OBJ038_093.jpg
/content/data/IE7615 Deep Learning for AI/images_OBJ050/OBJ050_086.jpg,images_OBJ050,49,OBJ050_086.jpg
/content/data/IE7615 Deep Learning for AI/images_OBJ065/OBJ065_017.jpg,images_OBJ065,64,OBJ065_017.jpg
/content/data/IE7615 Deep Learning for AI/images_OBJ031/OBJ031_005.jpg,images_OBJ031,30,OBJ031_005.jpg
/content/data/IE7615 Deep Learning for AI/images_OBJ068/OBJ068_023.jpg,images_OBJ068,67,OBJ068_023.jpg
/content/data/IE7615 Deep Learning for AI/images_OBJ021/OBJ021_007.jpg,images_OBJ021,20,OBJ021_007.jpg
/content/data/IE7615 Deep Learning for AI/images_OBJ049/OBJ049_051.jpg,images_OBJ049,48,OBJ049_051.jpg
/content/data/IE7615 Deep Learning for AI/images_OBJ064/OBJ064_087.jpg,images_OBJ064,63,OBJ064_087.jpg
/content/data/IE7615 Deep Learning for AI/images_OBJ007/OBJ007_063.jpg,images_OBJ007,6,OBJ007_063.jpg
/content/data/IE7615 Deep Learning for AI/images_OBJ009/OBJ009_007.jpg,images_OBJ009,8,OBJ009_007.jpg
/content/data/IE7615 Deep Learning for AI/images_OBJ027/OBJ027_065.jpg,images_OBJ027,26,OBJ027_065.jpg
/content/data/IE7615 Deep Learning for AI/images_OBJ031/OBJ031_020.jpg,images_OBJ031,30,OBJ031_020.jpg
/content/data/IE7615 Deep Learning for AI/images_OBJ064/OBJ064_049.jpg,images_OBJ064,63,OBJ064_049.jpg
/content/data/IE7615 Deep Learning for AI/images_OBJ024/OBJ024_048.jpg,images_OBJ024,23,OBJ024_048.jpg
/content/data/IE7615 Deep Learning for AI/images_OBJ006/OBJ006_032.jpg,images_OBJ006,5,OBJ006_032.jpg
/content/data/IE7615 Deep Learning for AI/images_OBJ046/OBJ046_018.jpg,images_OBJ046,45,OBJ046_018.jpg
/content/data/IE7615 Deep Learning for AI/images_OBJ025/OBJ025_039.jpg,images_OBJ025,24,OBJ025_039.jpg
/content/data/IE7615 Deep Learning for AI/images_OBJ001/OBJ001_028.jpg,images_OBJ001,0,OBJ001_028.jpg
/content/data/IE7615 Deep Learning for AI/images_OBJ065/OBJ065_019.jpg,images_OBJ065,64,OBJ065_019.jpg
/content/data/IE7615 Deep Learning for AI/images_OBJ062/OBJ062_030.jpg,images_OBJ062,61,OBJ062_030.jpg
/content/data/IE7615 Deep Learning for AI/images_OBJ035/OBJ035_064.jpg,images_OBJ035,34,OBJ035_064.jpg
/content/data/IE7615 Deep Learning for AI/images_OBJ047/OBJ047_039.jpg,images_OBJ047,46,OBJ047_039.jpg
/content/data/IE7615 Deep Learning for AI/images_OBJ072/OBJ072_033.jpg,images_OBJ072,71,OBJ072_033.jpg
/content/data/IE7615 Deep Learning for AI/images_OBJ017/OBJ017_008.jpg,images_OBJ017,16,OBJ017_008.jpg
/content/data/IE7615 Deep Learning for AI/images_OBJ073/OBJ073_018.jpg,images_OBJ073,72,OBJ073_018.jpg
/content/data/IE7615 Deep Learning for AI/images_OBJ049/OBJ049_083.jpg,images_OBJ049,48,OBJ049_083.jpg
/content/data/IE7615 Deep Learning for AI/images_OBJ073/OBJ073_035.jpg,images_OBJ073,72,OBJ073_035.jpg
/content/data/IE7615 Deep Learning for AI/images_OBJ042/OBJ042_025.jpg,images_OBJ042,41,OBJ042_025.jpg
/content/data/IE7615 Deep Learning for AI/images_OBJ040/OBJ040_075.JPG,images_OBJ040,39,OBJ040_075.JPG
/content/data/IE7615 Deep Learning for AI/images_OBJ014/sunglasses_050.jpeg,images_OBJ014,13,sunglasses_050.jpeg
/content/data/IE7615 Deep Learning for AI/images_OBJ008/OBJ008_014.jpg,images_OBJ008,7,OBJ008_014.jpg
/content/data/IE7615 Deep Learning for AI/images_OBJ023/OBJ023_080.JPG,images_OBJ023,22,OBJ023_080.JPG
/content/data/IE7615 Deep Learning for AI/images_OBJ025/OBJ025_017.jpg,images_OBJ025,24,OBJ025_017.jpg
/content/data/IE7615 Deep Learning for AI/images_OBJ064/OBJ064_024.jpg,images_OBJ064,63,OBJ064_024.jpg
/content/data/IE7615 Deep Learning for AI/images_OBJ036/OBJ036_034.jpg,images_OBJ036,35,OBJ036_034.jpg
/content/data/IE7615 Deep Learning for AI/images_OBJ033/OBJ033_025.jpg,images_OBJ033,32,OBJ033_025.jpg
/content/data/IE7615 Deep Learning for AI/images_OBJ015/OBJ015_031.jpg,images_OBJ015,14,OBJ015_031.jpg
/content/data/IE7615 Deep Learning for AI/images_OBJ028/OBJ028_006.jpg,images_OBJ028,27,OBJ028_006.jpg
/content/data/IE7615 Deep Learning for AI/images_OBJ061/OBJ061_091.jpg,images_OBJ061,60,OBJ061_091.jpg
/content/data/IE7615 Deep Learning for AI/images_OBJ023/OBJ023_017.jpg,images_OBJ023,22,OBJ023_017.jpg
/content/data/IE7615 Deep Learning for AI/images_OBJ041/OBJ041_020.jpg,images_OBJ041,40,OBJ041_020.jpg
/content/data/IE7615 Deep Learning for AI/images_OBJ009/OBJ009_043.jpg,images_OBJ009,8,OBJ009_043.jpg
/content/data/IE7615 Deep Learning for AI/images_OBJ012/OBJ012_018.jpg,images_OBJ012,11,OBJ012_018.jpg
/content/data/IE7615 Deep Learning for AI/images_OBJ051/OBJ051_078.jpg,images_OBJ051,50,OBJ051_078.jpg
/content/data/IE7615 Deep Learning for AI/images_OBJ018/OBJ018_084.jpg,images_OBJ018,17,OBJ018_084.jpg
/content/data/IE7615 Deep Learning for AI/images_OBJ023/OBJ023_040.JPG,images_OBJ023,22,OBJ023_040.JPG
/content/data/IE7615 Deep Learning for AI/images_OBJ055/OBJ055_051.jpg,images_OBJ055,54,OBJ055_051.jpg
/content/data/IE7615 Deep Learning for AI/images_OBJ039/OBJ039_061.jpg,images_OBJ039,38,OBJ039_061.jpg
/content/data/IE7615 Deep Learning for AI/images_OBJ040/OBJ040_062.JPG,images_OBJ040,39,OBJ040_062.JPG
/content/data/IE7615 Deep Learning for AI/images_OBJ020/OBJ020_068.jpg,images_OBJ020,19,OBJ020_068.jpg
/content/data/IE7615 Deep Learning for AI/images_OBJ036/OBJ036_056.jpg,images_OBJ036,35,OBJ036_056.jpg
/content/data/IE7615 Deep Learning for AI/images_OBJ057/OBJ057_053.jpg,images_OBJ057,56,OBJ057_053.jpg
/content/data/IE7615 Deep Learning for AI/images_OBJ070/OBJ070_058.jpg,images_OBJ070,69,OBJ070_058.jpg
/content/data/IE7615 Deep Learning for AI/images_OBJ038/OBJ038_058.jpg,images_OBJ038,37,OBJ038_058.jpg
/content/data/IE7615 Deep Learning for AI/images_OBJ069/OBJ069_055.jpg,images_OBJ069,68,OBJ069_055.jpg
/content/data/IE7615 Deep Learning for AI/images_OBJ033/OBJ033_060.jpg,images_OBJ033,32,OBJ033_060.jpg
/content/data/IE7615 Deep Learning for AI/images_OBJ063/OBJ063_050.jpg,images_OBJ063,62,OBJ063_050.jpg
/content/data/IE7615 Deep Learning for AI/images_OBJ057/OBJ057_079.jpg,images_OBJ057,56,OBJ057_079.jpg
/content/data/IE7615 Deep Learning for AI/images_OBJ028/OBJ028_089.jpg,images_OBJ028,27,OBJ028_089.jpg
/content/data/IE7615 Deep Learning for AI/images_OBJ005/OBJ005_044.jpg,images_OBJ005,4,OBJ005_044.jpg
/content/data/IE7615 Deep Learning for AI/images_OBJ048/OBJ048_006.jpg,images_OBJ048,47,OBJ048_006.jpg
/content/data/IE7615 Deep Learning for AI/images_OBJ044/OBJ044_075.jpg,images_OBJ044,43,OBJ044_075.jpg
/content/data/IE7615 Deep Learning for AI/images_OBJ039/OBJ039_042.jpg,images_OBJ039,38,OBJ039_042.jpg
/content/data/IE7615 Deep Learning for AI/images_OBJ067/OBJ067_0007.jpg,images_OBJ067,66,OBJ067_0007.jpg
/content/data/IE7615 Deep Learning for AI/images_OBJ013/OBJ013_019.jpg,images_OBJ013,12,OBJ013_019.jpg
/content/data/IE7615 Deep Learning for AI/images_OBJ040/OBJ040_078.JPG,images_OBJ040,39,OBJ040_078.JPG
/content/data/IE7615 Deep Learning for AI/images_OBJ057/OBJ057_073.jpg,images_OBJ057,56,OBJ057_073.jpg
/content/data/IE7615 Deep Learning for AI/images_OBJ041/OBJ041_066.jpg,images_OBJ041,40,OBJ041_066.jpg
/content/data/IE7615 Deep Learning for AI/images_OBJ033/OBJ033_006.jpg,images_OBJ033,32,OBJ033_006.jpg
/content/data/IE7615 Deep Learning for AI/images_OBJ053/OBJ053_042.jpg,images_OBJ053,52,OBJ053_042.jpg
/content/data/IE7615 Deep Learning for AI/images_OBJ038/OBJ038_050.jpg,images_OBJ038,37,OBJ038_050.jpg
/content/data/IE7615 Deep Learning for AI/images_OBJ056/OBJ056_057.jpg,images_OBJ056,55,OBJ056_057.jpg
/content/data/IE7615 Deep Learning for AI/images_OBJ026/OBJ026_026.jpg,images_OBJ026,25,OBJ026_026.jpg
/content/data/IE7615 Deep Learning for AI/images_OBJ061/OBJ061_050.jpg,images_OBJ061,60,OBJ061_050.jpg
/content/data/IE7615 Deep Learning for AI/images_OBJ024/OBJ024_039.jpg,images_OBJ024,23,OBJ024_039.jpg
/content/data/IE7615 Deep Learning for AI/images_OBJ026/OBJ026_025.jpg,images_OBJ026,25,OBJ026_025.jpg
/content/data/IE7615 Deep Learning for AI/images_OBJ043/OBJ043_002.jpg,images_OBJ043,42,OBJ043_002.jpg
/content/data/IE7615 Deep Learning for AI/images_OBJ029/OBJ029_035.jpg,images_OBJ029,28,OBJ029_035.jpg
/content/data/IE7615 Deep Learning for AI/images_OBJ070/OBJ070_025.jpg,images_OBJ070,69,OBJ070_025.jpg
/content/data/IE7615 Deep Learning for AI/images_OBJ034/OBJ034_022.jpg,images_OBJ034,33,OBJ034_022.jpg
/content/data/IE7615 Deep Learning for AI/images_OBJ001/OBJ001_069.jpg,images_OBJ001,0,OBJ001_069.jpg
/content/data/IE7615 Deep Learning for AI/images_OBJ022/OBJ022_082.jpeg,images_OBJ022,21,OBJ022_082.jpeg
/content/data/IE7615 Deep Learning for AI/images_OBJ069/OBJ069_035.jpg,images_OBJ069,68,OBJ069_035.jpg
/content/data/IE7615 Deep Learning for AI/images_OBJ043/OBJ043_031.jpg,images_OBJ043,42,OBJ043_031.jpg
/content/data/IE7615 Deep Learning for AI/images_OBJ028/OBJ028_017.jpg,images_OBJ028,27,OBJ028_017.jpg
/content/data/IE7615 Deep Learning for AI/images_OBJ069/OBJ069_020.jpg,images_OBJ069,68,OBJ069_020.jpg
/content/data/IE7615 Deep Learning for AI/images_OBJ063/OBJ063_039.jpg,images_OBJ063,62,OBJ063_039.jpg
/content/data/IE7615 Deep Learning for AI/images_OBJ032/OBJ032_008.jpg,images_OBJ032,31,OBJ032_008.jpg
/content/data/IE7615 Deep Learning for AI/images_OBJ073/OBJ073_075.jpg,images_OBJ073,72,OBJ073_075.jpg
/content/data/IE7615 Deep Learning for AI/images_OBJ018/OBJ018_095.jpg,images_OBJ018,17,OBJ018_095.jpg
/content/data/IE7615 Deep Learning for AI/images_OBJ046/OBJ046_091.jpg,images_OBJ046,45,OBJ046_091.jpg
/content/data/IE7615 Deep Learning for AI/images_OBJ043/OBJ043_003.jpg,images_OBJ043,42,OBJ043_003.jpg
/content/data/IE7615 Deep Learning for AI/images_OBJ009/OBJ009_041.jpg,images_OBJ009,8,OBJ009_041.jpg
/content/data/IE7615 Deep Learning for AI/images_OBJ017/OBJ017_015.jpg,images_OBJ017,16,OBJ017_015.jpg
/content/data/IE7615 Deep Learning for AI/images_OBJ036/OBJ036_072.jpg,images_OBJ036,35,OBJ036_072.jpg
/content/data/IE7615 Deep Learning for AI/images_OBJ023/OBJ023_034.JPG,images_OBJ023,22,OBJ023_034.JPG
/content/data/IE7615 Deep Learning for AI/images_OBJ025/OBJ025_087.jpg,images_OBJ025,24,OBJ025_087.jpg
/content/data/IE7615 Deep Learning for AI/images_OBJ061/OBJ061_034.jpg,images_OBJ061,60,OBJ061_034.jpg
/content/data/IE7615 Deep Learning for AI/images_OBJ007/OBJ007_029.jpg,images_OBJ007,6,OBJ007_029.jpg
/content/data/IE7615 Deep Learning for AI/images_OBJ031/OBJ031_013.jpg,images_OBJ031,30,OBJ031_013.jpg
/content/data/IE7615 Deep Learning for AI/images_OBJ025/OBJ025_008.jpg,images_OBJ025,24,OBJ025_008.jpg
/content/data/IE7615 Deep Learning for AI/images_OBJ011/OBJ011_020.jpg,images_OBJ011,10,OBJ011_020.jpg
/content/data/IE7615 Deep Learning for AI/images_OBJ057/OBJ057_083.jpg,images_OBJ057,56,OBJ057_083.jpg
/content/data/IE7615 Deep Learning for AI/images_OBJ054/OBJ054_023.jpg,images_OBJ054,53,OBJ054_023.jpg
/content/data/IE7615 Deep Learning for AI/images_OBJ066/OBJ066_047.jpg,images_OBJ066,65,OBJ066_047.jpg
/content/data/IE7615 Deep Learning for AI/images_OBJ019/OBJ019_077.jpg,images_OBJ019,18,OBJ019_077.jpg
/content/data/IE7615 Deep Learning for AI/images_OBJ023/OBJ023_008.JPG,images_OBJ023,22,OBJ023_008.JPG
/content/data/IE7615 Deep Learning for AI/images_OBJ067/OBJ067_0080.jpg,images_OBJ067,66,OBJ067_0080.jpg
/content/data/IE7615 Deep Learning for AI/images_OBJ063/OBJ063_006.jpg,images_OBJ063,62,OBJ063_006.jpg
/content/data/IE7615 Deep Learning for AI/images_OBJ001/OBJ001_076.jpg,images_OBJ001,0,OBJ001_076.jpg
/content/data/IE7615 Deep Learning for AI/images_OBJ061/OBJ061_002.jpg,images_OBJ061,60,OBJ061_002.jpg
/content/data/IE7615 Deep Learning for AI/images_OBJ050/OBJ050_047.jpg,images_OBJ050,49,OBJ050_047.jpg
/content/data/IE7615 Deep Learning for AI/images_OBJ034/OBJ034_066.jpg,images_OBJ034,33,OBJ034_066.jpg
/content/data/IE7615 Deep Learning for AI/images_OBJ048/OBJ048_057.jpg,images_OBJ048,47,OBJ048_057.jpg
/content/data/IE7615 Deep Learning for AI/images_OBJ017/OBJ017_017.jpg,images_OBJ017,16,OBJ017_017.jpg
/content/data/IE7615 Deep Learning for AI/images_OBJ004/OBJ004_006.jpg,images_OBJ004,3,OBJ004_006.jpg
/content/data/IE7615 Deep Learning for AI/images_OBJ045/OBJ045_056.jpg,images_OBJ045,44,OBJ045_056.jpg
/content/data/IE7615 Deep Learning for AI/images_OBJ006/OBJ006_087.jpg,images_OBJ006,5,OBJ006_087.jpg
/content/data/IE7615 Deep Learning for AI/images_OBJ015/OBJ015_033.jpg,images_OBJ015,14,OBJ015_033.jpg
/content/data/IE7615 Deep Learning for AI/images_OBJ049/OBJ049_012.jpg,images_OBJ049,48,OBJ049_012.jpg
/content/data/IE7615 Deep Learning for AI/images_OBJ040/OBJ040_011.JPG,images_OBJ040,39,OBJ040_011.JPG
/content/data/IE7615 Deep Learning for AI/images_OBJ045/OBJ045_009.jpg,images_OBJ045,44,OBJ045_009.jpg
/content/data/IE7615 Deep Learning for AI/images_OBJ021/OBJ021_046.jpg,images_OBJ021,20,OBJ021_046.jpg
/content/data/IE7615 Deep Learning for AI/images_OBJ034/OBJ034_016.jpg,images_OBJ034,33,OBJ034_016.jpg
/content/data/IE7615 Deep Learning for AI/images_OBJ031/OBJ031_062.jpg,images_OBJ031,30,OBJ031_062.jpg
/content/data/IE7615 Deep Learning for AI/images_OBJ008/OBJ008_025.jpg,images_OBJ008,7,OBJ008_025.jpg
/content/data/IE7615 Deep Learning for AI/images_OBJ058/OBJ058_019.jpg,images_OBJ058,57,OBJ058_019.jpg
/content/data/IE7615 Deep Learning for AI/images_OBJ014/sunglasses_047.jpeg,images_OBJ014,13,sunglasses_047.jpeg
/content/data/IE7615 Deep Learning for AI/images_OBJ042/OBJ042_033.jpg,images_OBJ042,41,OBJ042_033.jpg
/content/data/IE7615 Deep Learning for AI/images_OBJ045/OBJ045_026.jpg,images_OBJ045,44,OBJ045_026.jpg
/content/data/IE7615 Deep Learning for AI/images_OBJ010/OBJ010_067.jpg,images_OBJ010,9,OBJ010_067.jpg
/content/data/IE7615 Deep Learning for AI/images_OBJ010/OBJ010_058.jpg,images_OBJ010,9,OBJ010_058.jpg
/content/data/IE7615 Deep Learning for AI/images_OBJ044/OBJ044_083.jpg,images_OBJ044,43,OBJ044_083.jpg
/content/data/IE7615 Deep Learning for AI/images_OBJ054/OBJ054_044.jpg,images_OBJ054,53,OBJ054_044.jpg
/content/data/IE7615 Deep Learning for AI/images_OBJ045/OBJ045_052.jpg,images_OBJ045,44,OBJ045_052.jpg
/content/data/IE7615 Deep Learning for AI/images_OBJ054/OBJ054_086.jpg,images_OBJ054,53,OBJ054_086.jpg
/content/data/IE7615 Deep Learning for AI/images_OBJ067/OBJ067_0047.jpg,images_OBJ067,66,OBJ067_0047.jpg
/content/data/IE7615 Deep Learning for AI/images_OBJ031/OBJ031_076.jpg,images_OBJ031,30,OBJ031_076.jpg
/content/data/IE7615 Deep Learning for AI/images_OBJ047/OBJ047_015.jpg,images_OBJ047,46,OBJ047_015.jpg
/content/data/IE7615 Deep Learning for AI/images_OBJ049/OBJ049_088.jpg,images_OBJ049,48,OBJ049_088.jpg
/content/data/IE7615 Deep Learning for AI/images_OBJ058/OBJ058_092.jpg,images_OBJ058,57,OBJ058_092.jpg
/content/data/IE7615 Deep Learning for AI/images_OBJ003/OBJ003_022.jpg,images_OBJ003,2,OBJ003_022.jpg
/content/data/IE7615 Deep Learning for AI/images_OBJ029/OBJ029_073.jpg,images_OBJ029,28,OBJ029_073.jpg
/content/data/IE7615 Deep Learning for AI/images_OBJ055/OBJ055_013.jpg,images_OBJ055,54,OBJ055_013.jpg
/content/data/IE7615 Deep Learning for AI/images_OBJ015/OBJ015_034.jpg,images_OBJ015,14,OBJ015_034.jpg
/content/data/IE7615 Deep Learning for AI/images_OBJ057/OBJ057_026.jpg,images_OBJ057,56,OBJ057_026.jpg
/content/data/IE7615 Deep Learning for AI/images_OBJ041/OBJ041_002.jpg,images_OBJ041,40,OBJ041_002.jpg
/content/data/IE7615 Deep Learning for AI/images_OBJ038/OBJ038_081.jpg,images_OBJ038,37,OBJ038_081.jpg
/content/data/IE7615 Deep Learning for AI/images_OBJ072/OBJ072_075.jpg,images_OBJ072,71,OBJ072_075.jpg
/content/data/IE7615 Deep Learning for AI/images_OBJ012/OBJ012_074.jpg,images_OBJ012,11,OBJ012_074.jpg
/content/data/IE7615 Deep Learning for AI/images_OBJ033/OBJ033_010.jpg,images_OBJ033,32,OBJ033_010.jpg
/content/data/IE7615 Deep Learning for AI/images_OBJ005/OBJ005_031.jpg,images_OBJ005,4,OBJ005_031.jpg
/content/data/IE7615 Deep Learning for AI/images_OBJ041/OBJ041_030.jpg,images_OBJ041,40,OBJ041_030.jpg
/content/data/IE7615 Deep Learning for AI/images_OBJ012/OBJ012_073.jpg,images_OBJ012,11,OBJ012_073.jpg
/content/data/IE7615 Deep Learning for AI/images_OBJ006/OBJ006_088.jpg,images_OBJ006,5,OBJ006_088.jpg
/content/data/IE7615 Deep Learning for AI/images_OBJ010/OBJ010_087.jpg,images_OBJ010,9,OBJ010_087.jpg
/content/data/IE7615 Deep Learning for AI/images_OBJ057/OBJ057_010.jpg,images_OBJ057,56,OBJ057_010.jpg
/content/data/IE7615 Deep Learning for AI/images_OBJ055/OBJ055_015.jpg,images_OBJ055,54,OBJ055_015.jpg
/content/data/IE7615 Deep Learning for AI/images_OBJ006/OBJ006_044.jpg,images_OBJ006,5,OBJ006_044.jpg
/content/data/IE7615 Deep Learning for AI/images_OBJ057/OBJ057_025.jpg,images_OBJ057,56,OBJ057_025.jpg
/content/data/IE7615 Deep Learning for AI/images_OBJ049/OBJ049_074.jpg,images_OBJ049,48,OBJ049_074.jpg
/content/data/IE7615 Deep Learning for AI/images_OBJ007/OBJ007_022.jpg,images_OBJ007,6,OBJ007_022.jpg
/content/data/IE7615 Deep Learning for AI/images_OBJ038/OBJ038_033.jpg,images_OBJ038,37,OBJ038_033.jpg
/content/data/IE7615 Deep Learning for AI/images_OBJ011/OBJ011_090.jpg,images_OBJ011,10,OBJ011_090.jpg
/content/data/IE7615 Deep Learning for AI/images_OBJ067/OBJ067_0015.jpg,images_OBJ067,66,OBJ067_0015.jpg
/content/data/IE7615 Deep Learning for AI/images_OBJ072/OBJ072_090.jpg,images_OBJ072,71,OBJ072_090.jpg
/content/data/IE7615 Deep Learning for AI/images_OBJ031/OBJ031_057.jpg,images_OBJ031,30,OBJ031_057.jpg
/content/data/IE7615 Deep Learning for AI/images_OBJ063/OBJ063_043.jpg,images_OBJ063,62,OBJ063_043.jpg
/content/data/IE7615 Deep Learning for AI/images_OBJ060/OBJ060_83.JPG,images_OBJ060,59,OBJ060_83.JPG
/content/data/IE7615 Deep Learning for AI/images_OBJ067/OBJ067_0043.jpg,images_OBJ067,66,OBJ067_0043.jpg
/content/data/IE7615 Deep Learning for AI/images_OBJ032/OBJ032_069.jpg,images_OBJ032,31,OBJ032_069.jpg
/content/data/IE7615 Deep Learning for AI/images_OBJ046/OBJ046_039.jpg,images_OBJ046,45,OBJ046_039.jpg
/content/data/IE7615 Deep Learning for AI/images_OBJ024/OBJ024_056.jpg,images_OBJ024,23,OBJ024_056.jpg
/content/data/IE7615 Deep Learning for AI/images_OBJ067/OBJ067_0010.jpg,images_OBJ067,66,OBJ067_0010.jpg
/content/data/IE7615 Deep Learning for AI/images_OBJ052/OBJ052_089.jpg,images_OBJ052,51,OBJ052_089.jpg
/content/data/IE7615 Deep Learning for AI/images_OBJ028/OBJ028_076.jpg,images_OBJ028,27,OBJ028_076.jpg
/content/data/IE7615 Deep Learning for AI/images_OBJ018/OBJ018_008.jpg,images_OBJ018,17,OBJ018_008.jpg
/content/data/IE7615 Deep Learning for AI/images_OBJ015/OBJ015_005.jpg,images_OBJ015,14,OBJ015_005.jpg
/content/data/IE7615 Deep Learning for AI/images_OBJ036/OBJ036_024.jpg,images_OBJ036,35,OBJ036_024.jpg
/content/data/IE7615 Deep Learning for AI/images_OBJ051/OBJ051_092.jpg,images_OBJ051,50,OBJ051_092.jpg
/content/data/IE7615 Deep Learning for AI/images_OBJ053/OBJ053_033.jpg,images_OBJ053,52,OBJ053_033.jpg
/content/data/IE7615 Deep Learning for AI/images_OBJ048/OBJ048_069.jpg,images_OBJ048,47,OBJ048_069.jpg
/content/data/IE7615 Deep Learning for AI/images_OBJ041/OBJ041_018.jpg,images_OBJ041,40,OBJ041_018.jpg
/content/data/IE7615 Deep Learning for AI/images_OBJ038/OBJ038_051.jpg,images_OBJ038,37,OBJ038_051.jpg
/content/data/IE7615 Deep Learning for AI/images_OBJ068/OBJ068_006.jpg,images_OBJ068,67,OBJ068_006.jpg
/content/data/IE7615 Deep Learning for AI/images_OBJ023/OBJ023_006.JPG,images_OBJ023,22,OBJ023_006.JPG
/content/data/IE7615 Deep Learning for AI/images_OBJ057/OBJ057_002.jpg,images_OBJ057,56,OBJ057_002.jpg
/content/data/IE7615 Deep Learning for AI/images_OBJ029/OBJ029_001.jpg,images_OBJ029,28,OBJ029_001.jpg
/content/data/IE7615 Deep Learning for AI/images_OBJ001/OBJ001_066.jpg,images_OBJ001,0,OBJ001_066.jpg
/content/data/IE7615 Deep Learning for AI/images_OBJ059/OBJ059_072.jpg,images_OBJ059,58,OBJ059_072.jpg
/content/data/IE7615 Deep Learning for AI/images_OBJ013/OBJ013_090.jpg,images_OBJ013,12,OBJ013_090.jpg
/content/data/IE7615 Deep Learning for AI/images_OBJ020/OBJ020_072.jpg,images_OBJ020,19,OBJ020_072.jpg
/content/data/IE7615 Deep Learning for AI/images_OBJ025/OBJ025_064.jpg,images_OBJ025,24,OBJ025_064.jpg
/content/data/IE7615 Deep Learning for AI/images_OBJ012/OBJ012_058.jpg,images_OBJ012,11,OBJ012_058.jpg
/content/data/IE7615 Deep Learning for AI/images_OBJ042/OBJ042_078.jpg,images_OBJ042,41,OBJ042_078.jpg
/content/data/IE7615 Deep Learning for AI/images_OBJ066/OBJ066_074.jpg,images_OBJ066,65,OBJ066_074.jpg
/content/data/IE7615 Deep Learning for AI/images_OBJ033/OBJ033_086.jpg,images_OBJ033,32,OBJ033_086.jpg
/content/data/IE7615 Deep Learning for AI/images_OBJ058/OBJ058_036.jpg,images_OBJ058,57,OBJ058_036.jpg
/content/data/IE7615 Deep Learning for AI/images_OBJ038/OBJ038_023.jpg,images_OBJ038,37,OBJ038_023.jpg
/content/data/IE7615 Deep Learning for AI/images_OBJ051/OBJ051_046.jpg,images_OBJ051,50,OBJ051_046.jpg
/content/data/IE7615 Deep Learning for AI/images_OBJ044/OBJ044_030.jpg,images_OBJ044,43,OBJ044_030.jpg
/content/data/IE7615 Deep Learning for AI/images_OBJ005/OBJ005_041.jpg,images_OBJ005,4,OBJ005_041.jpg
/content/data/IE7615 Deep Learning for AI/images_OBJ017/OBJ017_049.jpg,images_OBJ017,16,OBJ017_049.jpg
/content/data/IE7615 Deep Learning for AI/images_OBJ064/OBJ064_006.jpg,images_OBJ064,63,OBJ064_006.jpg
/content/data/IE7615 Deep Learning for AI/images_OBJ067/OBJ067_0033.jpg,images_OBJ067,66,OBJ067_0033.jpg
/content/data/IE7615 Deep Learning for AI/images_OBJ030/OBJ030_088.jpg,images_OBJ030,29,OBJ030_088.jpg
/content/data/IE7615 Deep Learning for AI/images_OBJ016/OBJ016_085.jpg,images_OBJ016,15,OBJ016_085.jpg
/content/data/IE7615 Deep Learning for AI/images_OBJ073/OBJ073_028.jpg,images_OBJ073,72,OBJ073_028.jpg
/content/data/IE7615 Deep Learning for AI/images_OBJ029/OBJ029_041.jpg,images_OBJ029,28,OBJ029_041.jpg
/content/data/IE7615 Deep Learning for AI/images_OBJ041/OBJ041_069.jpg,images_OBJ041,40,OBJ041_069.jpg
/content/data/IE7615 Deep Learning for AI/images_OBJ009/OBJ009_035.jpg,images_OBJ009,8,OBJ009_035.jpg
/content/data/IE7615 Deep Learning for AI/images_OBJ064/OBJ064_050.jpg,images_OBJ064,63,OBJ064_050.jpg
/content/data/IE7615 Deep Learning for AI/images_OBJ009/OBJ009_014.jpg,images_OBJ009,8,OBJ009_014.jpg
/content/data/IE7615 Deep Learning for AI/images_OBJ014/sunglasses_033.jpeg,images_OBJ014,13,sunglasses_033.jpeg
/content/data/IE7615 Deep Learning for AI/images_OBJ032/OBJ032_016.jpg,images_OBJ032,31,OBJ032_016.jpg
/content/data/IE7615 Deep Learning for AI/images_OBJ024/OBJ024_052.jpg,images_OBJ024,23,OBJ024_052.jpg
/content/data/IE7615 Deep Learning for AI/images_OBJ017/OBJ017_026.jpg,images_OBJ017,16,OBJ017_026.jpg
/content/data/IE7615 Deep Learning for AI/images_OBJ022/OBJ022_042.jpeg,images_OBJ022,21,OBJ022_042.jpeg
/content/data/IE7615 Deep Learning for AI/images_OBJ018/OBJ018_073.jpg,images_OBJ018,17,OBJ018_073.jpg
/content/data/IE7615 Deep Learning for AI/images_OBJ043/OBJ043_051.jpg,images_OBJ043,42,OBJ043_051.jpg
/content/data/IE7615 Deep Learning for AI/images_OBJ010/OBJ010_039.jpg,images_OBJ010,9,OBJ010_039.jpg
/content/data/IE7615 Deep Learning for AI/images_OBJ025/OBJ025_083.jpg,images_OBJ025,24,OBJ025_083.jpg
/content/data/IE7615 Deep Learning for AI/images_OBJ019/OBJ019_035.jpg,images_OBJ019,18,OBJ019_035.jpg
/content/data/IE7615 Deep Learning for AI/images_OBJ042/OBJ042_047.jpg,images_OBJ042,41,OBJ042_047.jpg
/content/data/IE7615 Deep Learning for AI/images_OBJ063/OBJ063_004.jpg,images_OBJ063,62,OBJ063_004.jpg
/content/data/IE7615 Deep Learning for AI/images_OBJ064/OBJ064_025.jpg,images_OBJ064,63,OBJ064_025.jpg
/content/data/IE7615 Deep Learning for AI/images_OBJ057/OBJ057_078.jpg,images_OBJ057,56,OBJ057_078.jpg
/content/data/IE7615 Deep Learning for AI/images_OBJ048/OBJ048_020.jpg,images_OBJ048,47,OBJ048_020.jpg
/content/data/IE7615 Deep Learning for AI/images_OBJ050/OBJ050_014.jpg,images_OBJ050,49,OBJ050_014.jpg
/content/data/IE7615 Deep Learning for AI/images_OBJ037/OBJ037_066.jpg,images_OBJ037,36,OBJ037_066.jpg
/content/data/IE7615 Deep Learning for AI/images_OBJ020/OBJ020_001.jpg,images_OBJ020,19,OBJ020_001.jpg
/content/data/IE7615 Deep Learning for AI/images_OBJ064/OBJ064_053.jpg,images_OBJ064,63,OBJ064_053.jpg
/content/data/IE7615 Deep Learning for AI/images_OBJ047/OBJ047_083.jpg,images_OBJ047,46,OBJ047_083.jpg
/content/data/IE7615 Deep Learning for AI/images_OBJ067/OBJ067_0094.jpg,images_OBJ067,66,OBJ067_0094.jpg
/content/data/IE7615 Deep Learning for AI/images_OBJ003/OBJ003_058.jpg,images_OBJ003,2,OBJ003_058.jpg
/content/data/IE7615 Deep Learning for AI/images_OBJ062/OBJ062_069.jpg,images_OBJ062,61,OBJ062_069.jpg
/content/data/IE7615 Deep Learning for AI/images_OBJ073/OBJ073_037.jpg,images_OBJ073,72,OBJ073_037.jpg
/content/data/IE7615 Deep Learning for AI/images_OBJ059/OBJ059_028.jpg,images_OBJ059,58,OBJ059_028.jpg
/content/data/IE7615 Deep Learning for AI/images_OBJ028/OBJ028_028.jpg,images_OBJ028,27,OBJ028_028.jpg
/content/data/IE7615 Deep Learning for AI/images_OBJ024/OBJ024_017.jpg,images_OBJ024,23,OBJ024_017.jpg
/content/data/IE7615 Deep Learning for AI/images_OBJ020/OBJ020_046.jpg,images_OBJ020,19,OBJ020_046.jpg
/content/data/IE7615 Deep Learning for AI/images_OBJ041/OBJ041_038.jpg,images_OBJ041,40,OBJ041_038.jpg
/content/data/IE7615 Deep Learning for AI/images_OBJ052/OBJ052_075.jpg,images_OBJ052,51,OBJ052_075.jpg
/content/data/IE7615 Deep Learning for AI/images_OBJ035/OBJ035_018.jpg,images_OBJ035,34,OBJ035_018.jpg
/content/data/IE7615 Deep Learning for AI/images_OBJ060/OBJ060_21.JPG,images_OBJ060,59,OBJ060_21.JPG
/content/data/IE7615 Deep Learning for AI/images_OBJ005/OBJ005_008.jpg,images_OBJ005,4,OBJ005_008.jpg
/content/data/IE7615 Deep Learning for AI/images_OBJ020/OBJ020_077.jpg,images_OBJ020,19,OBJ020_077.jpg
/content/data/IE7615 Deep Learning for AI/images_OBJ058/OBJ058_005.jpg,images_OBJ058,57,OBJ058_005.jpg
/content/data/IE7615 Deep Learning for AI/images_OBJ012/OBJ012_087.jpg,images_OBJ012,11,OBJ012_087.jpg
/content/data/IE7615 Deep Learning for AI/images_OBJ015/OBJ015_001.jpg,images_OBJ015,14,OBJ015_001.jpg
/content/data/IE7615 Deep Learning for AI/images_OBJ004/OBJ004_014.jpg,images_OBJ004,3,OBJ004_014.jpg
/content/data/IE7615 Deep Learning for AI/images_OBJ034/OBJ034_015.jpg,images_OBJ034,33,OBJ034_015.jpg
/content/data/IE7615 Deep Learning for AI/images_OBJ032/OBJ032_012.jpg,images_OBJ032,31,OBJ032_012.jpg
/content/data/IE7615 Deep Learning for AI/images_OBJ014/sunglasses_004.jpeg,images_OBJ014,13,sunglasses_004.jpeg
/content/data/IE7615 Deep Learning for AI/images_OBJ047/OBJ047_014.jpg,images_OBJ047,46,OBJ047_014.jpg
/content/data/IE7615 Deep Learning for AI/images_OBJ069/OBJ069_008.jpg,images_OBJ069,68,OBJ069_008.jpg
/content/data/IE7615 Deep Learning for AI/images_OBJ059/OBJ059_011.jpg,images_OBJ059,58,OBJ059_011.jpg
/content/data/IE7615 Deep Learning for AI/images_OBJ048/OBJ048_048.jpg,images_OBJ048,47,OBJ048_048.jpg
/content/data/IE7615 Deep Learning for AI/images_OBJ003/OBJ003_074.jpg,images_OBJ003,2,OBJ003_074.jpg
/content/data/IE7615 Deep Learning for AI/images_OBJ062/OBJ062_008.jpg,images_OBJ062,61,OBJ062_008.jpg
/content/data/IE7615 Deep Learning for AI/images_OBJ063/OBJ063_063.jpg,images_OBJ063,62,OBJ063_063.jpg
/content/data/IE7615 Deep Learning for AI/images_OBJ035/OBJ035_086.jpg,images_OBJ035,34,OBJ035_086.jpg
/content/data/IE7615 Deep Learning for AI/images_OBJ055/OBJ055_053.jpg,images_OBJ055,54,OBJ055_053.jpg
/content/data/IE7615 Deep Learning for AI/images_OBJ046/OBJ046_071.jpg,images_OBJ046,45,OBJ046_071.jpg
/content/data/IE7615 Deep Learning for AI/images_OBJ001/OBJ001_091.jpg,images_OBJ001,0,OBJ001_091.jpg
/content/data/IE7615 Deep Learning for AI/images_OBJ004/OBJ004_075.jpg,images_OBJ004,3,OBJ004_075.jpg
/content/data/IE7615 Deep Learning for AI/images_OBJ037/OBJ037_095.jpg,images_OBJ037,36,OBJ037_095.jpg
/content/data/IE7615 Deep Learning for AI/images_OBJ038/OBJ038_086.jpg,images_OBJ038,37,OBJ038_086.jpg
/content/data/IE7615 Deep Learning for AI/images_OBJ057/OBJ057_029.jpg,images_OBJ057,56,OBJ057_029.jpg
/content/data/IE7615 Deep Learning for AI/images_OBJ037/OBJ037_028.jpg,images_OBJ037,36,OBJ037_028.jpg
/content/data/IE7615 Deep Learning for AI/images_OBJ063/OBJ063_015.jpg,images_OBJ063,62,OBJ063_015.jpg
/content/data/IE7615 Deep Learning for AI/images_OBJ004/OBJ004_073.jpg,images_OBJ004,3,OBJ004_073.jpg
/content/data/IE7615 Deep Learning for AI/images_OBJ054/OBJ054_066.jpg,images_OBJ054,53,OBJ054_066.jpg
/content/data/IE7615 Deep Learning for AI/images_OBJ055/OBJ055_084.jpg,images_OBJ055,54,OBJ055_084.jpg
/content/data/IE7615 Deep Learning for AI/images_OBJ004/OBJ004_096.jpg,images_OBJ004,3,OBJ004_096.jpg
/content/data/IE7615 Deep Learning for AI/images_OBJ007/OBJ007_027.jpg,images_OBJ007,6,OBJ007_027.jpg
/content/data/IE7615 Deep Learning for AI/images_OBJ065/OBJ065_088.jpg,images_OBJ065,64,OBJ065_088.jpg
/content/data/IE7615 Deep Learning for AI/images_OBJ001/OBJ001_092.jpg,images_OBJ001,0,OBJ001_092.jpg
/content/data/IE7615 Deep Learning for AI/images_OBJ053/OBJ053_022.jpg,images_OBJ053,52,OBJ053_022.jpg
/content/data/IE7615 Deep Learning for AI/images_OBJ052/OBJ052_045.jpg,images_OBJ052,51,OBJ052_045.jpg
/content/data/IE7615 Deep Learning for AI/images_OBJ008/OBJ008_066.jpg,images_OBJ008,7,OBJ008_066.jpg
/content/data/IE7615 Deep Learning for AI/images_OBJ069/OBJ069_093.jpg,images_OBJ069,68,OBJ069_093.jpg
/content/data/IE7615 Deep Learning for AI/images_OBJ031/OBJ031_021.jpg,images_OBJ031,30,OBJ031_021.jpg
/content/data/IE7615 Deep Learning for AI/images_OBJ059/OBJ059_005.jpg,images_OBJ059,58,OBJ059_005.jpg
/content/data/IE7615 Deep Learning for AI/images_OBJ067/OBJ067_0060.jpg,images_OBJ067,66,OBJ067_0060.jpg
/content/data/IE7615 Deep Learning for AI/images_OBJ024/OBJ024_020.jpg,images_OBJ024,23,OBJ024_020.jpg
/content/data/IE7615 Deep Learning for AI/images_OBJ051/OBJ051_010.jpg,images_OBJ051,50,OBJ051_010.jpg
/content/data/IE7615 Deep Learning for AI/images_OBJ025/OBJ025_048.jpg,images_OBJ025,24,OBJ025_048.jpg
/content/data/IE7615 Deep Learning for AI/images_OBJ010/OBJ010_041.jpg,images_OBJ010,9,OBJ010_041.jpg
/content/data/IE7615 Deep Learning for AI/images_OBJ012/OBJ012_049.jpg,images_OBJ012,11,OBJ012_049.jpg
/content/data/IE7615 Deep Learning for AI/images_OBJ029/OBJ029_081.jpg,images_OBJ029,28,OBJ029_081.jpg
/content/data/IE7615 Deep Learning for AI/images_OBJ068/OBJ068_065.jpg,images_OBJ068,67,OBJ068_065.jpg
/content/data/IE7615 Deep Learning for AI/images_OBJ006/OBJ006_002.jpg,images_OBJ006,5,OBJ006_002.jpg
/content/data/IE7615 Deep Learning for AI/images_OBJ037/OBJ037_013.jpg,images_OBJ037,36,OBJ037_013.jpg
/content/data/IE7615 Deep Learning for AI/images_OBJ009/OBJ009_024.jpg,images_OBJ009,8,OBJ009_024.jpg
/content/data/IE7615 Deep Learning for AI/images_OBJ011/OBJ011_008.jpg,images_OBJ011,10,OBJ011_008.jpg
/content/data/IE7615 Deep Learning for AI/images_OBJ059/OBJ059_042.jpg,images_OBJ059,58,OBJ059_042.jpg
/content/data/IE7615 Deep Learning for AI/images_OBJ044/OBJ044_040.jpg,images_OBJ044,43,OBJ044_040.jpg
/content/data/IE7615 Deep Learning for AI/images_OBJ043/OBJ043_035.jpg,images_OBJ043,42,OBJ043_035.jpg
/content/data/IE7615 Deep Learning for AI/images_OBJ061/OBJ061_087.jpg,images_OBJ061,60,OBJ061_087.jpg
/content/data/IE7615 Deep Learning for AI/images_OBJ026/OBJ026_019.jpg,images_OBJ026,25,OBJ026_019.jpg
/content/data/IE7615 Deep Learning for AI/images_OBJ041/OBJ041_079.jpg,images_OBJ041,40,OBJ041_079.jpg
/content/data/IE7615 Deep Learning for AI/images_OBJ071/OBJ071_016.jpg,images_OBJ071,70,OBJ071_016.jpg
/content/data/IE7615 Deep Learning for AI/images_OBJ052/OBJ052_072.jpg,images_OBJ052,51,OBJ052_072.jpg
/content/data/IE7615 Deep Learning for AI/images_OBJ037/OBJ037_074.jpg,images_OBJ037,36,OBJ037_074.jpg
/content/data/IE7615 Deep Learning for AI/images_OBJ067/OBJ067_0057.jpg,images_OBJ067,66,OBJ067_0057.jpg
/content/data/IE7615 Deep Learning for AI/images_OBJ071/OBJ071_076.jpg,images_OBJ071,70,OBJ071_076.jpg
/content/data/IE7615 Deep Learning for AI/images_OBJ048/OBJ048_071.jpg,images_OBJ048,47,OBJ048_071.jpg
/content/data/IE7615 Deep Learning for AI/images_OBJ059/OBJ059_044.jpg,images_OBJ059,58,OBJ059_044.jpg
/content/data/IE7615 Deep Learning for AI/images_OBJ070/OBJ070_090.jpg,images_OBJ070,69,OBJ070_090.jpg
/content/data/IE7615 Deep Learning for AI/images_OBJ007/OBJ007_047.jpg,images_OBJ007,6,OBJ007_047.jpg
/content/data/IE7615 Deep Learning for AI/images_OBJ021/OBJ021_091.jpg,images_OBJ021,20,OBJ021_091.jpg
/content/data/IE7615 Deep Learning for AI/images_OBJ059/OBJ059_087.jpg,images_OBJ059,58,OBJ059_087.jpg
/content/data/IE7615 Deep Learning for AI/images_OBJ018/OBJ018_050.jpg,images_OBJ018,17,OBJ018_050.jpg
/content/data/IE7615 Deep Learning for AI/images_OBJ017/OBJ017_011.jpg,images_OBJ017,16,OBJ017_011.jpg
/content/data/IE7615 Deep Learning for AI/images_OBJ068/OBJ068_010.jpg,images_OBJ068,67,OBJ068_010.jpg
/content/data/IE7615 Deep Learning for AI/images_OBJ004/OBJ004_072.jpg,images_OBJ004,3,OBJ004_072.jpg
/content/data/IE7615 Deep Learning for AI/images_OBJ017/OBJ017_061.jpg,images_OBJ017,16,OBJ017_061.jpg
/content/data/IE7615 Deep Learning for AI/images_OBJ035/OBJ035_060.jpg,images_OBJ035,34,OBJ035_060.jpg
/content/data/IE7615 Deep Learning for AI/images_OBJ043/OBJ043_065.jpg,images_OBJ043,42,OBJ043_065.jpg
/content/data/IE7615 Deep Learning for AI/images_OBJ057/OBJ057_045.jpg,images_OBJ057,56,OBJ057_045.jpg
/content/data/IE7615 Deep Learning for AI/images_OBJ010/OBJ010_071.jpg,images_OBJ010,9,OBJ010_071.jpg
/content/data/IE7615 Deep Learning for AI/images_OBJ040/OBJ040_034.JPG,images_OBJ040,39,OBJ040_034.JPG
/content/data/IE7615 Deep Learning for AI/images_OBJ023/OBJ023_014.jpg,images_OBJ023,22,OBJ023_014.jpg
/content/data/IE7615 Deep Learning for AI/images_OBJ017/OBJ017_091.jpg,images_OBJ017,16,OBJ017_091.jpg
/content/data/IE7615 Deep Learning for AI/images_OBJ011/OBJ011_060.jpg,images_OBJ011,10,OBJ011_060.jpg
/content/data/IE7615 Deep Learning for AI/images_OBJ026/OBJ026_012.jpg,images_OBJ026,25,OBJ026_012.jpg
/content/data/IE7615 Deep Learning for AI/images_OBJ008/OBJ008_036.jpg,images_OBJ008,7,OBJ008_036.jpg
/content/data/IE7615 Deep Learning for AI/images_OBJ016/OBJ016_077.jpg,images_OBJ016,15,OBJ016_077.jpg
/content/data/IE7615 Deep Learning for AI/images_OBJ062/OBJ062_066.jpg,images_OBJ062,61,OBJ062_066.jpg
/content/data/IE7615 Deep Learning for AI/images_OBJ029/OBJ029_008.jpg,images_OBJ029,28,OBJ029_008.jpg
/content/data/IE7615 Deep Learning for AI/images_OBJ055/OBJ055_079.jpg,images_OBJ055,54,OBJ055_079.jpg
/content/data/IE7615 Deep Learning for AI/images_OBJ008/OBJ008_018.jpg,images_OBJ008,7,OBJ008_018.jpg
/content/data/IE7615 Deep Learning for AI/images_OBJ073/OBJ073_024.jpg,images_OBJ073,72,OBJ073_024.jpg
/content/data/IE7615 Deep Learning for AI/images_OBJ062/OBJ062_009.jpg,images_OBJ062,61,OBJ062_009.jpg
/content/data/IE7615 Deep Learning for AI/images_OBJ013/OBJ013_049.jpg,images_OBJ013,12,OBJ013_049.jpg
/content/data/IE7615 Deep Learning for AI/images_OBJ073/OBJ073_065.jpg,images_OBJ073,72,OBJ073_065.jpg
/content/data/IE7615 Deep Learning for AI/images_OBJ022/OBJ022_074.jpeg,images_OBJ022,21,OBJ022_074.jpeg
/content/data/IE7615 Deep Learning for AI/images_OBJ037/OBJ037_086.jpg,images_OBJ037,36,OBJ037_086.jpg
/content/data/IE7615 Deep Learning for AI/images_OBJ008/OBJ008_063.jpg,images_OBJ008,7,OBJ008_063.jpg
/content/data/IE7615 Deep Learning for AI/images_OBJ012/OBJ012_053.jpg,images_OBJ012,11,OBJ012_053.jpg
/content/data/IE7615 Deep Learning for AI/images_OBJ066/OBJ066_069.jpg,images_OBJ066,65,OBJ066_069.jpg
/content/data/IE7615 Deep Learning for AI/images_OBJ055/OBJ055_057.jpg,images_OBJ055,54,OBJ055_057.jpg
/content/data/IE7615 Deep Learning for AI/images_OBJ006/OBJ006_015.jpg,images_OBJ006,5,OBJ006_015.jpg
/content/data/IE7615 Deep Learning for AI/images_OBJ044/OBJ044_027.jpg,images_OBJ044,43,OBJ044_027.jpg
/content/data/IE7615 Deep Learning for AI/images_OBJ062/OBJ062_043.jpg,images_OBJ062,61,OBJ062_043.jpg
/content/data/IE7615 Deep Learning for AI/images_OBJ008/OBJ008_008.jpg,images_OBJ008,7,OBJ008_008.jpg
/content/data/IE7615 Deep Learning for AI/images_OBJ055/OBJ055_018.jpg,images_OBJ055,54,OBJ055_018.jpg
/content/data/IE7615 Deep Learning for AI/images_OBJ068/OBJ068_056.jpg,images_OBJ068,67,OBJ068_056.jpg
/content/data/IE7615 Deep Learning for AI/images_OBJ039/OBJ039_028.jpg,images_OBJ039,38,OBJ039_028.jpg
/content/data/IE7615 Deep Learning for AI/images_OBJ041/OBJ041_070.jpg,images_OBJ041,40,OBJ041_070.jpg
/content/data/IE7615 Deep Learning for AI/images_OBJ003/OBJ003_072.jpg,images_OBJ003,2,OBJ003_072.jpg
/content/data/IE7615 Deep Learning for AI/images_OBJ049/OBJ049_027.jpg,images_OBJ049,48,OBJ049_027.jpg
/content/data/IE7615 Deep Learning for AI/images_OBJ063/OBJ063_090.jpg,images_OBJ063,62,OBJ063_090.jpg
/content/data/IE7615 Deep Learning for AI/images_OBJ047/OBJ047_035.jpg,images_OBJ047,46,OBJ047_035.jpg
/content/data/IE7615 Deep Learning for AI/images_OBJ025/OBJ025_063.jpg,images_OBJ025,24,OBJ025_063.jpg
/content/data/IE7615 Deep Learning for AI/images_OBJ024/OBJ024_031.jpg,images_OBJ024,23,OBJ024_031.jpg
/content/data/IE7615 Deep Learning for AI/images_OBJ069/OBJ069_039.jpg,images_OBJ069,68,OBJ069_039.jpg
/content/data/IE7615 Deep Learning for AI/images_OBJ021/OBJ021_028.jpg,images_OBJ021,20,OBJ021_028.jpg
/content/data/IE7615 Deep Learning for AI/images_OBJ070/OBJ070_086.jpg,images_OBJ070,69,OBJ070_086.jpg
/content/data/IE7615 Deep Learning for AI/images_OBJ066/OBJ066_081.jpg,images_OBJ066,65,OBJ066_081.jpg
/content/data/IE7615 Deep Learning for AI/images_OBJ066/OBJ066_008.jpg,images_OBJ066,65,OBJ066_008.jpg
/content/data/IE7615 Deep Learning for AI/images_OBJ006/OBJ006_092.jpg,images_OBJ006,5,OBJ006_092.jpg
/content/data/IE7615 Deep Learning for AI/images_OBJ067/OBJ067_0061.jpg,images_OBJ067,66,OBJ067_0061.jpg
/content/data/IE7615 Deep Learning for AI/images_OBJ066/OBJ066_063.jpg,images_OBJ066,65,OBJ066_063.jpg
/content/data/IE7615 Deep Learning for AI/images_OBJ025/OBJ025_085.jpg,images_OBJ025,24,OBJ025_085.jpg
/content/data/IE7615 Deep Learning for AI/images_OBJ070/OBJ070_068.jpg,images_OBJ070,69,OBJ070_068.jpg
/content/data/IE7615 Deep Learning for AI/images_OBJ050/OBJ050_089.jpg,images_OBJ050,49,OBJ050_089.jpg
/content/data/IE7615 Deep Learning for AI/images_OBJ043/OBJ043_006.jpg,images_OBJ043,42,OBJ043_006.jpg
/content/data/IE7615 Deep Learning for AI/images_OBJ025/OBJ025_031.jpg,images_OBJ025,24,OBJ025_031.jpg
/content/data/IE7615 Deep Learning for AI/images_OBJ022/OBJ022_073.jpeg,images_OBJ022,21,OBJ022_073.jpeg
/content/data/IE7615 Deep Learning for AI/images_OBJ051/OBJ051_086.jpg,images_OBJ051,50,OBJ051_086.jpg
/content/data/IE7615 Deep Learning for AI/images_OBJ016/OBJ016_031.jpg,images_OBJ016,15,OBJ016_031.jpg
/content/data/IE7615 Deep Learning for AI/images_OBJ011/OBJ011_013.jpg,images_OBJ011,10,OBJ011_013.jpg
/content/data/IE7615 Deep Learning for AI/images_OBJ055/OBJ055_039.jpg,images_OBJ055,54,OBJ055_039.jpg
/content/data/IE7615 Deep Learning for AI/images_OBJ028/OBJ028_004.jpg,images_OBJ028,27,OBJ028_004.jpg
/content/data/IE7615 Deep Learning for AI/images_OBJ067/OBJ067_0020.jpg,images_OBJ067,66,OBJ067_0020.jpg
/content/data/IE7615 Deep Learning for AI/images_OBJ048/OBJ048_055.jpg,images_OBJ048,47,OBJ048_055.jpg
/content/data/IE7615 Deep Learning for AI/images_OBJ046/OBJ046_060.jpg,images_OBJ046,45,OBJ046_060.jpg
/content/data/IE7615 Deep Learning for AI/images_OBJ032/OBJ032_027.jpg,images_OBJ032,31,OBJ032_027.jpg
/content/data/IE7615 Deep Learning for AI/images_OBJ039/OBJ039_018.jpg,images_OBJ039,38,OBJ039_018.jpg
/content/data/IE7615 Deep Learning for AI/images_OBJ021/OBJ021_018.jpg,images_OBJ021,20,OBJ021_018.jpg
/content/data/IE7615 Deep Learning for AI/images_OBJ029/OBJ029_065.jpg,images_OBJ029,28,OBJ029_065.jpg
/content/data/IE7615 Deep Learning for AI/images_OBJ018/OBJ018_069.jpg,images_OBJ018,17,OBJ018_069.jpg
/content/data/IE7615 Deep Learning for AI/images_OBJ023/OBJ023_095.JPG,images_OBJ023,22,OBJ023_095.JPG
/content/data/IE7615 Deep Learning for AI/images_OBJ071/OBJ071_062.jpg,images_OBJ071,70,OBJ071_062.jpg
/content/data/IE7615 Deep Learning for AI/images_OBJ022/OBJ022_039.jpeg,images_OBJ022,21,OBJ022_039.jpeg
/content/data/IE7615 Deep Learning for AI/images_OBJ060/OBJ060_1.JPG,images_OBJ060,59,OBJ060_1.JPG
/content/data/IE7615 Deep Learning for AI/images_OBJ059/OBJ059_093.jpg,images_OBJ059,58,OBJ059_093.jpg
/content/data/IE7615 Deep Learning for AI/images_OBJ073/OBJ073_091.jpg,images_OBJ073,72,OBJ073_091.jpg
/content/data/IE7615 Deep Learning for AI/images_OBJ031/OBJ031_070.jpg,images_OBJ031,30,OBJ031_070.jpg
/content/data/IE7615 Deep Learning for AI/images_OBJ009/OBJ009_084.jpg,images_OBJ009,8,OBJ009_084.jpg
/content/data/IE7615 Deep Learning for AI/images_OBJ024/OBJ024_014.jpg,images_OBJ024,23,OBJ024_014.jpg
/content/data/IE7615 Deep Learning for AI/images_OBJ056/OBJ056_009.jpg,images_OBJ056,55,OBJ056_009.jpg
/content/data/IE7615 Deep Learning for AI/images_OBJ065/OBJ065_067.jpg,images_OBJ065,64,OBJ065_067.jpg
/content/data/IE7615 Deep Learning for AI/images_OBJ027/OBJ027_094.jpg,images_OBJ027,26,OBJ027_094.jpg
/content/data/IE7615 Deep Learning for AI/images_OBJ064/OBJ064_020.jpg,images_OBJ064,63,OBJ064_020.jpg
/content/data/IE7615 Deep Learning for AI/images_OBJ001/OBJ001_055.jpg,images_OBJ001,0,OBJ001_055.jpg
/content/data/IE7615 Deep Learning for AI/images_OBJ031/OBJ031_065.jpg,images_OBJ031,30,OBJ031_065.jpg
/content/data/IE7615 Deep Learning for AI/images_OBJ052/OBJ052_073.jpg,images_OBJ052,51,OBJ052_073.jpg
/content/data/IE7615 Deep Learning for AI/images_OBJ052/OBJ052_063.jpg,images_OBJ052,51,OBJ052_063.jpg
/content/data/IE7615 Deep Learning for AI/images_OBJ068/OBJ068_054.jpg,images_OBJ068,67,OBJ068_054.jpg
/content/data/IE7615 Deep Learning for AI/images_OBJ066/OBJ066_007.jpg,images_OBJ066,65,OBJ066_007.jpg
/content/data/IE7615 Deep Learning for AI/images_OBJ033/OBJ033_039.jpg,images_OBJ033,32,OBJ033_039.jpg
/content/data/IE7615 Deep Learning for AI/images_OBJ048/OBJ048_056.jpg,images_OBJ048,47,OBJ048_056.jpg
/content/data/IE7615 Deep Learning for AI/images_OBJ019/OBJ019_037.jpg,images_OBJ019,18,OBJ019_037.jpg
/content/data/IE7615 Deep Learning for AI/images_OBJ047/OBJ047_032.jpg,images_OBJ047,46,OBJ047_032.jpg
/content/data/IE7615 Deep Learning for AI/images_OBJ048/OBJ048_038.jpg,images_OBJ048,47,OBJ048_038.jpg
/content/data/IE7615 Deep Learning for AI/images_OBJ029/OBJ029_017.jpg,images_OBJ029,28,OBJ029_017.jpg
/content/data/IE7615 Deep Learning for AI/images_OBJ008/OBJ008_012.jpg,images_OBJ008,7,OBJ008_012.jpg
/content/data/IE7615 Deep Learning for AI/images_OBJ005/OBJ005_087.jpg,images_OBJ005,4,OBJ005_087.jpg
/content/data/IE7615 Deep Learning for AI/images_OBJ008/OBJ008_080.jpg,images_OBJ008,7,OBJ008_080.jpg
/content/data/IE7615 Deep Learning for AI/images_OBJ025/OBJ025_041.jpg,images_OBJ025,24,OBJ025_041.jpg
/content/data/IE7615 Deep Learning for AI/images_OBJ005/OBJ005_094.jpg,images_OBJ005,4,OBJ005_094.jpg
/content/data/IE7615 Deep Learning for AI/images_OBJ063/OBJ063_034.jpg,images_OBJ063,62,OBJ063_034.jpg
/content/data/IE7615 Deep Learning for AI/images_OBJ070/OBJ070_003.jpg,images_OBJ070,69,OBJ070_003.jpg
/content/data/IE7615 Deep Learning for AI/images_OBJ066/OBJ066_070.jpg,images_OBJ066,65,OBJ066_070.jpg
/content/data/IE7615 Deep Learning for AI/images_OBJ027/OBJ027_039.jpg,images_OBJ027,26,OBJ027_039.jpg
/content/data/IE7615 Deep Learning for AI/images_OBJ065/OBJ065_016.jpg,images_OBJ065,64,OBJ065_016.jpg
/content/data/IE7615 Deep Learning for AI/images_OBJ045/OBJ045_010.jpg,images_OBJ045,44,OBJ045_010.jpg
/content/data/IE7615 Deep Learning for AI/images_OBJ023/OBJ023_074.JPG,images_OBJ023,22,OBJ023_074.JPG
/content/data/IE7615 Deep Learning for AI/images_OBJ020/OBJ020_083.jpg,images_OBJ020,19,OBJ020_083.jpg
/content/data/IE7615 Deep Learning for AI/images_OBJ041/OBJ041_046.jpg,images_OBJ041,40,OBJ041_046.jpg
/content/data/IE7615 Deep Learning for AI/images_OBJ063/OBJ063_059.jpg,images_OBJ063,62,OBJ063_059.jpg
/content/data/IE7615 Deep Learning for AI/images_OBJ065/OBJ065_083.jpg,images_OBJ065,64,OBJ065_083.jpg
/content/data/IE7615 Deep Learning for AI/images_OBJ060/OBJ060_66.JPG,images_OBJ060,59,OBJ060_66.JPG
/content/data/IE7615 Deep Learning for AI/images_OBJ070/OBJ070_031.jpg,images_OBJ070,69,OBJ070_031.jpg
/content/data/IE7615 Deep Learning for AI/images_OBJ012/OBJ012_007.jpg,images_OBJ012,11,OBJ012_007.jpg
/content/data/IE7615 Deep Learning for AI/images_OBJ068/OBJ068_026.jpg,images_OBJ068,67,OBJ068_026.jpg
/content/data/IE7615 Deep Learning for AI/images_OBJ036/OBJ036_025.jpg,images_OBJ036,35,OBJ036_025.jpg
/content/data/IE7615 Deep Learning for AI/images_OBJ002/OBJ002_055.jpg,images_OBJ002,1,OBJ002_055.jpg
/content/data/IE7615 Deep Learning for AI/images_OBJ039/OBJ039_093.jpg,images_OBJ039,38,OBJ039_093.jpg
/content/data/IE7615 Deep Learning for AI/images_OBJ060/OBJ060_38.JPG,images_OBJ060,59,OBJ060_38.JPG
/content/data/IE7615 Deep Learning for AI/images_OBJ040/OBJ040_033.JPG,images_OBJ040,39,OBJ040_033.JPG
/content/data/IE7615 Deep Learning for AI/images_OBJ005/OBJ005_050.jpg,images_OBJ005,4,OBJ005_050.jpg
/content/data/IE7615 Deep Learning for AI/images_OBJ064/OBJ064_080.jpg,images_OBJ064,63,OBJ064_080.jpg
/content/data/IE7615 Deep Learning for AI/images_OBJ064/OBJ064_022.jpg,images_OBJ064,63,OBJ064_022.jpg
/content/data/IE7615 Deep Learning for AI/images_OBJ058/OBJ058_017.jpg,images_OBJ058,57,OBJ058_017.jpg
/content/data/IE7615 Deep Learning for AI/images_OBJ052/OBJ052_090.jpg,images_OBJ052,51,OBJ052_090.jpg
/content/data/IE7615 Deep Learning for AI/images_OBJ047/OBJ047_069.jpg,images_OBJ047,46,OBJ047_069.jpg
/content/data/IE7615 Deep Learning for AI/images_OBJ006/OBJ006_024.jpg,images_OBJ006,5,OBJ006_024.jpg
/content/data/IE7615 Deep Learning for AI/images_OBJ015/OBJ015_079.jpg,images_OBJ015,14,OBJ015_079.jpg
/content/data/IE7615 Deep Learning for AI/images_OBJ072/OBJ072_025.jpg,images_OBJ072,71,OBJ072_025.jpg
/content/data/IE7615 Deep Learning for AI/images_OBJ046/OBJ046_078.jpg,images_OBJ046,45,OBJ046_078.jpg
/content/data/IE7615 Deep Learning for AI/images_OBJ008/OBJ008_042.jpg,images_OBJ008,7,OBJ008_042.jpg
/content/data/IE7615 Deep Learning for AI/images_OBJ013/OBJ013_047.jpg,images_OBJ013,12,OBJ013_047.jpg
/content/data/IE7615 Deep Learning for AI/images_OBJ054/OBJ054_026.jpg,images_OBJ054,53,OBJ054_026.jpg
/content/data/IE7615 Deep Learning for AI/images_OBJ054/OBJ054_012.jpg,images_OBJ054,53,OBJ054_012.jpg
/content/data/IE7615 Deep Learning for AI/images_OBJ031/OBJ031_049.jpg,images_OBJ031,30,OBJ031_049.jpg
/content/data/IE7615 Deep Learning for AI/images_OBJ049/OBJ049_028.jpg,images_OBJ049,48,OBJ049_028.jpg
/content/data/IE7615 Deep Learning for AI/images_OBJ051/OBJ051_026.jpg,images_OBJ051,50,OBJ051_026.jpg
/content/data/IE7615 Deep Learning for AI/images_OBJ034/OBJ034_073.jpg,images_OBJ034,33,OBJ034_073.jpg
/content/data/IE7615 Deep Learning for AI/images_OBJ061/OBJ061_064.jpg,images_OBJ061,60,OBJ061_064.jpg
/content/data/IE7615 Deep Learning for AI/images_OBJ073/OBJ073_020.jpg,images_OBJ073,72,OBJ073_020.jpg
/content/data/IE7615 Deep Learning for AI/images_OBJ068/OBJ068_088.jpg,images_OBJ068,67,OBJ068_088.jpg
/content/data/IE7615 Deep Learning for AI/images_OBJ032/OBJ032_063.jpg,images_OBJ032,31,OBJ032_063.jpg
/content/data/IE7615 Deep Learning for AI/images_OBJ049/OBJ049_071.jpg,images_OBJ049,48,OBJ049_071.jpg
/content/data/IE7615 Deep Learning for AI/images_OBJ065/OBJ065_022.jpg,images_OBJ065,64,OBJ065_022.jpg
/content/data/IE7615 Deep Learning for AI/images_OBJ013/OBJ013_070.jpg,images_OBJ013,12,OBJ013_070.jpg
/content/data/IE7615 Deep Learning for AI/images_OBJ003/OBJ003_043.jpg,images_OBJ003,2,OBJ003_043.jpg
/content/data/IE7615 Deep Learning for AI/images_OBJ002/OBJ002_091.jpg,images_OBJ002,1,OBJ002_091.jpg
/content/data/IE7615 Deep Learning for AI/images_OBJ016/OBJ016_011.jpg,images_OBJ016,15,OBJ016_011.jpg
/content/data/IE7615 Deep Learning for AI/images_OBJ022/OBJ022_023.jpeg,images_OBJ022,21,OBJ022_023.jpeg
/content/data/IE7615 Deep Learning for AI/images_OBJ025/OBJ025_025.jpg,images_OBJ025,24,OBJ025_025.jpg
/content/data/IE7615 Deep Learning for AI/images_OBJ042/OBJ042_083.jpg,images_OBJ042,41,OBJ042_083.jpg
/content/data/IE7615 Deep Learning for AI/images_OBJ032/OBJ032_029.jpg,images_OBJ032,31,OBJ032_029.jpg
/content/data/IE7615 Deep Learning for AI/images_OBJ036/OBJ036_062.jpg,images_OBJ036,35,OBJ036_062.jpg
/content/data/IE7615 Deep Learning for AI/images_OBJ033/OBJ033_022.jpg,images_OBJ033,32,OBJ033_022.jpg
/content/data/IE7615 Deep Learning for AI/images_OBJ014/sunglasses_084.jpeg,images_OBJ014,13,sunglasses_084.jpeg
/content/data/IE7615 Deep Learning for AI/images_OBJ015/OBJ015_064.jpg,images_OBJ015,14,OBJ015_064.jpg
/content/data/IE7615 Deep Learning for AI/images_OBJ035/OBJ035_044.jpg,images_OBJ035,34,OBJ035_044.jpg
/content/data/IE7615 Deep Learning for AI/images_OBJ055/OBJ055_044.jpg,images_OBJ055,54,OBJ055_044.jpg
/content/data/IE7615 Deep Learning for AI/images_OBJ030/OBJ030_001.jpg,images_OBJ030,29,OBJ030_001.jpg
/content/data/IE7615 Deep Learning for AI/images_OBJ047/OBJ047_087.jpg,images_OBJ047,46,OBJ047_087.jpg
/content/data/IE7615 Deep Learning for AI/images_OBJ061/OBJ061_083.jpg,images_OBJ061,60,OBJ061_083.jpg
/content/data/IE7615 Deep Learning for AI/images_OBJ056/OBJ056_028.jpg,images_OBJ056,55,OBJ056_028.jpg
/content/data/IE7615 Deep Learning for AI/images_OBJ029/OBJ029_010.jpg,images_OBJ029,28,OBJ029_010.jpg
/content/data/IE7615 Deep Learning for AI/images_OBJ003/OBJ003_073.jpg,images_OBJ003,2,OBJ003_073.jpg
/content/data/IE7615 Deep Learning for AI/images_OBJ052/OBJ052_018.jpg,images_OBJ052,51,OBJ052_018.jpg
/content/data/IE7615 Deep Learning for AI/images_OBJ062/OBJ062_010.jpg,images_OBJ062,61,OBJ062_010.jpg
/content/data/IE7615 Deep Learning for AI/images_OBJ001/OBJ001_012.jpg,images_OBJ001,0,OBJ001_012.jpg
/content/data/IE7615 Deep Learning for AI/images_OBJ054/OBJ054_080.jpg,images_OBJ054,53,OBJ054_080.jpg
/content/data/IE7615 Deep Learning for AI/images_OBJ068/OBJ068_052.jpg,images_OBJ068,67,OBJ068_052.jpg
/content/data/IE7615 Deep Learning for AI/images_OBJ024/OBJ024_025.jpg,images_OBJ024,23,OBJ024_025.jpg
/content/data/IE7615 Deep Learning for AI/images_OBJ028/OBJ028_054.jpg,images_OBJ028,27,OBJ028_054.jpg
/content/data/IE7615 Deep Learning for AI/images_OBJ015/OBJ015_040.jpg,images_OBJ015,14,OBJ015_040.jpg
/content/data/IE7615 Deep Learning for AI/images_OBJ035/OBJ035_013.jpg,images_OBJ035,34,OBJ035_013.jpg
/content/data/IE7615 Deep Learning for AI/images_OBJ064/OBJ064_063.jpg,images_OBJ064,63,OBJ064_063.jpg
/content/data/IE7615 Deep Learning for AI/images_OBJ066/OBJ066_087.jpg,images_OBJ066,65,OBJ066_087.jpg
/content/data/IE7615 Deep Learning for AI/images_OBJ047/OBJ047_028.jpg,images_OBJ047,46,OBJ047_028.jpg
/content/data/IE7615 Deep Learning for AI/images_OBJ066/OBJ066_067.jpg,images_OBJ066,65,OBJ066_067.jpg
/content/data/IE7615 Deep Learning for AI/images_OBJ009/OBJ009_060.jpg,images_OBJ009,8,OBJ009_060.jpg
/content/data/IE7615 Deep Learning for AI/images_OBJ009/OBJ009_036.jpg,images_OBJ009,8,OBJ009_036.jpg
/content/data/IE7615 Deep Learning for AI/images_OBJ055/OBJ055_005.jpg,images_OBJ055,54,OBJ055_005.jpg
/content/data/IE7615 Deep Learning for AI/images_OBJ050/OBJ050_048.jpg,images_OBJ050,49,OBJ050_048.jpg
/content/data/IE7615 Deep Learning for AI/images_OBJ042/OBJ042_053.jpg,images_OBJ042,41,OBJ042_053.jpg
/content/data/IE7615 Deep Learning for AI/images_OBJ006/OBJ006_074.jpg,images_OBJ006,5,OBJ006_074.jpg
/content/data/IE7615 Deep Learning for AI/images_OBJ031/OBJ031_022.jpg,images_OBJ031,30,OBJ031_022.jpg
/content/data/IE7615 Deep Learning for AI/images_OBJ058/OBJ058_053.jpg,images_OBJ058,57,OBJ058_053.jpg
/content/data/IE7615 Deep Learning for AI/images_OBJ049/OBJ049_039.jpg,images_OBJ049,48,OBJ049_039.jpg
/content/data/IE7615 Deep Learning for AI/images_OBJ070/OBJ070_017.jpg,images_OBJ070,69,OBJ070_017.jpg
/content/data/IE7615 Deep Learning for AI/images_OBJ029/OBJ029_012.jpg,images_OBJ029,28,OBJ029_012.jpg
/content/data/IE7615 Deep Learning for AI/images_OBJ014/sunglasses_078.jpeg,images_OBJ014,13,sunglasses_078.jpeg
/content/data/IE7615 Deep Learning for AI/images_OBJ033/OBJ033_089.jpg,images_OBJ033,32,OBJ033_089.jpg
/content/data/IE7615 Deep Learning for AI/images_OBJ045/OBJ045_061.jpg,images_OBJ045,44,OBJ045_061.jpg
/content/data/IE7615 Deep Learning for AI/images_OBJ047/OBJ047_025.jpg,images_OBJ047,46,OBJ047_025.jpg
/content/data/IE7615 Deep Learning for AI/images_OBJ020/OBJ020_026.jpg,images_OBJ020,19,OBJ020_026.jpg
/content/data/IE7615 Deep Learning for AI/images_OBJ003/OBJ003_041.jpg,images_OBJ003,2,OBJ003_041.jpg
/content/data/IE7615 Deep Learning for AI/images_OBJ035/OBJ035_022.jpg,images_OBJ035,34,OBJ035_022.jpg
/content/data/IE7615 Deep Learning for AI/images_OBJ055/OBJ055_012.jpg,images_OBJ055,54,OBJ055_012.jpg
/content/data/IE7615 Deep Learning for AI/images_OBJ002/OBJ002_068.jpg,images_OBJ002,1,OBJ002_068.jpg
/content/data/IE7615 Deep Learning for AI/images_OBJ046/OBJ046_047.jpg,images_OBJ046,45,OBJ046_047.jpg
/content/data/IE7615 Deep Learning for AI/images_OBJ051/OBJ051_036.jpg,images_OBJ051,50,OBJ051_036.jpg
/content/data/IE7615 Deep Learning for AI/images_OBJ008/OBJ008_038.jpg,images_OBJ008,7,OBJ008_038.jpg
/content/data/IE7615 Deep Learning for AI/images_OBJ064/OBJ064_036.jpg,images_OBJ064,63,OBJ064_036.jpg
/content/data/IE7615 Deep Learning for AI/images_OBJ048/OBJ048_054.jpg,images_OBJ048,47,OBJ048_054.jpg
/content/data/IE7615 Deep Learning for AI/images_OBJ006/OBJ006_042.jpg,images_OBJ006,5,OBJ006_042.jpg
/content/data/IE7615 Deep Learning for AI/images_OBJ048/OBJ048_088.jpg,images_OBJ048,47,OBJ048_088.jpg
/content/data/IE7615 Deep Learning for AI/images_OBJ025/OBJ025_018.jpg,images_OBJ025,24,OBJ025_018.jpg
/content/data/IE7615 Deep Learning for AI/images_OBJ045/OBJ045_043.jpg,images_OBJ045,44,OBJ045_043.jpg
/content/data/IE7615 Deep Learning for AI/images_OBJ064/OBJ064_016.jpg,images_OBJ064,63,OBJ064_016.jpg
/content/data/IE7615 Deep Learning for AI/images_OBJ048/OBJ048_064.jpg,images_OBJ048,47,OBJ048_064.jpg
/content/data/IE7615 Deep Learning for AI/images_OBJ009/OBJ009_091.jpg,images_OBJ009,8,OBJ009_091.jpg
/content/data/IE7615 Deep Learning for AI/images_OBJ032/OBJ032_084.jpg,images_OBJ032,31,OBJ032_084.jpg
/content/data/IE7615 Deep Learning for AI/images_OBJ014/sunglasses_022.jpeg,images_OBJ014,13,sunglasses_022.jpeg
/content/data/IE7615 Deep Learning for AI/images_OBJ008/OBJ008_029.jpg,images_OBJ008,7,OBJ008_029.jpg
/content/data/IE7615 Deep Learning for AI/images_OBJ050/OBJ050_066.jpg,images_OBJ050,49,OBJ050_066.jpg
/content/data/IE7615 Deep Learning for AI/images_OBJ040/OBJ040_040.JPG,images_OBJ040,39,OBJ040_040.JPG
/content/data/IE7615 Deep Learning for AI/images_OBJ053/OBJ053_034.jpg,images_OBJ053,52,OBJ053_034.jpg
/content/data/IE7615 Deep Learning for AI/images_OBJ024/OBJ024_066.jpg,images_OBJ024,23,OBJ024_066.jpg
/content/data/IE7615 Deep Learning for AI/images_OBJ003/OBJ003_030.jpg,images_OBJ003,2,OBJ003_030.jpg
/content/data/IE7615 Deep Learning for AI/images_OBJ046/OBJ046_064.jpg,images_OBJ046,45,OBJ046_064.jpg
/content/data/IE7615 Deep Learning for AI/images_OBJ019/OBJ019_042.jpg,images_OBJ019,18,OBJ019_042.jpg
/content/data/IE7615 Deep Learning for AI/images_OBJ068/OBJ068_027.jpg,images_OBJ068,67,OBJ068_027.jpg
/content/data/IE7615 Deep Learning for AI/images_OBJ039/OBJ039_035.jpg,images_OBJ039,38,OBJ039_035.jpg
/content/data/IE7615 Deep Learning for AI/images_OBJ031/OBJ031_012.jpg,images_OBJ031,30,OBJ031_012.jpg
/content/data/IE7615 Deep Learning for AI/images_OBJ071/OBJ071_013.jpg,images_OBJ071,70,OBJ071_013.jpg
/content/data/IE7615 Deep Learning for AI/images_OBJ070/OBJ070_050.jpg,images_OBJ070,69,OBJ070_050.jpg
/content/data/IE7615 Deep Learning for AI/images_OBJ024/OBJ024_086.jpg,images_OBJ024,23,OBJ024_086.jpg
/content/data/IE7615 Deep Learning for AI/images_OBJ068/OBJ068_042.jpg,images_OBJ068,67,OBJ068_042.jpg
/content/data/IE7615 Deep Learning for AI/images_OBJ021/OBJ021_087.jpg,images_OBJ021,20,OBJ021_087.jpg
/content/data/IE7615 Deep Learning for AI/images_OBJ023/OBJ023_065.JPG,images_OBJ023,22,OBJ023_065.JPG
/content/data/IE7615 Deep Learning for AI/images_OBJ049/OBJ049_078.jpg,images_OBJ049,48,OBJ049_078.jpg
/content/data/IE7615 Deep Learning for AI/images_OBJ043/OBJ043_044.jpg,images_OBJ043,42,OBJ043_044.jpg
/content/data/IE7615 Deep Learning for AI/images_OBJ021/OBJ021_076.jpg,images_OBJ021,20,OBJ021_076.jpg
/content/data/IE7615 Deep Learning for AI/images_OBJ013/OBJ013_013.jpg,images_OBJ013,12,OBJ013_013.jpg
/content/data/IE7615 Deep Learning for AI/images_OBJ036/OBJ036_082.jpg,images_OBJ036,35,OBJ036_082.jpg
/content/data/IE7615 Deep Learning for AI/images_OBJ031/OBJ031_004.jpg,images_OBJ031,30,OBJ031_004.jpg
/content/data/IE7615 Deep Learning for AI/images_OBJ020/OBJ020_035.jpg,images_OBJ020,19,OBJ020_035.jpg
/content/data/IE7615 Deep Learning for AI/images_OBJ040/OBJ040_030.JPG,images_OBJ040,39,OBJ040_030.JPG
/content/data/IE7615 Deep Learning for AI/images_OBJ059/OBJ059_041.jpg,images_OBJ059,58,OBJ059_041.jpg
/content/data/IE7615 Deep Learning for AI/images_OBJ006/OBJ006_043.jpg,images_OBJ006,5,OBJ006_043.jpg
/content/data/IE7615 Deep Learning for AI/images_OBJ009/OBJ009_015.jpg,images_OBJ009,8,OBJ009_015.jpg
/content/data/IE7615 Deep Learning for AI/images_OBJ026/OBJ026_001.jpg,images_OBJ026,25,OBJ026_001.jpg
/content/data/IE7615 Deep Learning for AI/images_OBJ061/OBJ061_074.jpg,images_OBJ061,60,OBJ061_074.jpg
/content/data/IE7615 Deep Learning for AI/images_OBJ058/OBJ058_026.jpg,images_OBJ058,57,OBJ058_026.jpg
/content/data/IE7615 Deep Learning for AI/images_OBJ049/OBJ049_089.jpg,images_OBJ049,48,OBJ049_089.jpg
/content/data/IE7615 Deep Learning for AI/images_OBJ070/OBJ070_014.jpg,images_OBJ070,69,OBJ070_014.jpg
/content/data/IE7615 Deep Learning for AI/images_OBJ073/OBJ073_041.jpg,images_OBJ073,72,OBJ073_041.jpg
/content/data/IE7615 Deep Learning for AI/images_OBJ032/OBJ032_038.jpg,images_OBJ032,31,OBJ032_038.jpg
/content/data/IE7615 Deep Learning for AI/images_OBJ070/OBJ070_030.jpg,images_OBJ070,69,OBJ070_030.jpg
/content/data/IE7615 Deep Learning for AI/images_OBJ021/OBJ021_085.jpg,images_OBJ021,20,OBJ021_085.jpg
/content/data/IE7615 Deep Learning for AI/images_OBJ029/OBJ029_046.jpg,images_OBJ029,28,OBJ029_046.jpg
/content/data/IE7615 Deep Learning for AI/images_OBJ048/OBJ048_008.jpg,images_OBJ048,47,OBJ048_008.jpg
/content/data/IE7615 Deep Learning for AI/images_OBJ068/OBJ068_024.jpg,images_OBJ068,67,OBJ068_024.jpg
/content/data/IE7615 Deep Learning for AI/images_OBJ068/OBJ068_040.jpg,images_OBJ068,67,OBJ068_040.jpg
/content/data/IE7615 Deep Learning for AI/images_OBJ006/OBJ006_006.jpg,images_OBJ006,5,OBJ006_006.jpg
/content/data/IE7615 Deep Learning for AI/images_OBJ029/OBJ029_009.jpg,images_OBJ029,28,OBJ029_009.jpg
/content/data/IE7615 Deep Learning for AI/images_OBJ035/OBJ035_061.jpg,images_OBJ035,34,OBJ035_061.jpg
/content/data/IE7615 Deep Learning for AI/images_OBJ027/OBJ027_043.jpg,images_OBJ027,26,OBJ027_043.jpg
/content/data/IE7615 Deep Learning for AI/images_OBJ016/OBJ016_051.jpg,images_OBJ016,15,OBJ016_051.jpg
/content/data/IE7615 Deep Learning for AI/images_OBJ041/OBJ041_044.jpg,images_OBJ041,40,OBJ041_044.jpg
/content/data/IE7615 Deep Learning for AI/images_OBJ063/OBJ063_060.jpg,images_OBJ063,62,OBJ063_060.jpg
/content/data/IE7615 Deep Learning for AI/images_OBJ016/OBJ016_076.jpg,images_OBJ016,15,OBJ016_076.jpg
/content/data/IE7615 Deep Learning for AI/images_OBJ045/OBJ045_085.jpg,images_OBJ045,44,OBJ045_085.jpg
/content/data/IE7615 Deep Learning for AI/images_OBJ010/OBJ010_065.jpg,images_OBJ010,9,OBJ010_065.jpg
/content/data/IE7615 Deep Learning for AI/images_OBJ044/OBJ044_050.jpg,images_OBJ044,43,OBJ044_050.jpg
/content/data/IE7615 Deep Learning for AI/images_OBJ016/OBJ016_091.jpg,images_OBJ016,15,OBJ016_091.jpg
/content/data/IE7615 Deep Learning for AI/images_OBJ027/OBJ027_047.jpg,images_OBJ027,26,OBJ027_047.jpg
/content/data/IE7615 Deep Learning for AI/images_OBJ060/OBJ060_31.JPG,images_OBJ060,59,OBJ060_31.JPG
/content/data/IE7615 Deep Learning for AI/images_OBJ018/OBJ018_063.jpg,images_OBJ018,17,OBJ018_063.jpg
/content/data/IE7615 Deep Learning for AI/images_OBJ026/OBJ026_066.jpg,images_OBJ026,25,OBJ026_066.jpg
/content/data/IE7615 Deep Learning for AI/images_OBJ024/OBJ024_018.jpg,images_OBJ024,23,OBJ024_018.jpg
/content/data/IE7615 Deep Learning for AI/images_OBJ007/OBJ007_092.jpg,images_OBJ007,6,OBJ007_092.jpg
/content/data/IE7615 Deep Learning for AI/images_OBJ012/OBJ012_059.jpg,images_OBJ012,11,OBJ012_059.jpg
/content/data/IE7615 Deep Learning for AI/images_OBJ004/OBJ004_055.jpg,images_OBJ004,3,OBJ004_055.jpg
/content/data/IE7615 Deep Learning for AI/images_OBJ026/OBJ026_030.jpg,images_OBJ026,25,OBJ026_030.jpg
/content/data/IE7615 Deep Learning for AI/images_OBJ030/OBJ030_004.jpg,images_OBJ030,29,OBJ030_004.jpg
/content/data/IE7615 Deep Learning for AI/images_OBJ047/OBJ047_081.jpg,images_OBJ047,46,OBJ047_081.jpg
/content/data/IE7615 Deep Learning for AI/images_OBJ010/OBJ010_048.jpg,images_OBJ010,9,OBJ010_048.jpg
/content/data/IE7615 Deep Learning for AI/images_OBJ045/OBJ045_042.jpg,images_OBJ045,44,OBJ045_042.jpg
/content/data/IE7615 Deep Learning for AI/images_OBJ037/OBJ037_038.jpg,images_OBJ037,36,OBJ037_038.jpg
/content/data/IE7615 Deep Learning for AI/images_OBJ033/OBJ033_035.jpg,images_OBJ033,32,OBJ033_035.jpg
/content/data/IE7615 Deep Learning for AI/images_OBJ033/OBJ033_044.jpg,images_OBJ033,32,OBJ033_044.jpg
/content/data/IE7615 Deep Learning for AI/images_OBJ010/OBJ010_012.jpg,images_OBJ010,9,OBJ010_012.jpg
/content/data/IE7615 Deep Learning for AI/images_OBJ041/OBJ041_006.jpg,images_OBJ041,40,OBJ041_006.jpg
/content/data/IE7615 Deep Learning for AI/images_OBJ006/OBJ006_034.jpg,images_OBJ006,5,OBJ006_034.jpg
/content/data/IE7615 Deep Learning for AI/images_OBJ021/OBJ021_055.jpg,images_OBJ021,20,OBJ021_055.jpg
/content/data/IE7615 Deep Learning for AI/images_OBJ061/OBJ061_003.jpg,images_OBJ061,60,OBJ061_003.jpg
/content/data/IE7615 Deep Learning for AI/images_OBJ069/OBJ069_049.jpg,images_OBJ069,68,OBJ069_049.jpg
/content/data/IE7615 Deep Learning for AI/images_OBJ016/OBJ016_055.jpg,images_OBJ016,15,OBJ016_055.jpg
/content/data/IE7615 Deep Learning for AI/images_OBJ006/OBJ006_077.jpg,images_OBJ006,5,OBJ006_077.jpg
/content/data/IE7615 Deep Learning for AI/images_OBJ070/OBJ070_035.jpg,images_OBJ070,69,OBJ070_035.jpg
/content/data/IE7615 Deep Learning for AI/images_OBJ007/OBJ007_056.jpg,images_OBJ007,6,OBJ007_056.jpg
/content/data/IE7615 Deep Learning for AI/images_OBJ050/OBJ050_060.jpg,images_OBJ050,49,OBJ050_060.jpg
/content/data/IE7615 Deep Learning for AI/images_OBJ002/OBJ002_038.jpg,images_OBJ002,1,OBJ002_038.jpg
/content/data/IE7615 Deep Learning for AI/images_OBJ004/OBJ004_071.jpg,images_OBJ004,3,OBJ004_071.jpg
/content/data/IE7615 Deep Learning for AI/images_OBJ040/OBJ040_004.JPG,images_OBJ040,39,OBJ040_004.JPG
/content/data/IE7615 Deep Learning for AI/images_OBJ059/OBJ059_035.jpg,images_OBJ059,58,OBJ059_035.jpg
/content/data/IE7615 Deep Learning for AI/images_OBJ054/OBJ054_004.jpg,images_OBJ054,53,OBJ054_004.jpg
/content/data/IE7615 Deep Learning for AI/images_OBJ009/OBJ009_077.jpg,images_OBJ009,8,OBJ009_077.jpg
/content/data/IE7615 Deep Learning for AI/images_OBJ045/OBJ045_001.jpg,images_OBJ045,44,OBJ045_001.jpg
/content/data/IE7615 Deep Learning for AI/images_OBJ041/OBJ041_063.jpg,images_OBJ041,40,OBJ041_063.jpg
/content/data/IE7615 Deep Learning for AI/images_OBJ049/OBJ049_011.jpg,images_OBJ049,48,OBJ049_011.jpg
/content/data/IE7615 Deep Learning for AI/images_OBJ061/OBJ061_073.jpg,images_OBJ061,60,OBJ061_073.jpg
/content/data/IE7615 Deep Learning for AI/images_OBJ016/OBJ016_036.jpg,images_OBJ016,15,OBJ016_036.jpg
/content/data/IE7615 Deep Learning for AI/images_OBJ003/OBJ003_025.jpg,images_OBJ003,2,OBJ003_025.jpg
/content/data/IE7615 Deep Learning for AI/images_OBJ017/OBJ017_036.jpg,images_OBJ017,16,OBJ017_036.jpg
/content/data/IE7615 Deep Learning for AI/images_OBJ027/OBJ027_023.jpg,images_OBJ027,26,OBJ027_023.jpg
/content/data/IE7615 Deep Learning for AI/images_OBJ050/OBJ050_065.jpg,images_OBJ050,49,OBJ050_065.jpg
/content/data/IE7615 Deep Learning for AI/images_OBJ023/OBJ023_063.JPG,images_OBJ023,22,OBJ023_063.JPG
/content/data/IE7615 Deep Learning for AI/images_OBJ001/OBJ001_037.jpg,images_OBJ001,0,OBJ001_037.jpg
/content/data/IE7615 Deep Learning for AI/images_OBJ017/OBJ017_034.jpg,images_OBJ017,16,OBJ017_034.jpg
/content/data/IE7615 Deep Learning for AI/images_OBJ011/OBJ011_045.jpg,images_OBJ011,10,OBJ011_045.jpg
/content/data/IE7615 Deep Learning for AI/images_OBJ044/OBJ044_012.jpg,images_OBJ044,43,OBJ044_012.jpg
/content/data/IE7615 Deep Learning for AI/images_OBJ048/OBJ048_084.jpg,images_OBJ048,47,OBJ048_084.jpg
/content/data/IE7615 Deep Learning for AI/images_OBJ053/OBJ053_046.jpg,images_OBJ053,52,OBJ053_046.jpg
/content/data/IE7615 Deep Learning for AI/images_OBJ062/OBJ062_062.jpg,images_OBJ062,61,OBJ062_062.jpg
/content/data/IE7615 Deep Learning for AI/images_OBJ055/OBJ055_065.jpg,images_OBJ055,54,OBJ055_065.jpg
/content/data/IE7615 Deep Learning for AI/images_OBJ069/OBJ069_077.jpg,images_OBJ069,68,OBJ069_077.jpg
/content/data/IE7615 Deep Learning for AI/images_OBJ058/OBJ058_088.jpg,images_OBJ058,57,OBJ058_088.jpg
/content/data/IE7615 Deep Learning for AI/images_OBJ045/OBJ045_073.jpg,images_OBJ045,44,OBJ045_073.jpg
/content/data/IE7615 Deep Learning for AI/images_OBJ002/OBJ002_087.jpg,images_OBJ002,1,OBJ002_087.jpg
/content/data/IE7615 Deep Learning for AI/images_OBJ001/OBJ001_008.jpg,images_OBJ001,0,OBJ001_008.jpg
/content/data/IE7615 Deep Learning for AI/images_OBJ037/OBJ037_008.jpg,images_OBJ037,36,OBJ037_008.jpg
/content/data/IE7615 Deep Learning for AI/images_OBJ013/OBJ013_017.jpg,images_OBJ013,12,OBJ013_017.jpg
/content/data/IE7615 Deep Learning for AI/images_OBJ034/OBJ034_039.jpg,images_OBJ034,33,OBJ034_039.jpg
/content/data/IE7615 Deep Learning for AI/images_OBJ069/OBJ069_013.jpg,images_OBJ069,68,OBJ069_013.jpg
/content/data/IE7615 Deep Learning for AI/images_OBJ003/OBJ003_075.jpg,images_OBJ003,2,OBJ003_075.jpg
/content/data/IE7615 Deep Learning for AI/images_OBJ010/OBJ010_069.jpg,images_OBJ010,9,OBJ010_069.jpg
/content/data/IE7615 Deep Learning for AI/images_OBJ072/OBJ072_039.jpg,images_OBJ072,71,OBJ072_039.jpg
/content/data/IE7615 Deep Learning for AI/images_OBJ016/OBJ016_044.jpg,images_OBJ016,15,OBJ016_044.jpg
/content/data/IE7615 Deep Learning for AI/images_OBJ034/OBJ034_095.jpg,images_OBJ034,33,OBJ034_095.jpg
/content/data/IE7615 Deep Learning for AI/images_OBJ071/OBJ071_028.jpg,images_OBJ071,70,OBJ071_028.jpg
/content/data/IE7615 Deep Learning for AI/images_OBJ063/OBJ063_058.jpg,images_OBJ063,62,OBJ063_058.jpg
/content/data/IE7615 Deep Learning for AI/images_OBJ051/OBJ051_007.jpg,images_OBJ051,50,OBJ051_007.jpg
/content/data/IE7615 Deep Learning for AI/images_OBJ014/sunglasses_069.jpeg,images_OBJ014,13,sunglasses_069.jpeg
/content/data/IE7615 Deep Learning for AI/images_OBJ034/OBJ034_047.jpg,images_OBJ034,33,OBJ034_047.jpg
/content/data/IE7615 Deep Learning for AI/images_OBJ004/OBJ004_004.jpg,images_OBJ004,3,OBJ004_004.jpg
/content/data/IE7615 Deep Learning for AI/images_OBJ006/OBJ006_046.jpg,images_OBJ006,5,OBJ006_046.jpg
/content/data/IE7615 Deep Learning for AI/images_OBJ015/OBJ015_091.jpg,images_OBJ015,14,OBJ015_091.jpg
/content/data/IE7615 Deep Learning for AI/images_OBJ022/OBJ022_078.jpeg,images_OBJ022,21,OBJ022_078.jpeg
/content/data/IE7615 Deep Learning for AI/images_OBJ054/OBJ054_010.jpg,images_OBJ054,53,OBJ054_010.jpg
/content/data/IE7615 Deep Learning for AI/images_OBJ035/OBJ035_047.jpg,images_OBJ035,34,OBJ035_047.jpg
/content/data/IE7615 Deep Learning for AI/images_OBJ069/OBJ069_074.jpg,images_OBJ069,68,OBJ069_074.jpg
/content/data/IE7615 Deep Learning for AI/images_OBJ020/OBJ020_029.jpg,images_OBJ020,19,OBJ020_029.jpg
/content/data/IE7615 Deep Learning for AI/images_OBJ001/OBJ001_075.jpg,images_OBJ001,0,OBJ001_075.jpg
/content/data/IE7615 Deep Learning for AI/images_OBJ026/OBJ026_023.jpg,images_OBJ026,25,OBJ026_023.jpg
/content/data/IE7615 Deep Learning for AI/images_OBJ061/OBJ061_054.jpg,images_OBJ061,60,OBJ061_054.jpg
/content/data/IE7615 Deep Learning for AI/images_OBJ073/OBJ073_059.jpg,images_OBJ073,72,OBJ073_059.jpg
/content/data/IE7615 Deep Learning for AI/images_OBJ060/OBJ060_87.JPG,images_OBJ060,59,OBJ060_87.JPG
/content/data/IE7615 Deep Learning for AI/images_OBJ044/OBJ044_010.jpg,images_OBJ044,43,OBJ044_010.jpg
/content/data/IE7615 Deep Learning for AI/images_OBJ026/OBJ026_089.jpg,images_OBJ026,25,OBJ026_089.jpg
/content/data/IE7615 Deep Learning for AI/images_OBJ006/OBJ006_057.jpg,images_OBJ006,5,OBJ006_057.jpg
/content/data/IE7615 Deep Learning for AI/images_OBJ053/OBJ053_065.jpg,images_OBJ053,52,OBJ053_065.jpg
/content/data/IE7615 Deep Learning for AI/images_OBJ069/OBJ069_004.jpg,images_OBJ069,68,OBJ069_004.jpg
/content/data/IE7615 Deep Learning for AI/images_OBJ028/OBJ028_080.jpg,images_OBJ028,27,OBJ028_080.jpg
/content/data/IE7615 Deep Learning for AI/images_OBJ042/OBJ042_030.jpg,images_OBJ042,41,OBJ042_030.jpg
/content/data/IE7615 Deep Learning for AI/images_OBJ064/OBJ064_055.jpg,images_OBJ064,63,OBJ064_055.jpg
/content/data/IE7615 Deep Learning for AI/images_OBJ036/OBJ036_058.jpg,images_OBJ036,35,OBJ036_058.jpg
/content/data/IE7615 Deep Learning for AI/images_OBJ029/OBJ029_042.jpg,images_OBJ029,28,OBJ029_042.jpg
/content/data/IE7615 Deep Learning for AI/images_OBJ050/OBJ050_005.jpg,images_OBJ050,49,OBJ050_005.jpg
/content/data/IE7615 Deep Learning for AI/images_OBJ061/OBJ061_025.jpg,images_OBJ061,60,OBJ061_025.jpg
/content/data/IE7615 Deep Learning for AI/images_OBJ042/OBJ042_054.jpg,images_OBJ042,41,OBJ042_054.jpg
/content/data/IE7615 Deep Learning for AI/images_OBJ024/OBJ024_078.jpg,images_OBJ024,23,OBJ024_078.jpg
/content/data/IE7615 Deep Learning for AI/images_OBJ028/OBJ028_093.jpg,images_OBJ028,27,OBJ028_093.jpg
/content/data/IE7615 Deep Learning for AI/images_OBJ006/OBJ006_067.jpg,images_OBJ006,5,OBJ006_067.jpg
/content/data/IE7615 Deep Learning for AI/images_OBJ019/OBJ019_053.jpg,images_OBJ019,18,OBJ019_053.jpg
/content/data/IE7615 Deep Learning for AI/images_OBJ007/OBJ007_023.jpg,images_OBJ007,6,OBJ007_023.jpg
/content/data/IE7615 Deep Learning for AI/images_OBJ067/OBJ067_0028.jpg,images_OBJ067,66,OBJ067_0028.jpg
/content/data/IE7615 Deep Learning for AI/images_OBJ018/OBJ018_091.jpg,images_OBJ018,17,OBJ018_091.jpg
/content/data/IE7615 Deep Learning for AI/images_OBJ053/OBJ053_029.jpg,images_OBJ053,52,OBJ053_029.jpg
/content/data/IE7615 Deep Learning for AI/images_OBJ046/OBJ046_074.jpg,images_OBJ046,45,OBJ046_074.jpg
/content/data/IE7615 Deep Learning for AI/images_OBJ009/OBJ009_044.jpg,images_OBJ009,8,OBJ009_044.jpg
/content/data/IE7615 Deep Learning for AI/images_OBJ058/OBJ058_046.jpg,images_OBJ058,57,OBJ058_046.jpg
/content/data/IE7615 Deep Learning for AI/images_OBJ004/OBJ004_062.jpg,images_OBJ004,3,OBJ004_062.jpg
/content/data/IE7615 Deep Learning for AI/images_OBJ013/OBJ013_041.jpg,images_OBJ013,12,OBJ013_041.jpg
/content/data/IE7615 Deep Learning for AI/images_OBJ016/OBJ016_067.jpg,images_OBJ016,15,OBJ016_067.jpg
/content/data/IE7615 Deep Learning for AI/images_OBJ056/OBJ056_013.jpg,images_OBJ056,55,OBJ056_013.jpg
/content/data/IE7615 Deep Learning for AI/images_OBJ056/OBJ056_019.jpg,images_OBJ056,55,OBJ056_019.jpg
/content/data/IE7615 Deep Learning for AI/images_OBJ020/OBJ020_041.jpg,images_OBJ020,19,OBJ020_041.jpg
/content/data/IE7615 Deep Learning for AI/images_OBJ066/OBJ066_012.jpg,images_OBJ066,65,OBJ066_012.jpg
/content/data/IE7615 Deep Learning for AI/images_OBJ045/OBJ045_018.jpg,images_OBJ045,44,OBJ045_018.jpg
/content/data/IE7615 Deep Learning for AI/images_OBJ057/OBJ057_090.jpg,images_OBJ057,56,OBJ057_090.jpg
/content/data/IE7615 Deep Learning for AI/images_OBJ012/OBJ012_085.jpg,images_OBJ012,11,OBJ012_085.jpg
/content/data/IE7615 Deep Learning for AI/images_OBJ020/OBJ020_010.jpg,images_OBJ020,19,OBJ020_010.jpg
/content/data/IE7615 Deep Learning for AI/images_OBJ046/OBJ046_003.jpg,images_OBJ046,45,OBJ046_003.jpg
/content/data/IE7615 Deep Learning for AI/images_OBJ020/OBJ020_014.jpg,images_OBJ020,19,OBJ020_014.jpg
/content/data/IE7615 Deep Learning for AI/images_OBJ038/OBJ038_065.jpg,images_OBJ038,37,OBJ038_065.jpg
/content/data/IE7615 Deep Learning for AI/images_OBJ019/OBJ019_089.jpg,images_OBJ019,18,OBJ019_089.jpg
/content/data/IE7615 Deep Learning for AI/images_OBJ056/OBJ056_045.jpg,images_OBJ056,55,OBJ056_045.jpg
/content/data/IE7615 Deep Learning for AI/images_OBJ033/OBJ033_027.jpg,images_OBJ033,32,OBJ033_027.jpg
/content/data/IE7615 Deep Learning for AI/images_OBJ037/OBJ037_025.jpg,images_OBJ037,36,OBJ037_025.jpg
/content/data/IE7615 Deep Learning for AI/images_OBJ050/OBJ050_090.jpg,images_OBJ050,49,OBJ050_090.jpg
/content/data/IE7615 Deep Learning for AI/images_OBJ036/OBJ036_038.jpg,images_OBJ036,35,OBJ036_038.jpg
/content/data/IE7615 Deep Learning for AI/images_OBJ069/OBJ069_045.jpg,images_OBJ069,68,OBJ069_045.jpg
/content/data/IE7615 Deep Learning for AI/images_OBJ045/OBJ045_023.jpg,images_OBJ045,44,OBJ045_023.jpg
/content/data/IE7615 Deep Learning for AI/images_OBJ060/OBJ060_93.JPG,images_OBJ060,59,OBJ060_93.JPG
/content/data/IE7615 Deep Learning for AI/images_OBJ042/OBJ042_041.jpg,images_OBJ042,41,OBJ042_041.jpg
/content/data/IE7615 Deep Learning for AI/images_OBJ069/OBJ069_002.jpg,images_OBJ069,68,OBJ069_002.jpg
/content/data/IE7615 Deep Learning for AI/images_OBJ024/OBJ024_059.jpg,images_OBJ024,23,OBJ024_059.jpg
/content/data/IE7615 Deep Learning for AI/images_OBJ008/OBJ008_043.jpg,images_OBJ008,7,OBJ008_043.jpg
/content/data/IE7615 Deep Learning for AI/images_OBJ036/OBJ036_016.jpg,images_OBJ036,35,OBJ036_016.jpg
/content/data/IE7615 Deep Learning for AI/images_OBJ039/OBJ039_040.jpg,images_OBJ039,38,OBJ039_040.jpg
/content/data/IE7615 Deep Learning for AI/images_OBJ035/OBJ035_071.jpg,images_OBJ035,34,OBJ035_071.jpg
/content/data/IE7615 Deep Learning for AI/images_OBJ035/OBJ035_053.jpg,images_OBJ035,34,OBJ035_053.jpg
/content/data/IE7615 Deep Learning for AI/images_OBJ063/OBJ063_031.jpg,images_OBJ063,62,OBJ063_031.jpg
/content/data/IE7615 Deep Learning for AI/images_OBJ012/OBJ012_016.jpg,images_OBJ012,11,OBJ012_016.jpg
/content/data/IE7615 Deep Learning for AI/images_OBJ018/OBJ018_030.jpg,images_OBJ018,17,OBJ018_030.jpg
/content/data/IE7615 Deep Learning for AI/images_OBJ019/OBJ019_052.jpg,images_OBJ019,18,OBJ019_052.jpg
/content/data/IE7615 Deep Learning for AI/images_OBJ010/OBJ010_050.jpg,images_OBJ010,9,OBJ010_050.jpg
/content/data/IE7615 Deep Learning for AI/images_OBJ056/OBJ056_080.jpg,images_OBJ056,55,OBJ056_080.jpg
/content/data/IE7615 Deep Learning for AI/images_OBJ038/OBJ038_043.jpg,images_OBJ038,37,OBJ038_043.jpg
/content/data/IE7615 Deep Learning for AI/images_OBJ047/OBJ047_030.jpg,images_OBJ047,46,OBJ047_030.jpg
/content/data/IE7615 Deep Learning for AI/images_OBJ011/OBJ011_022.jpg,images_OBJ011,10,OBJ011_022.jpg
/content/data/IE7615 Deep Learning for AI/images_OBJ003/OBJ003_083.jpg,images_OBJ003,2,OBJ003_083.jpg
/content/data/IE7615 Deep Learning for AI/images_OBJ004/OBJ004_076.jpg,images_OBJ004,3,OBJ004_076.jpg
/content/data/IE7615 Deep Learning for AI/images_OBJ048/OBJ048_012.jpg,images_OBJ048,47,OBJ048_012.jpg
/content/data/IE7615 Deep Learning for AI/images_OBJ049/OBJ049_072.jpg,images_OBJ049,48,OBJ049_072.jpg
/content/data/IE7615 Deep Learning for AI/images_OBJ004/OBJ004_061.jpg,images_OBJ004,3,OBJ004_061.jpg
/content/data/IE7615 Deep Learning for AI/images_OBJ021/OBJ021_065.jpg,images_OBJ021,20,OBJ021_065.jpg
/content/data/IE7615 Deep Learning for AI/images_OBJ011/OBJ011_084.jpg,images_OBJ011,10,OBJ011_084.jpg
/content/data/IE7615 Deep Learning for AI/images_OBJ066/OBJ066_057.jpg,images_OBJ066,65,OBJ066_057.jpg
/content/data/IE7615 Deep Learning for AI/images_OBJ052/OBJ052_070.jpg,images_OBJ052,51,OBJ052_070.jpg
/content/data/IE7615 Deep Learning for AI/images_OBJ070/OBJ070_081.jpg,images_OBJ070,69,OBJ070_081.jpg
/content/data/IE7615 Deep Learning for AI/images_OBJ067/OBJ067_0026.jpg,images_OBJ067,66,OBJ067_0026.jpg
/content/data/IE7615 Deep Learning for AI/images_OBJ057/OBJ057_003.jpg,images_OBJ057,56,OBJ057_003.jpg
/content/data/IE7615 Deep Learning for AI/images_OBJ049/OBJ049_075.jpg,images_OBJ049,48,OBJ049_075.jpg
/content/data/IE7615 Deep Learning for AI/images_OBJ022/OBJ022_071.jpeg,images_OBJ022,21,OBJ022_071.jpeg
/content/data/IE7615 Deep Learning for AI/images_OBJ023/OBJ023_054.JPG,images_OBJ023,22,OBJ023_054.JPG
/content/data/IE7615 Deep Learning for AI/images_OBJ023/OBJ023_012.JPG,images_OBJ023,22,OBJ023_012.JPG
/content/data/IE7615 Deep Learning for AI/images_OBJ065/OBJ065_064.jpg,images_OBJ065,64,OBJ065_064.jpg
/content/data/IE7615 Deep Learning for AI/images_OBJ061/OBJ061_076.jpg,images_OBJ061,60,OBJ061_076.jpg
/content/data/IE7615 Deep Learning for AI/images_OBJ027/OBJ027_012.jpg,images_OBJ027,26,OBJ027_012.jpg
/content/data/IE7615 Deep Learning for AI/images_OBJ016/OBJ016_006.jpg,images_OBJ016,15,OBJ016_006.jpg
/content/data/IE7615 Deep Learning for AI/images_OBJ028/OBJ028_033.jpg,images_OBJ028,27,OBJ028_033.jpg
/content/data/IE7615 Deep Learning for AI/images_OBJ036/OBJ036_013.jpg,images_OBJ036,35,OBJ036_013.jpg
/content/data/IE7615 Deep Learning for AI/images_OBJ060/OBJ060_35.JPG,images_OBJ060,59,OBJ060_35.JPG
/content/data/IE7615 Deep Learning for AI/images_OBJ072/OBJ072_022.jpg,images_OBJ072,71,OBJ072_022.jpg
/content/data/IE7615 Deep Learning for AI/images_OBJ051/OBJ051_095.jpg,images_OBJ051,50,OBJ051_095.jpg
/content/data/IE7615 Deep Learning for AI/images_OBJ027/OBJ027_080.jpg,images_OBJ027,26,OBJ027_080.jpg
/content/data/IE7615 Deep Learning for AI/images_OBJ025/OBJ025_074.jpg,images_OBJ025,24,OBJ025_074.jpg
/content/data/IE7615 Deep Learning for AI/images_OBJ004/OBJ004_064.jpg,images_OBJ004,3,OBJ004_064.jpg
/content/data/IE7615 Deep Learning for AI/images_OBJ005/OBJ005_059.jpg,images_OBJ005,4,OBJ005_059.jpg
/content/data/IE7615 Deep Learning for AI/images_OBJ073/OBJ073_038.jpg,images_OBJ073,72,OBJ073_038.jpg
/content/data/IE7615 Deep Learning for AI/images_OBJ046/OBJ046_029.jpg,images_OBJ046,45,OBJ046_029.jpg
/content/data/IE7615 Deep Learning for AI/images_OBJ005/OBJ005_012.jpg,images_OBJ005,4,OBJ005_012.jpg
/content/data/IE7615 Deep Learning for AI/images_OBJ019/OBJ019_069.jpg,images_OBJ019,18,OBJ019_069.jpg
/content/data/IE7615 Deep Learning for AI/images_OBJ017/OBJ017_087.jpg,images_OBJ017,16,OBJ017_087.jpg
/content/data/IE7615 Deep Learning for AI/images_OBJ025/OBJ025_088.jpg,images_OBJ025,24,OBJ025_088.jpg
/content/data/IE7615 Deep Learning for AI/images_OBJ021/OBJ021_054.jpg,images_OBJ021,20,OBJ021_054.jpg
/content/data/IE7615 Deep Learning for AI/images_OBJ005/OBJ005_080.jpg,images_OBJ005,4,OBJ005_080.jpg
/content/data/IE7615 Deep Learning for AI/images_OBJ073/OBJ073_032.jpg,images_OBJ073,72,OBJ073_032.jpg
/content/data/IE7615 Deep Learning for AI/images_OBJ054/OBJ054_042.jpg,images_OBJ054,53,OBJ054_042.jpg
/content/data/IE7615 Deep Learning for AI/images_OBJ025/OBJ025_009.jpg,images_OBJ025,24,OBJ025_009.jpg
/content/data/IE7615 Deep Learning for AI/images_OBJ029/OBJ029_013.jpg,images_OBJ029,28,OBJ029_013.jpg
/content/data/IE7615 Deep Learning for AI/images_OBJ012/OBJ012_026.jpg,images_OBJ012,11,OBJ012_026.jpg
/content/data/IE7615 Deep Learning for AI/images_OBJ004/OBJ004_005.jpg,images_OBJ004,3,OBJ004_005.jpg
/content/data/IE7615 Deep Learning for AI/images_OBJ034/OBJ034_052.jpg,images_OBJ034,33,OBJ034_052.jpg
/content/data/IE7615 Deep Learning for AI/images_OBJ073/OBJ073_006.jpg,images_OBJ073,72,OBJ073_006.jpg
/content/data/IE7615 Deep Learning for AI/images_OBJ016/OBJ016_034.jpg,images_OBJ016,15,OBJ016_034.jpg
/content/data/IE7615 Deep Learning for AI/images_OBJ004/OBJ004_088.jpg,images_OBJ004,3,OBJ004_088.jpg
/content/data/IE7615 Deep Learning for AI/images_OBJ017/OBJ017_063.jpg,images_OBJ017,16,OBJ017_063.jpg
/content/data/IE7615 Deep Learning for AI/images_OBJ020/OBJ020_038.jpg,images_OBJ020,19,OBJ020_038.jpg
/content/data/IE7615 Deep Learning for AI/images_OBJ039/OBJ039_091.jpg,images_OBJ039,38,OBJ039_091.jpg
/content/data/IE7615 Deep Learning for AI/images_OBJ032/OBJ032_079.jpg,images_OBJ032,31,OBJ032_079.jpg
/content/data/IE7615 Deep Learning for AI/images_OBJ069/OBJ069_012.jpg,images_OBJ069,68,OBJ069_012.jpg
/content/data/IE7615 Deep Learning for AI/images_OBJ050/OBJ050_082.jpg,images_OBJ050,49,OBJ050_082.jpg
/content/data/IE7615 Deep Learning for AI/images_OBJ067/OBJ067_0075.jpg,images_OBJ067,66,OBJ067_0075.jpg
/content/data/IE7615 Deep Learning for AI/images_OBJ037/OBJ037_009.jpg,images_OBJ037,36,OBJ037_009.jpg
/content/data/IE7615 Deep Learning for AI/images_OBJ061/OBJ061_048.jpg,images_OBJ061,60,OBJ061_048.jpg
/content/data/IE7615 Deep Learning for AI/images_OBJ026/OBJ026_061.jpg,images_OBJ026,25,OBJ026_061.jpg
/content/data/IE7615 Deep Learning for AI/images_OBJ073/OBJ073_029.jpg,images_OBJ073,72,OBJ073_029.jpg
/content/data/IE7615 Deep Learning for AI/images_OBJ043/OBJ043_033.jpg,images_OBJ043,42,OBJ043_033.jpg
/content/data/IE7615 Deep Learning for AI/images_OBJ053/OBJ053_082.jpg,images_OBJ053,52,OBJ053_082.jpg
/content/data/IE7615 Deep Learning for AI/images_OBJ014/sunglasses_013.jpeg,images_OBJ014,13,sunglasses_013.jpeg
/content/data/IE7615 Deep Learning for AI/images_OBJ053/OBJ053_040.jpg,images_OBJ053,52,OBJ053_040.jpg
/content/data/IE7615 Deep Learning for AI/images_OBJ019/OBJ019_090.jpg,images_OBJ019,18,OBJ019_090.jpg
/content/data/IE7615 Deep Learning for AI/images_OBJ025/OBJ025_050.jpg,images_OBJ025,24,OBJ025_050.jpg
/content/data/IE7615 Deep Learning for AI/images_OBJ030/OBJ030_081.jpg,images_OBJ030,29,OBJ030_081.jpg
/content/data/IE7615 Deep Learning for AI/images_OBJ004/OBJ004_081.jpg,images_OBJ004,3,OBJ004_081.jpg
/content/data/IE7615 Deep Learning for AI/images_OBJ015/OBJ015_068.jpg,images_OBJ015,14,OBJ015_068.jpg
/content/data/IE7615 Deep Learning for AI/images_OBJ037/OBJ037_049.jpg,images_OBJ037,36,OBJ037_049.jpg
/content/data/IE7615 Deep Learning for AI/images_OBJ014/sunglasses_030.jpeg,images_OBJ014,13,sunglasses_030.jpeg
/content/data/IE7615 Deep Learning for AI/images_OBJ055/OBJ055_083.jpg,images_OBJ055,54,OBJ055_083.jpg
/content/data/IE7615 Deep Learning for AI/images_OBJ019/OBJ019_021.jpg,images_OBJ019,18,OBJ019_021.jpg
/content/data/IE7615 Deep Learning for AI/images_OBJ048/OBJ048_079.jpg,images_OBJ048,47,OBJ048_079.jpg
/content/data/IE7615 Deep Learning for AI/images_OBJ027/OBJ027_074.jpg,images_OBJ027,26,OBJ027_074.jpg
/content/data/IE7615 Deep Learning for AI/images_OBJ054/OBJ054_011.jpg,images_OBJ054,53,OBJ054_011.jpg
/content/data/IE7615 Deep Learning for AI/images_OBJ037/OBJ037_093.jpg,images_OBJ037,36,OBJ037_093.jpg
/content/data/IE7615 Deep Learning for AI/images_OBJ021/OBJ021_034.jpg,images_OBJ021,20,OBJ021_034.jpg
/content/data/IE7615 Deep Learning for AI/images_OBJ030/OBJ030_042.jpg,images_OBJ030,29,OBJ030_042.jpg
/content/data/IE7615 Deep Learning for AI/images_OBJ023/OBJ023_093.JPG,images_OBJ023,22,OBJ023_093.JPG
/content/data/IE7615 Deep Learning for AI/images_OBJ063/OBJ063_061.jpg,images_OBJ063,62,OBJ063_061.jpg
/content/data/IE7615 Deep Learning for AI/images_OBJ043/OBJ043_085.jpg,images_OBJ043,42,OBJ043_085.jpg
/content/data/IE7615 Deep Learning for AI/images_OBJ050/OBJ050_031.jpg,images_OBJ050,49,OBJ050_031.jpg
/content/data/IE7615 Deep Learning for AI/images_OBJ023/OBJ023_052.JPG,images_OBJ023,22,OBJ023_052.JPG
/content/data/IE7615 Deep Learning for AI/images_OBJ038/OBJ038_095.jpg,images_OBJ038,37,OBJ038_095.jpg
/content/data/IE7615 Deep Learning for AI/images_OBJ057/OBJ057_043.jpg,images_OBJ057,56,OBJ057_043.jpg
/content/data/IE7615 Deep Learning for AI/images_OBJ030/OBJ030_036.jpg,images_OBJ030,29,OBJ030_036.jpg
/content/data/IE7615 Deep Learning for AI/images_OBJ045/OBJ045_055.jpg,images_OBJ045,44,OBJ045_055.jpg
/content/data/IE7615 Deep Learning for AI/images_OBJ054/OBJ054_049.jpg,images_OBJ054,53,OBJ054_049.jpg
/content/data/IE7615 Deep Learning for AI/images_OBJ047/OBJ047_041.jpg,images_OBJ047,46,OBJ047_041.jpg
/content/data/IE7615 Deep Learning for AI/images_OBJ072/OBJ072_047.jpg,images_OBJ072,71,OBJ072_047.jpg
/content/data/IE7615 Deep Learning for AI/images_OBJ059/OBJ059_031.jpg,images_OBJ059,58,OBJ059_031.jpg
/content/data/IE7615 Deep Learning for AI/images_OBJ073/OBJ073_013.jpg,images_OBJ073,72,OBJ073_013.jpg
/content/data/IE7615 Deep Learning for AI/images_OBJ011/OBJ011_011.jpg,images_OBJ011,10,OBJ011_011.jpg
/content/data/IE7615 Deep Learning for AI/images_OBJ032/OBJ032_089.jpg,images_OBJ032,31,OBJ032_089.jpg
/content/data/IE7615 Deep Learning for AI/images_OBJ036/OBJ036_044.jpg,images_OBJ036,35,OBJ036_044.jpg
/content/data/IE7615 Deep Learning for AI/images_OBJ005/OBJ005_030.jpg,images_OBJ005,4,OBJ005_030.jpg
/content/data/IE7615 Deep Learning for AI/images_OBJ057/OBJ057_069.jpg,images_OBJ057,56,OBJ057_069.jpg
/content/data/IE7615 Deep Learning for AI/images_OBJ052/OBJ052_033.jpg,images_OBJ052,51,OBJ052_033.jpg
/content/data/IE7615 Deep Learning for AI/images_OBJ051/OBJ051_058.jpg,images_OBJ051,50,OBJ051_058.jpg
/content/data/IE7615 Deep Learning for AI/images_OBJ053/OBJ053_036.jpg,images_OBJ053,52,OBJ053_036.jpg
/content/data/IE7615 Deep Learning for AI/images_OBJ052/OBJ052_054.jpg,images_OBJ052,51,OBJ052_054.jpg
/content/data/IE7615 Deep Learning for AI/images_OBJ036/OBJ036_052.jpg,images_OBJ036,35,OBJ036_052.jpg
/content/data/IE7615 Deep Learning for AI/images_OBJ049/OBJ049_002.jpg,images_OBJ049,48,OBJ049_002.jpg
/content/data/IE7615 Deep Learning for AI/images_OBJ010/OBJ010_078.jpg,images_OBJ010,9,OBJ010_078.jpg
/content/data/IE7615 Deep Learning for AI/images_OBJ048/OBJ048_050.jpg,images_OBJ048,47,OBJ048_050.jpg
/content/data/IE7615 Deep Learning for AI/images_OBJ051/OBJ051_018.jpg,images_OBJ051,50,OBJ051_018.jpg
/content/data/IE7615 Deep Learning for AI/images_OBJ037/OBJ037_068.jpg,images_OBJ037,36,OBJ037_068.jpg
/content/data/IE7615 Deep Learning for AI/images_OBJ062/OBJ062_084.jpg,images_OBJ062,61,OBJ062_084.jpg
/content/data/IE7615 Deep Learning for AI/images_OBJ040/OBJ040_042.JPG,images_OBJ040,39,OBJ040_042.JPG
/content/data/IE7615 Deep Learning for AI/images_OBJ033/OBJ033_015.jpg,images_OBJ033,32,OBJ033_015.jpg
/content/data/IE7615 Deep Learning for AI/images_OBJ011/OBJ011_001.jpg,images_OBJ011,10,OBJ011_001.jpg
/content/data/IE7615 Deep Learning for AI/images_OBJ012/OBJ012_056.jpg,images_OBJ012,11,OBJ012_056.jpg
/content/data/IE7615 Deep Learning for AI/images_OBJ029/OBJ029_084.jpg,images_OBJ029,28,OBJ029_084.jpg
/content/data/IE7615 Deep Learning for AI/images_OBJ031/OBJ031_010.jpg,images_OBJ031,30,OBJ031_010.jpg
/content/data/IE7615 Deep Learning for AI/images_OBJ030/OBJ030_013.jpg,images_OBJ030,29,OBJ030_013.jpg
/content/data/IE7615 Deep Learning for AI/images_OBJ066/OBJ066_056.jpg,images_OBJ066,65,OBJ066_056.jpg
/content/data/IE7615 Deep Learning for AI/images_OBJ037/OBJ037_037.jpg,images_OBJ037,36,OBJ037_037.jpg
/content/data/IE7615 Deep Learning for AI/images_OBJ046/OBJ046_086.jpg,images_OBJ046,45,OBJ046_086.jpg
/content/data/IE7615 Deep Learning for AI/images_OBJ010/OBJ010_044.jpg,images_OBJ010,9,OBJ010_044.jpg
/content/data/IE7615 Deep Learning for AI/images_OBJ021/OBJ021_060.jpg,images_OBJ021,20,OBJ021_060.jpg
/content/data/IE7615 Deep Learning for AI/images_OBJ020/OBJ020_023.jpg,images_OBJ020,19,OBJ020_023.jpg
/content/data/IE7615 Deep Learning for AI/images_OBJ013/OBJ013_089.jpg,images_OBJ013,12,OBJ013_089.jpg
/content/data/IE7615 Deep Learning for AI/images_OBJ054/OBJ054_019.jpg,images_OBJ054,53,OBJ054_019.jpg
/content/data/IE7615 Deep Learning for AI/images_OBJ035/OBJ035_023.jpg,images_OBJ035,34,OBJ035_023.jpg
/content/data/IE7615 Deep Learning for AI/images_OBJ005/OBJ005_077.jpg,images_OBJ005,4,OBJ005_077.jpg
/content/data/IE7615 Deep Learning for AI/images_OBJ055/OBJ055_052.jpg,images_OBJ055,54,OBJ055_052.jpg
/content/data/IE7615 Deep Learning for AI/images_OBJ067/OBJ067_0053.jpg,images_OBJ067,66,OBJ067_0053.jpg
/content/data/IE7615 Deep Learning for AI/images_OBJ027/OBJ027_078.jpg,images_OBJ027,26,OBJ027_078.jpg
/content/data/IE7615 Deep Learning for AI/images_OBJ015/OBJ015_069.jpg,images_OBJ015,14,OBJ015_069.jpg
/content/data/IE7615 Deep Learning for AI/images_OBJ067/OBJ067_0068.jpg,images_OBJ067,66,OBJ067_0068.jpg
/content/data/IE7615 Deep Learning for AI/images_OBJ020/OBJ020_059.jpg,images_OBJ020,19,OBJ020_059.jpg
/content/data/IE7615 Deep Learning for AI/images_OBJ064/OBJ064_034.jpg,images_OBJ064,63,OBJ064_034.jpg
/content/data/IE7615 Deep Learning for AI/images_OBJ035/OBJ035_026.jpg,images_OBJ035,34,OBJ035_026.jpg
/content/data/IE7615 Deep Learning for AI/images_OBJ057/OBJ057_046.jpg,images_OBJ057,56,OBJ057_046.jpg
/content/data/IE7615 Deep Learning for AI/images_OBJ044/OBJ044_051.jpg,images_OBJ044,43,OBJ044_051.jpg
/content/data/IE7615 Deep Learning for AI/images_OBJ073/OBJ073_022.jpg,images_OBJ073,72,OBJ073_022.jpg
/content/data/IE7615 Deep Learning for AI/images_OBJ021/OBJ021_075.jpg,images_OBJ021,20,OBJ021_075.jpg
/content/data/IE7615 Deep Learning for AI/images_OBJ053/OBJ053_024.jpg,images_OBJ053,52,OBJ053_024.jpg
/content/data/IE7615 Deep Learning for AI/images_OBJ046/OBJ046_019.jpg,images_OBJ046,45,OBJ046_019.jpg
/content/data/IE7615 Deep Learning for AI/images_OBJ022/OBJ022_002.jpeg,images_OBJ022,21,OBJ022_002.jpeg
/content/data/IE7615 Deep Learning for AI/images_OBJ015/OBJ015_037.jpg,images_OBJ015,14,OBJ015_037.jpg
/content/data/IE7615 Deep Learning for AI/images_OBJ018/OBJ018_048.jpg,images_OBJ018,17,OBJ018_048.jpg
/content/data/IE7615 Deep Learning for AI/images_OBJ067/OBJ067_0082.jpg,images_OBJ067,66,OBJ067_0082.jpg
/content/data/IE7615 Deep Learning for AI/images_OBJ010/OBJ010_094.jpg,images_OBJ010,9,OBJ010_094.jpg
/content/data/IE7615 Deep Learning for AI/images_OBJ018/OBJ018_093.jpg,images_OBJ018,17,OBJ018_093.jpg
/content/data/IE7615 Deep Learning for AI/images_OBJ035/OBJ035_076.jpg,images_OBJ035,34,OBJ035_076.jpg
/content/data/IE7615 Deep Learning for AI/images_OBJ073/OBJ073_081.jpg,images_OBJ073,72,OBJ073_081.jpg
/content/data/IE7615 Deep Learning for AI/images_OBJ023/OBJ023_032.JPG,images_OBJ023,22,OBJ023_032.JPG
/content/data/IE7615 Deep Learning for AI/images_OBJ072/OBJ072_077.jpg,images_OBJ072,71,OBJ072_077.jpg
/content/data/IE7615 Deep Learning for AI/images_OBJ045/OBJ045_053.jpg,images_OBJ045,44,OBJ045_053.jpg
/content/data/IE7615 Deep Learning for AI/images_OBJ007/OBJ007_074.jpg,images_OBJ007,6,OBJ007_074.jpg
/content/data/IE7615 Deep Learning for AI/images_OBJ022/OBJ022_018.jpeg,images_OBJ022,21,OBJ022_018.jpeg
/content/data/IE7615 Deep Learning for AI/images_OBJ054/OBJ054_014.jpg,images_OBJ054,53,OBJ054_014.jpg
/content/data/IE7615 Deep Learning for AI/images_OBJ028/OBJ028_021.jpg,images_OBJ028,27,OBJ028_021.jpg
/content/data/IE7615 Deep Learning for AI/images_OBJ019/OBJ019_095.jpg,images_OBJ019,18,OBJ019_095.jpg
/content/data/IE7615 Deep Learning for AI/images_OBJ072/OBJ072_063.jpg,images_OBJ072,71,OBJ072_063.jpg
/content/data/IE7615 Deep Learning for AI/images_OBJ010/OBJ010_068.jpg,images_OBJ010,9,OBJ010_068.jpg
/content/data/IE7615 Deep Learning for AI/images_OBJ050/OBJ050_017.jpg,images_OBJ050,49,OBJ050_017.jpg
/content/data/IE7615 Deep Learning for AI/images_OBJ032/OBJ032_040.jpg,images_OBJ032,31,OBJ032_040.jpg
/content/data/IE7615 Deep Learning for AI/images_OBJ066/OBJ066_018.jpg,images_OBJ066,65,OBJ066_018.jpg
/content/data/IE7615 Deep Learning for AI/images_OBJ066/OBJ066_076.jpg,images_OBJ066,65,OBJ066_076.jpg
/content/data/IE7615 Deep Learning for AI/images_OBJ024/OBJ024_087.jpg,images_OBJ024,23,OBJ024_087.jpg
/content/data/IE7615 Deep Learning for AI/images_OBJ051/OBJ051_056.jpg,images_OBJ051,50,OBJ051_056.jpg
/content/data/IE7615 Deep Learning for AI/images_OBJ048/OBJ048_044.jpg,images_OBJ048,47,OBJ048_044.jpg
/content/data/IE7615 Deep Learning for AI/images_OBJ040/OBJ040_019.JPG,images_OBJ040,39,OBJ040_019.JPG
/content/data/IE7615 Deep Learning for AI/images_OBJ044/OBJ044_087.jpg,images_OBJ044,43,OBJ044_087.jpg
/content/data/IE7615 Deep Learning for AI/images_OBJ008/OBJ008_088.jpg,images_OBJ008,7,OBJ008_088.jpg
/content/data/IE7615 Deep Learning for AI/images_OBJ043/OBJ043_018.jpg,images_OBJ043,42,OBJ043_018.jpg
/content/data/IE7615 Deep Learning for AI/images_OBJ004/OBJ004_022.jpg,images_OBJ004,3,OBJ004_022.jpg
/content/data/IE7615 Deep Learning for AI/images_OBJ046/OBJ046_031.jpg,images_OBJ046,45,OBJ046_031.jpg
/content/data/IE7615 Deep Learning for AI/images_OBJ059/OBJ059_095.jpg,images_OBJ059,58,OBJ059_095.jpg
/content/data/IE7615 Deep Learning for AI/images_OBJ010/OBJ010_020.jpg,images_OBJ010,9,OBJ010_020.jpg
/content/data/IE7615 Deep Learning for AI/images_OBJ072/OBJ072_015.jpg,images_OBJ072,71,OBJ072_015.jpg
/content/data/IE7615 Deep Learning for AI/images_OBJ022/OBJ022_094.jpeg,images_OBJ022,21,OBJ022_094.jpeg
/content/data/IE7615 Deep Learning for AI/images_OBJ006/OBJ006_022.jpg,images_OBJ006,5,OBJ006_022.jpg
/content/data/IE7615 Deep Learning for AI/images_OBJ008/OBJ008_002.jpg,images_OBJ008,7,OBJ008_002.jpg
/content/data/IE7615 Deep Learning for AI/images_OBJ030/OBJ030_023.jpg,images_OBJ030,29,OBJ030_023.jpg
/content/data/IE7615 Deep Learning for AI/images_OBJ065/OBJ065_070.jpg,images_OBJ065,64,OBJ065_070.jpg
/content/data/IE7615 Deep Learning for AI/images_OBJ031/OBJ031_075.jpg,images_OBJ031,30,OBJ031_075.jpg
/content/data/IE7615 Deep Learning for AI/images_OBJ020/OBJ020_069.jpg,images_OBJ020,19,OBJ020_069.jpg
/content/data/IE7615 Deep Learning for AI/images_OBJ066/OBJ066_030.jpg,images_OBJ066,65,OBJ066_030.jpg
/content/data/IE7615 Deep Learning for AI/images_OBJ058/OBJ058_013.jpg,images_OBJ058,57,OBJ058_013.jpg
/content/data/IE7615 Deep Learning for AI/images_OBJ018/OBJ018_064.jpg,images_OBJ018,17,OBJ018_064.jpg
/content/data/IE7615 Deep Learning for AI/images_OBJ013/OBJ013_022.jpg,images_OBJ013,12,OBJ013_022.jpg
/content/data/IE7615 Deep Learning for AI/images_OBJ031/OBJ031_089.jpg,images_OBJ031,30,OBJ031_089.jpg
/content/data/IE7615 Deep Learning for AI/images_OBJ006/OBJ006_001.jpg,images_OBJ006,5,OBJ006_001.jpg
/content/data/IE7615 Deep Learning for AI/images_OBJ054/OBJ054_094.jpg,images_OBJ054,53,OBJ054_094.jpg
/content/data/IE7615 Deep Learning for AI/images_OBJ017/OBJ017_047.jpg,images_OBJ017,16,OBJ017_047.jpg
/content/data/IE7615 Deep Learning for AI/images_OBJ009/OBJ009_009.jpg,images_OBJ009,8,OBJ009_009.jpg
/content/data/IE7615 Deep Learning for AI/images_OBJ019/OBJ019_071.jpg,images_OBJ019,18,OBJ019_071.jpg
/content/data/IE7615 Deep Learning for AI/images_OBJ016/OBJ016_038.jpg,images_OBJ016,15,OBJ016_038.jpg
/content/data/IE7615 Deep Learning for AI/images_OBJ059/OBJ059_079.jpg,images_OBJ059,58,OBJ059_079.jpg
/content/data/IE7615 Deep Learning for AI/images_OBJ001/OBJ001_046.jpg,images_OBJ001,0,OBJ001_046.jpg
/content/data/IE7615 Deep Learning for AI/images_OBJ005/OBJ005_009.jpg,images_OBJ005,4,OBJ005_009.jpg
/content/data/IE7615 Deep Learning for AI/images_OBJ059/OBJ059_010.jpg,images_OBJ059,58,OBJ059_010.jpg
/content/data/IE7615 Deep Learning for AI/images_OBJ022/OBJ022_043.jpeg,images_OBJ022,21,OBJ022_043.jpeg
/content/data/IE7615 Deep Learning for AI/images_OBJ046/OBJ046_044.jpg,images_OBJ046,45,OBJ046_044.jpg
/content/data/IE7615 Deep Learning for AI/images_OBJ066/OBJ066_005.jpg,images_OBJ066,65,OBJ066_005.jpg
/content/data/IE7615 Deep Learning for AI/images_OBJ014/sunglasses_064.jpeg,images_OBJ014,13,sunglasses_064.jpeg
/content/data/IE7615 Deep Learning for AI/images_OBJ073/OBJ073_078.jpg,images_OBJ073,72,OBJ073_078.jpg
/content/data/IE7615 Deep Learning for AI/images_OBJ044/OBJ044_077.jpg,images_OBJ044,43,OBJ044_077.jpg
/content/data/IE7615 Deep Learning for AI/images_OBJ050/OBJ050_006.jpg,images_OBJ050,49,OBJ050_006.jpg
/content/data/IE7615 Deep Learning for AI/images_OBJ006/OBJ006_035.jpg,images_OBJ006,5,OBJ006_035.jpg
/content/data/IE7615 Deep Learning for AI/images_OBJ058/OBJ058_016.jpg,images_OBJ058,57,OBJ058_016.jpg
/content/data/IE7615 Deep Learning for AI/images_OBJ027/OBJ027_056.jpg,images_OBJ027,26,OBJ027_056.jpg
/content/data/IE7615 Deep Learning for AI/images_OBJ033/OBJ033_013.jpg,images_OBJ033,32,OBJ033_013.jpg
/content/data/IE7615 Deep Learning for AI/images_OBJ009/OBJ009_040.jpg,images_OBJ009,8,OBJ009_040.jpg
/content/data/IE7615 Deep Learning for AI/images_OBJ047/OBJ047_008.jpg,images_OBJ047,46,OBJ047_008.jpg
/content/data/IE7615 Deep Learning for AI/images_OBJ073/OBJ073_048.jpg,images_OBJ073,72,OBJ073_048.jpg
/content/data/IE7615 Deep Learning for AI/images_OBJ018/OBJ018_082.jpg,images_OBJ018,17,OBJ018_082.jpg
/content/data/IE7615 Deep Learning for AI/images_OBJ022/OBJ022_040.jpeg,images_OBJ022,21,OBJ022_040.jpeg
/content/data/IE7615 Deep Learning for AI/images_OBJ063/OBJ063_008.jpg,images_OBJ063,62,OBJ063_008.jpg
/content/data/IE7615 Deep Learning for AI/images_OBJ026/OBJ026_045.jpg,images_OBJ026,25,OBJ026_045.jpg
/content/data/IE7615 Deep Learning for AI/images_OBJ023/OBJ023_005.JPG,images_OBJ023,22,OBJ023_005.JPG
/content/data/IE7615 Deep Learning for AI/images_OBJ071/OBJ071_086.jpg,images_OBJ071,70,OBJ071_086.jpg
/content/data/IE7615 Deep Learning for AI/images_OBJ013/OBJ013_005.jpg,images_OBJ013,12,OBJ013_005.jpg
/content/data/IE7615 Deep Learning for AI/images_OBJ044/OBJ044_018.jpg,images_OBJ044,43,OBJ044_018.jpg
/content/data/IE7615 Deep Learning for AI/images_OBJ025/OBJ025_019.jpg,images_OBJ025,24,OBJ025_019.jpg
/content/data/IE7615 Deep Learning for AI/images_OBJ001/OBJ001_070.jpg,images_OBJ001,0,OBJ001_070.jpg
/content/data/IE7615 Deep Learning for AI/images_OBJ049/OBJ049_093.jpg,images_OBJ049,48,OBJ049_093.jpg
/content/data/IE7615 Deep Learning for AI/images_OBJ044/OBJ044_017.jpg,images_OBJ044,43,OBJ044_017.jpg
/content/data/IE7615 Deep Learning for AI/images_OBJ052/OBJ052_005.jpg,images_OBJ052,51,OBJ052_005.jpg
/content/data/IE7615 Deep Learning for AI/images_OBJ006/OBJ006_073.jpg,images_OBJ006,5,OBJ006_073.jpg
/content/data/IE7615 Deep Learning for AI/images_OBJ035/OBJ035_004.jpg,images_OBJ035,34,OBJ035_004.jpg
/content/data/IE7615 Deep Learning for AI/images_OBJ005/OBJ005_088.jpg,images_OBJ005,4,OBJ005_088.jpg
/content/data/IE7615 Deep Learning for AI/images_OBJ002/OBJ002_095.jpg,images_OBJ002,1,OBJ002_095.jpg
/content/data/IE7615 Deep Learning for AI/images_OBJ049/OBJ049_046.jpg,images_OBJ049,48,OBJ049_046.jpg
/content/data/IE7615 Deep Learning for AI/images_OBJ058/OBJ058_051.jpg,images_OBJ058,57,OBJ058_051.jpg
/content/data/IE7615 Deep Learning for AI/images_OBJ025/OBJ025_062.jpg,images_OBJ025,24,OBJ025_062.jpg
/content/data/IE7615 Deep Learning for AI/images_OBJ068/OBJ068_046.jpg,images_OBJ068,67,OBJ068_046.jpg
/content/data/IE7615 Deep Learning for AI/images_OBJ063/OBJ063_023.jpg,images_OBJ063,62,OBJ063_023.jpg
/content/data/IE7615 Deep Learning for AI/images_OBJ041/OBJ041_084.jpg,images_OBJ041,40,OBJ041_084.jpg
/content/data/IE7615 Deep Learning for AI/images_OBJ025/OBJ025_028.jpg,images_OBJ025,24,OBJ025_028.jpg
/content/data/IE7615 Deep Learning for AI/images_OBJ015/OBJ015_006.jpg,images_OBJ015,14,OBJ015_006.jpg
/content/data/IE7615 Deep Learning for AI/images_OBJ007/OBJ007_083.jpg,images_OBJ007,6,OBJ007_083.jpg
/content/data/IE7615 Deep Learning for AI/images_OBJ006/OBJ006_005.jpg,images_OBJ006,5,OBJ006_005.jpg
/content/data/IE7615 Deep Learning for AI/images_OBJ037/OBJ037_022.jpg,images_OBJ037,36,OBJ037_022.jpg
/content/data/IE7615 Deep Learning for AI/images_OBJ009/OBJ009_052.jpg,images_OBJ009,8,OBJ009_052.jpg
/content/data/IE7615 Deep Learning for AI/images_OBJ070/OBJ070_087.jpg,images_OBJ070,69,OBJ070_087.jpg
/content/data/IE7615 Deep Learning for AI/images_OBJ057/OBJ057_060.jpg,images_OBJ057,56,OBJ057_060.jpg
/content/data/IE7615 Deep Learning for AI/images_OBJ015/OBJ015_048.jpg,images_OBJ015,14,OBJ015_048.jpg
/content/data/IE7615 Deep Learning for AI/images_OBJ052/OBJ052_076.jpg,images_OBJ052,51,OBJ052_076.jpg
/content/data/IE7615 Deep Learning for AI/images_OBJ063/OBJ063_049.jpg,images_OBJ063,62,OBJ063_049.jpg
/content/data/IE7615 Deep Learning for AI/images_OBJ019/OBJ019_083.jpg,images_OBJ019,18,OBJ019_083.jpg
/content/data/IE7615 Deep Learning for AI/images_OBJ044/OBJ044_076.jpg,images_OBJ044,43,OBJ044_076.jpg
/content/data/IE7615 Deep Learning for AI/images_OBJ044/OBJ044_053.jpg,images_OBJ044,43,OBJ044_053.jpg
/content/data/IE7615 Deep Learning for AI/images_OBJ032/OBJ032_014.jpg,images_OBJ032,31,OBJ032_014.jpg
/content/data/IE7615 Deep Learning for AI/images_OBJ014/sunglasses_058.jpeg,images_OBJ014,13,sunglasses_058.jpeg
/content/data/IE7615 Deep Learning for AI/images_OBJ032/OBJ032_058.jpg,images_OBJ032,31,OBJ032_058.jpg
/content/data/IE7615 Deep Learning for AI/images_OBJ029/OBJ029_036.jpg,images_OBJ029,28,OBJ029_036.jpg
/content/data/IE7615 Deep Learning for AI/images_OBJ018/OBJ018_089.jpg,images_OBJ018,17,OBJ018_089.jpg
/content/data/IE7615 Deep Learning for AI/images_OBJ014/sunglasses_035.jpeg,images_OBJ014,13,sunglasses_035.jpeg
/content/data/IE7615 Deep Learning for AI/images_OBJ028/OBJ028_032(1).jpg,images_OBJ028,27,OBJ028_032(1).jpg
/content/data/IE7615 Deep Learning for AI/images_OBJ059/OBJ059_086.jpg,images_OBJ059,58,OBJ059_086.jpg
/content/data/IE7615 Deep Learning for AI/images_OBJ035/OBJ035_057.jpg,images_OBJ035,34,OBJ035_057.jpg
/content/data/IE7615 Deep Learning for AI/images_OBJ039/OBJ039_001.jpg,images_OBJ039,38,OBJ039_001.jpg
/content/data/IE7615 Deep Learning for AI/images_OBJ003/OBJ003_063.jpg,images_OBJ003,2,OBJ003_063.jpg
/content/data/IE7615 Deep Learning for AI/images_OBJ028/OBJ028_086.jpg,images_OBJ028,27,OBJ028_086.jpg
/content/data/IE7615 Deep Learning for AI/images_OBJ047/OBJ047_042.jpg,images_OBJ047,46,OBJ047_042.jpg
/content/data/IE7615 Deep Learning for AI/images_OBJ030/OBJ030_071.jpg,images_OBJ030,29,OBJ030_071.jpg
/content/data/IE7615 Deep Learning for AI/images_OBJ005/OBJ005_058.jpg,images_OBJ005,4,OBJ005_058.jpg
/content/data/IE7615 Deep Learning for AI/images_OBJ036/OBJ036_057.jpg,images_OBJ036,35,OBJ036_057.jpg
/content/data/IE7615 Deep Learning for AI/images_OBJ072/OBJ072_065.jpg,images_OBJ072,71,OBJ072_065.jpg
/content/data/IE7615 Deep Learning for AI/images_OBJ032/OBJ032_065.jpg,images_OBJ032,31,OBJ032_065.jpg
/content/data/IE7615 Deep Learning for AI/images_OBJ039/OBJ039_052.jpg,images_OBJ039,38,OBJ039_052.jpg
/content/data/IE7615 Deep Learning for AI/images_OBJ026/OBJ026_018.jpg,images_OBJ026,25,OBJ026_018.jpg
/content/data/IE7615 Deep Learning for AI/images_OBJ048/OBJ048_053.jpg,images_OBJ048,47,OBJ048_053.jpg
/content/data/IE7615 Deep Learning for AI/images_OBJ016/OBJ016_041.jpg,images_OBJ016,15,OBJ016_041.jpg
/content/data/IE7615 Deep Learning for AI/images_OBJ008/OBJ008_020.jpg,images_OBJ008,7,OBJ008_020.jpg
/content/data/IE7615 Deep Learning for AI/images_OBJ043/OBJ043_011.jpg,images_OBJ043,42,OBJ043_011.jpg
/content/data/IE7615 Deep Learning for AI/images_OBJ035/OBJ035_072.jpg,images_OBJ035,34,OBJ035_072.jpg
/content/data/IE7615 Deep Learning for AI/images_OBJ035/OBJ035_024.jpg,images_OBJ035,34,OBJ035_024.jpg
/content/data/IE7615 Deep Learning for AI/images_OBJ027/OBJ027_084.jpg,images_OBJ027,26,OBJ027_084.jpg
/content/data/IE7615 Deep Learning for AI/images_OBJ070/OBJ070_044.jpg,images_OBJ070,69,OBJ070_044.jpg
/content/data/IE7615 Deep Learning for AI/images_OBJ069/OBJ069_070.jpg,images_OBJ069,68,OBJ069_070.jpg
/content/data/IE7615 Deep Learning for AI/images_OBJ041/OBJ041_082.jpg,images_OBJ041,40,OBJ041_082.jpg
/content/data/IE7615 Deep Learning for AI/images_OBJ012/OBJ012_064.jpg,images_OBJ012,11,OBJ012_064.jpg
/content/data/IE7615 Deep Learning for AI/images_OBJ043/OBJ043_062.jpg,images_OBJ043,42,OBJ043_062.jpg
/content/data/IE7615 Deep Learning for AI/images_OBJ071/OBJ071_002.jpg,images_OBJ071,70,OBJ071_002.jpg
/content/data/IE7615 Deep Learning for AI/images_OBJ068/OBJ068_061.jpg,images_OBJ068,67,OBJ068_061.jpg
/content/data/IE7615 Deep Learning for AI/images_OBJ018/OBJ018_023.jpg,images_OBJ018,17,OBJ018_023.jpg
/content/data/IE7615 Deep Learning for AI/images_OBJ047/OBJ047_033.jpg,images_OBJ047,46,OBJ047_033.jpg
/content/data/IE7615 Deep Learning for AI/images_OBJ004/OBJ004_037.jpg,images_OBJ004,3,OBJ004_037.jpg
/content/data/IE7615 Deep Learning for AI/images_OBJ038/OBJ038_036.jpg,images_OBJ038,37,OBJ038_036.jpg
/content/data/IE7615 Deep Learning for AI/images_OBJ067/OBJ067_0004.jpg,images_OBJ067,66,OBJ067_0004.jpg
/content/data/IE7615 Deep Learning for AI/images_OBJ035/OBJ035_008.jpg,images_OBJ035,34,OBJ035_008.jpg
/content/data/IE7615 Deep Learning for AI/images_OBJ043/OBJ043_089.jpg,images_OBJ043,42,OBJ043_089.jpg
/content/data/IE7615 Deep Learning for AI/images_OBJ057/OBJ057_028.jpg,images_OBJ057,56,OBJ057_028.jpg
/content/data/IE7615 Deep Learning for AI/images_OBJ017/OBJ017_010.jpg,images_OBJ017,16,OBJ017_010.jpg
/content/data/IE7615 Deep Learning for AI/images_OBJ012/OBJ012_028.jpg,images_OBJ012,11,OBJ012_028.jpg
/content/data/IE7615 Deep Learning for AI/images_OBJ015/OBJ015_018.jpg,images_OBJ015,14,OBJ015_018.jpg
/content/data/IE7615 Deep Learning for AI/images_OBJ002/OBJ002_090.jpg,images_OBJ002,1,OBJ002_090.jpg
/content/data/IE7615 Deep Learning for AI/images_OBJ030/OBJ030_063.jpg,images_OBJ030,29,OBJ030_063.jpg
/content/data/IE7615 Deep Learning for AI/images_OBJ060/OBJ060_40.JPG,images_OBJ060,59,OBJ060_40.JPG
/content/data/IE7615 Deep Learning for AI/images_OBJ061/OBJ061_019.jpg,images_OBJ061,60,OBJ061_019.jpg
/content/data/IE7615 Deep Learning for AI/images_OBJ045/OBJ045_081.jpg,images_OBJ045,44,OBJ045_081.jpg
/content/data/IE7615 Deep Learning for AI/images_OBJ013/OBJ013_091.jpg,images_OBJ013,12,OBJ013_091.jpg
/content/data/IE7615 Deep Learning for AI/images_OBJ007/OBJ007_079.jpg,images_OBJ007,6,OBJ007_079.jpg
/content/data/IE7615 Deep Learning for AI/images_OBJ026/OBJ026_006.jpg,images_OBJ026,25,OBJ026_006.jpg
/content/data/IE7615 Deep Learning for AI/images_OBJ017/OBJ017_103.jpg,images_OBJ017,16,OBJ017_103.jpg
/content/data/IE7615 Deep Learning for AI/images_OBJ062/OBJ062_007.jpg,images_OBJ062,61,OBJ062_007.jpg
/content/data/IE7615 Deep Learning for AI/images_OBJ020/OBJ020_094.jpg,images_OBJ020,19,OBJ020_094.jpg
/content/data/IE7615 Deep Learning for AI/images_OBJ049/OBJ049_001.jpg,images_OBJ049,48,OBJ049_001.jpg
/content/data/IE7615 Deep Learning for AI/images_OBJ043/OBJ043_054.jpg,images_OBJ043,42,OBJ043_054.jpg
/content/data/IE7615 Deep Learning for AI/images_OBJ067/OBJ067_0071.jpg,images_OBJ067,66,OBJ067_0071.jpg
/content/data/IE7615 Deep Learning for AI/images_OBJ056/OBJ056_024.jpg,images_OBJ056,55,OBJ056_024.jpg
/content/data/IE7615 Deep Learning for AI/images_OBJ063/OBJ063_084.jpg,images_OBJ063,62,OBJ063_084.jpg
/content/data/IE7615 Deep Learning for AI/images_OBJ035/OBJ035_006.jpg,images_OBJ035,34,OBJ035_006.jpg
/content/data/IE7615 Deep Learning for AI/images_OBJ064/OBJ064_008.jpg,images_OBJ064,63,OBJ064_008.jpg
/content/data/IE7615 Deep Learning for AI/images_OBJ043/OBJ043_039.jpg,images_OBJ043,42,OBJ043_039.jpg
/content/data/IE7615 Deep Learning for AI/images_OBJ056/OBJ056_052.jpg,images_OBJ056,55,OBJ056_052.jpg
/content/data/IE7615 Deep Learning for AI/images_OBJ031/OBJ031_002.jpg,images_OBJ031,30,OBJ031_002.jpg
/content/data/IE7615 Deep Learning for AI/images_OBJ022/OBJ022_065.jpeg,images_OBJ022,21,OBJ022_065.jpeg
/content/data/IE7615 Deep Learning for AI/images_OBJ052/OBJ052_046.jpg,images_OBJ052,51,OBJ052_046.jpg
/content/data/IE7615 Deep Learning for AI/images_OBJ064/OBJ064_090.jpg,images_OBJ064,63,OBJ064_090.jpg
/content/data/IE7615 Deep Learning for AI/images_OBJ020/OBJ020_054.jpg,images_OBJ020,19,OBJ020_054.jpg
/content/data/IE7615 Deep Learning for AI/images_OBJ016/OBJ016_033.jpg,images_OBJ016,15,OBJ016_033.jpg
/content/data/IE7615 Deep Learning for AI/images_OBJ009/OBJ009_028.jpg,images_OBJ009,8,OBJ009_028.jpg
/content/data/IE7615 Deep Learning for AI/images_OBJ004/OBJ004_056.jpg,images_OBJ004,3,OBJ004_056.jpg
/content/data/IE7615 Deep Learning for AI/images_OBJ027/OBJ027_053.jpg,images_OBJ027,26,OBJ027_053.jpg
/content/data/IE7615 Deep Learning for AI/images_OBJ007/OBJ007_093.jpg,images_OBJ007,6,OBJ007_093.jpg
/content/data/IE7615 Deep Learning for AI/images_OBJ050/OBJ050_019.jpg,images_OBJ050,49,OBJ050_019.jpg
/content/data/IE7615 Deep Learning for AI/images_OBJ022/OBJ022_059.jpeg,images_OBJ022,21,OBJ022_059.jpeg
/content/data/IE7615 Deep Learning for AI/images_OBJ013/OBJ013_031.jpg,images_OBJ013,12,OBJ013_031.jpg
/content/data/IE7615 Deep Learning for AI/images_OBJ071/OBJ071_061.jpg,images_OBJ071,70,OBJ071_061.jpg
/content/data/IE7615 Deep Learning for AI/images_OBJ067/OBJ067_0008.jpg,images_OBJ067,66,OBJ067_0008.jpg
/content/data/IE7615 Deep Learning for AI/images_OBJ019/OBJ019_055.jpg,images_OBJ019,18,OBJ019_055.jpg
/content/data/IE7615 Deep Learning for AI/images_OBJ013/OBJ013_020.jpg,images_OBJ013,12,OBJ013_020.jpg
/content/data/IE7615 Deep Learning for AI/images_OBJ053/OBJ053_023.jpg,images_OBJ053,52,OBJ053_023.jpg
/content/data/IE7615 Deep Learning for AI/images_OBJ064/OBJ064_067.jpg,images_OBJ064,63,OBJ064_067.jpg
/content/data/IE7615 Deep Learning for AI/images_OBJ039/OBJ039_004.jpg,images_OBJ039,38,OBJ039_004.jpg
/content/data/IE7615 Deep Learning for AI/images_OBJ010/OBJ010_090.jpg,images_OBJ010,9,OBJ010_090.jpg
/content/data/IE7615 Deep Learning for AI/images_OBJ015/OBJ015_085.jpg,images_OBJ015,14,OBJ015_085.jpg
/content/data/IE7615 Deep Learning for AI/images_OBJ005/OBJ005_020.jpg,images_OBJ005,4,OBJ005_020.jpg
/content/data/IE7615 Deep Learning for AI/images_OBJ042/OBJ042_093.jpg,images_OBJ042,41,OBJ042_093.jpg
/content/data/IE7615 Deep Learning for AI/images_OBJ024/OBJ024_062.jpg,images_OBJ024,23,OBJ024_062.jpg
/content/data/IE7615 Deep Learning for AI/images_OBJ066/OBJ066_042.jpg,images_OBJ066,65,OBJ066_042.jpg
/content/data/IE7615 Deep Learning for AI/images_OBJ062/OBJ062_091.jpg,images_OBJ062,61,OBJ062_091.jpg
/content/data/IE7615 Deep Learning for AI/images_OBJ030/OBJ030_043.jpg,images_OBJ030,29,OBJ030_043.jpg
/content/data/IE7615 Deep Learning for AI/images_OBJ061/OBJ061_017.jpg,images_OBJ061,60,OBJ061_017.jpg
/content/data/IE7615 Deep Learning for AI/images_OBJ060/OBJ060_62.JPG,images_OBJ060,59,OBJ060_62.JPG
/content/data/IE7615 Deep Learning for AI/images_OBJ024/OBJ024_043.jpg,images_OBJ024,23,OBJ024_043.jpg
/content/data/IE7615 Deep Learning for AI/images_OBJ043/OBJ043_021.jpg,images_OBJ043,42,OBJ043_021.jpg
/content/data/IE7615 Deep Learning for AI/images_OBJ027/OBJ027_014.jpg,images_OBJ027,26,OBJ027_014.jpg
/content/data/IE7615 Deep Learning for AI/images_OBJ038/OBJ038_042.jpg,images_OBJ038,37,OBJ038_042.jpg
/content/data/IE7615 Deep Learning for AI/images_OBJ038/OBJ038_032.jpg,images_OBJ038,37,OBJ038_032.jpg
/content/data/IE7615 Deep Learning for AI/images_OBJ071/OBJ071_068.jpg,images_OBJ071,70,OBJ071_068.jpg
/content/data/IE7615 Deep Learning for AI/images_OBJ022/OBJ022_081.jpeg,images_OBJ022,21,OBJ022_081.jpeg
/content/data/IE7615 Deep Learning for AI/images_OBJ028/OBJ028_078.jpg,images_OBJ028,27,OBJ028_078.jpg
/content/data/IE7615 Deep Learning for AI/images_OBJ066/OBJ066_068.jpg,images_OBJ066,65,OBJ066_068.jpg
/content/data/IE7615 Deep Learning for AI/images_OBJ043/OBJ043_066.jpg,images_OBJ043,42,OBJ043_066.jpg
/content/data/IE7615 Deep Learning for AI/images_OBJ063/OBJ063_012.jpg,images_OBJ063,62,OBJ063_012.jpg
/content/data/IE7615 Deep Learning for AI/images_OBJ037/OBJ037_010.jpg,images_OBJ037,36,OBJ037_010.jpg
/content/data/IE7615 Deep Learning for AI/images_OBJ034/OBJ034_026.jpg,images_OBJ034,33,OBJ034_026.jpg
/content/data/IE7615 Deep Learning for AI/images_OBJ046/OBJ046_043.jpg,images_OBJ046,45,OBJ046_043.jpg
/content/data/IE7615 Deep Learning for AI/images_OBJ032/OBJ032_004.jpg,images_OBJ032,31,OBJ032_004.jpg
/content/data/IE7615 Deep Learning for AI/images_OBJ066/OBJ066_092.jpg,images_OBJ066,65,OBJ066_092.jpg
/content/data/IE7615 Deep Learning for AI/images_OBJ006/OBJ006_058.jpg,images_OBJ006,5,OBJ006_058.jpg
/content/data/IE7615 Deep Learning for AI/images_OBJ068/OBJ068_076.jpg,images_OBJ068,67,OBJ068_076.jpg
/content/data/IE7615 Deep Learning for AI/images_OBJ072/OBJ072_066.jpg,images_OBJ072,71,OBJ072_066.jpg
/content/data/IE7615 Deep Learning for AI/images_OBJ017/OBJ017_024.jpg,images_OBJ017,16,OBJ017_024.jpg
/content/data/IE7615 Deep Learning for AI/images_OBJ043/OBJ043_073.jpg,images_OBJ043,42,OBJ043_073.jpg
/content/data/IE7615 Deep Learning for AI/images_OBJ043/OBJ043_070.jpg,images_OBJ043,42,OBJ043_070.jpg
/content/data/IE7615 Deep Learning for AI/images_OBJ054/OBJ054_062.jpg,images_OBJ054,53,OBJ054_062.jpg
/content/data/IE7615 Deep Learning for AI/images_OBJ065/OBJ065_004.jpg,images_OBJ065,64,OBJ065_004.jpg
/content/data/IE7615 Deep Learning for AI/images_OBJ016/OBJ016_002.jpg,images_OBJ016,15,OBJ016_002.jpg
/content/data/IE7615 Deep Learning for AI/images_OBJ050/OBJ050_015.jpg,images_OBJ050,49,OBJ050_015.jpg
/content/data/IE7615 Deep Learning for AI/images_OBJ070/OBJ070_080.jpg,images_OBJ070,69,OBJ070_080.jpg
/content/data/IE7615 Deep Learning for AI/images_OBJ070/OBJ070_011.jpg,images_OBJ070,69,OBJ070_011.jpg
/content/data/IE7615 Deep Learning for AI/images_OBJ001/OBJ001_009.jpg,images_OBJ001,0,OBJ001_009.jpg
/content/data/IE7615 Deep Learning for AI/images_OBJ068/OBJ068_008.jpg,images_OBJ068,67,OBJ068_008.jpg
/content/data/IE7615 Deep Learning for AI/images_OBJ063/OBJ063_005.jpg,images_OBJ063,62,OBJ063_005.jpg
/content/data/IE7615 Deep Learning for AI/images_OBJ008/OBJ008_046.jpg,images_OBJ008,7,OBJ008_046.jpg
/content/data/IE7615 Deep Learning for AI/images_OBJ071/OBJ071_046.jpg,images_OBJ071,70,OBJ071_046.jpg
/content/data/IE7615 Deep Learning for AI/images_OBJ003/OBJ003_092.jpg,images_OBJ003,2,OBJ003_092.jpg
/content/data/IE7615 Deep Learning for AI/images_OBJ020/OBJ020_005.jpg,images_OBJ020,19,OBJ020_005.jpg
/content/data/IE7615 Deep Learning for AI/images_OBJ058/OBJ058_056.jpg,images_OBJ058,57,OBJ058_056.jpg
/content/data/IE7615 Deep Learning for AI/images_OBJ051/OBJ051_094.jpg,images_OBJ051,50,OBJ051_094.jpg
/content/data/IE7615 Deep Learning for AI/images_OBJ071/OBJ071_011.jpg,images_OBJ071,70,OBJ071_011.jpg
/content/data/IE7615 Deep Learning for AI/images_OBJ064/OBJ064_079.jpg,images_OBJ064,63,OBJ064_079.jpg
/content/data/IE7615 Deep Learning for AI/images_OBJ050/OBJ050_078.jpg,images_OBJ050,49,OBJ050_078.jpg
/content/data/IE7615 Deep Learning for AI/images_OBJ004/OBJ004_041.jpg,images_OBJ004,3,OBJ004_041.jpg
/content/data/IE7615 Deep Learning for AI/images_OBJ061/OBJ061_055.jpg,images_OBJ061,60,OBJ061_055.jpg
/content/data/IE7615 Deep Learning for AI/images_OBJ044/OBJ044_069.jpg,images_OBJ044,43,OBJ044_069.jpg
/content/data/IE7615 Deep Learning for AI/images_OBJ012/OBJ012_080.jpg,images_OBJ012,11,OBJ012_080.jpg
/content/data/IE7615 Deep Learning for AI/images_OBJ024/OBJ024_051.jpg,images_OBJ024,23,OBJ024_051.jpg
/content/data/IE7615 Deep Learning for AI/images_OBJ016/OBJ016_016.jpg,images_OBJ016,15,OBJ016_016.jpg
/content/data/IE7615 Deep Learning for AI/images_OBJ067/OBJ067_0017.jpg,images_OBJ067,66,OBJ067_0017.jpg
/content/data/IE7615 Deep Learning for AI/images_OBJ039/OBJ039_063.jpg,images_OBJ039,38,OBJ039_063.jpg
/content/data/IE7615 Deep Learning for AI/images_OBJ042/OBJ042_057.jpg,images_OBJ042,41,OBJ042_057.jpg
/content/data/IE7615 Deep Learning for AI/images_OBJ025/OBJ025_076.jpg,images_OBJ025,24,OBJ025_076.jpg
/content/data/IE7615 Deep Learning for AI/images_OBJ042/OBJ042_012.jpg,images_OBJ042,41,OBJ042_012.jpg
/content/data/IE7615 Deep Learning for AI/images_OBJ038/OBJ038_025.jpg,images_OBJ038,37,OBJ038_025.jpg
/content/data/IE7615 Deep Learning for AI/images_OBJ052/OBJ052_093.jpg,images_OBJ052,51,OBJ052_093.jpg
/content/data/IE7615 Deep Learning for AI/images_OBJ015/OBJ015_051.jpg,images_OBJ015,14,OBJ015_051.jpg
/content/data/IE7615 Deep Learning for AI/images_OBJ010/OBJ010_076.jpg,images_OBJ010,9,OBJ010_076.jpg
/content/data/IE7615 Deep Learning for AI/images_OBJ059/OBJ059_007.jpg,images_OBJ059,58,OBJ059_007.jpg
/content/data/IE7615 Deep Learning for AI/images_OBJ043/OBJ043_071.jpg,images_OBJ043,42,OBJ043_071.jpg
/content/data/IE7615 Deep Learning for AI/images_OBJ014/sunglasses_080.jpeg,images_OBJ014,13,sunglasses_080.jpeg
/content/data/IE7615 Deep Learning for AI/images_OBJ065/OBJ065_024.jpg,images_OBJ065,64,OBJ065_024.jpg
/content/data/IE7615 Deep Learning for AI/images_OBJ068/OBJ068_047.jpg,images_OBJ068,67,OBJ068_047.jpg
/content/data/IE7615 Deep Learning for AI/images_OBJ035/OBJ035_092.jpg,images_OBJ035,34,OBJ035_092.jpg
/content/data/IE7615 Deep Learning for AI/images_OBJ015/OBJ015_049.jpg,images_OBJ015,14,OBJ015_049.jpg
/content/data/IE7615 Deep Learning for AI/images_OBJ025/OBJ025_024.jpg,images_OBJ025,24,OBJ025_024.jpg
/content/data/IE7615 Deep Learning for AI/images_OBJ009/OBJ009_094.jpg,images_OBJ009,8,OBJ009_094.jpg
/content/data/IE7615 Deep Learning for AI/images_OBJ042/OBJ042_068.jpg,images_OBJ042,41,OBJ042_068.jpg
/content/data/IE7615 Deep Learning for AI/images_OBJ005/OBJ005_055.jpg,images_OBJ005,4,OBJ005_055.jpg
/content/data/IE7615 Deep Learning for AI/images_OBJ045/OBJ045_051.jpg,images_OBJ045,44,OBJ045_051.jpg
/content/data/IE7615 Deep Learning for AI/images_OBJ063/OBJ063_002.jpg,images_OBJ063,62,OBJ063_002.jpg
/content/data/IE7615 Deep Learning for AI/images_OBJ062/OBJ062_049.jpg,images_OBJ062,61,OBJ062_049.jpg
/content/data/IE7615 Deep Learning for AI/images_OBJ008/OBJ008_024.jpg,images_OBJ008,7,OBJ008_024.jpg
/content/data/IE7615 Deep Learning for AI/images_OBJ004/OBJ004_021.jpg,images_OBJ004,3,OBJ004_021.jpg
/content/data/IE7615 Deep Learning for AI/images_OBJ030/OBJ030_040.jpg,images_OBJ030,29,OBJ030_040.jpg
/content/data/IE7615 Deep Learning for AI/images_OBJ034/OBJ034_064.jpg,images_OBJ034,33,OBJ034_064.jpg
/content/data/IE7615 Deep Learning for AI/images_OBJ034/OBJ034_050.jpg,images_OBJ034,33,OBJ034_050.jpg
/content/data/IE7615 Deep Learning for AI/images_OBJ049/OBJ049_052.jpg,images_OBJ049,48,OBJ049_052.jpg
/content/data/IE7615 Deep Learning for AI/images_OBJ027/OBJ027_087.jpg,images_OBJ027,26,OBJ027_087.jpg
/content/data/IE7615 Deep Learning for AI/images_OBJ048/OBJ048_026.jpg,images_OBJ048,47,OBJ048_026.jpg
/content/data/IE7615 Deep Learning for AI/images_OBJ002/OBJ002_008.jpg,images_OBJ002,1,OBJ002_008.jpg
/content/data/IE7615 Deep Learning for AI/images_OBJ022/OBJ022_014.jpeg,images_OBJ022,21,OBJ022_014.jpeg
/content/data/IE7615 Deep Learning for AI/images_OBJ038/OBJ038_063.jpg,images_OBJ038,37,OBJ038_063.jpg
/content/data/IE7615 Deep Learning for AI/images_OBJ044/OBJ044_059.jpg,images_OBJ044,43,OBJ044_059.jpg
/content/data/IE7615 Deep Learning for AI/images_OBJ037/OBJ037_039.jpg,images_OBJ037,36,OBJ037_039.jpg
/content/data/IE7615 Deep Learning for AI/images_OBJ015/OBJ015_076.jpg,images_OBJ015,14,OBJ015_076.jpg
/content/data/IE7615 Deep Learning for AI/images_OBJ042/OBJ042_006.jpg,images_OBJ042,41,OBJ042_006.jpg
/content/data/IE7615 Deep Learning for AI/images_OBJ011/OBJ011_059.jpg,images_OBJ011,10,OBJ011_059.jpg
/content/data/IE7615 Deep Learning for AI/images_OBJ019/OBJ019_027.jpg,images_OBJ019,18,OBJ019_027.jpg
/content/data/IE7615 Deep Learning for AI/images_OBJ031/OBJ031_071.jpg,images_OBJ031,30,OBJ031_071.jpg
/content/data/IE7615 Deep Learning for AI/images_OBJ035/OBJ035_034.jpg,images_OBJ035,34,OBJ035_034.jpg
/content/data/IE7615 Deep Learning for AI/images_OBJ066/OBJ066_073.jpg,images_OBJ066,65,OBJ066_073.jpg
/content/data/IE7615 Deep Learning for AI/images_OBJ020/OBJ020_028.jpg,images_OBJ020,19,OBJ020_028.jpg
/content/data/IE7615 Deep Learning for AI/images_OBJ037/OBJ037_060.jpg,images_OBJ037,36,OBJ037_060.jpg
/content/data/IE7615 Deep Learning for AI/images_OBJ057/OBJ057_075.jpg,images_OBJ057,56,OBJ057_075.jpg
/content/data/IE7615 Deep Learning for AI/images_OBJ059/OBJ059_058.jpg,images_OBJ059,58,OBJ059_058.jpg
/content/data/IE7615 Deep Learning for AI/images_OBJ071/OBJ071_049.jpg,images_OBJ071,70,OBJ071_049.jpg
/content/data/IE7615 Deep Learning for AI/images_OBJ001/OBJ001_021.jpg,images_OBJ001,0,OBJ001_021.jpg
/content/data/IE7615 Deep Learning for AI/images_OBJ057/OBJ057_052.jpg,images_OBJ057,56,OBJ057_052.jpg
/content/data/IE7615 Deep Learning for AI/images_OBJ013/OBJ013_025.jpg,images_OBJ013,12,OBJ013_025.jpg
/content/data/IE7615 Deep Learning for AI/images_OBJ042/OBJ042_049.jpg,images_OBJ042,41,OBJ042_049.jpg
/content/data/IE7615 Deep Learning for AI/images_OBJ021/OBJ021_011.jpg,images_OBJ021,20,OBJ021_011.jpg
/content/data/IE7615 Deep Learning for AI/images_OBJ026/OBJ026_059.jpg,images_OBJ026,25,OBJ026_059.jpg
/content/data/IE7615 Deep Learning for AI/images_OBJ007/OBJ007_069.jpg,images_OBJ007,6,OBJ007_069.jpg
/content/data/IE7615 Deep Learning for AI/images_OBJ016/OBJ016_064.jpg,images_OBJ016,15,OBJ016_064.jpg
/content/data/IE7615 Deep Learning for AI/images_OBJ045/OBJ045_016.jpg,images_OBJ045,44,OBJ045_016.jpg
/content/data/IE7615 Deep Learning for AI/images_OBJ025/OBJ025_046.jpg,images_OBJ025,24,OBJ025_046.jpg
/content/data/IE7615 Deep Learning for AI/images_OBJ052/OBJ052_074.jpg,images_OBJ052,51,OBJ052_074.jpg
/content/data/IE7615 Deep Learning for AI/images_OBJ073/OBJ073_023.jpg,images_OBJ073,72,OBJ073_023.jpg
/content/data/IE7615 Deep Learning for AI/images_OBJ031/OBJ031_083.jpg,images_OBJ031,30,OBJ031_083.jpg
/content/data/IE7615 Deep Learning for AI/images_OBJ010/OBJ010_092.jpg,images_OBJ010,9,OBJ010_092.jpg
/content/data/IE7615 Deep Learning for AI/images_OBJ001/OBJ001_080.jpg,images_OBJ001,0,OBJ001_080.jpg
/content/data/IE7615 Deep Learning for AI/images_OBJ051/OBJ051_001.jpg,images_OBJ051,50,OBJ051_001.jpg
/content/data/IE7615 Deep Learning for AI/images_OBJ071/OBJ071_009.jpg,images_OBJ071,70,OBJ071_009.jpg
/content/data/IE7615 Deep Learning for AI/images_OBJ016/OBJ016_042.jpg,images_OBJ016,15,OBJ016_042.jpg
/content/data/IE7615 Deep Learning for AI/images_OBJ044/OBJ044_016.jpg,images_OBJ044,43,OBJ044_016.jpg
/content/data/IE7615 Deep Learning for AI/images_OBJ006/OBJ006_082.jpg,images_OBJ006,5,OBJ006_082.jpg
/content/data/IE7615 Deep Learning for AI/images_OBJ015/OBJ015_089.jpg,images_OBJ015,14,OBJ015_089.jpg
/content/data/IE7615 Deep Learning for AI/images_OBJ065/OBJ065_021.jpg,images_OBJ065,64,OBJ065_021.jpg
/content/data/IE7615 Deep Learning for AI/images_OBJ022/OBJ022_051.jpeg,images_OBJ022,21,OBJ022_051.jpeg
/content/data/IE7615 Deep Learning for AI/images_OBJ072/OBJ072_055.jpg,images_OBJ072,71,OBJ072_055.jpg
/content/data/IE7615 Deep Learning for AI/images_OBJ073/OBJ073_011.jpg,images_OBJ073,72,OBJ073_011.jpg
/content/data/IE7615 Deep Learning for AI/images_OBJ073/OBJ073_090.jpg,images_OBJ073,72,OBJ073_090.jpg
/content/data/IE7615 Deep Learning for AI/images_OBJ062/OBJ062_025.jpg,images_OBJ062,61,OBJ062_025.jpg
/content/data/IE7615 Deep Learning for AI/images_OBJ042/OBJ042_029.jpg,images_OBJ042,41,OBJ042_029.jpg
/content/data/IE7615 Deep Learning for AI/images_OBJ008/OBJ008_091.jpg,images_OBJ008,7,OBJ008_091.jpg
/content/data/IE7615 Deep Learning for AI/images_OBJ010/OBJ010_089.jpg,images_OBJ010,9,OBJ010_089.jpg
/content/data/IE7615 Deep Learning for AI/images_OBJ055/OBJ055_060.jpg,images_OBJ055,54,OBJ055_060.jpg
/content/data/IE7615 Deep Learning for AI/images_OBJ021/OBJ021_067.jpg,images_OBJ021,20,OBJ021_067.jpg
/content/data/IE7615 Deep Learning for AI/images_OBJ021/OBJ021_084.jpg,images_OBJ021,20,OBJ021_084.jpg
/content/data/IE7615 Deep Learning for AI/images_OBJ058/OBJ058_033.jpg,images_OBJ058,57,OBJ058_033.jpg
/content/data/IE7615 Deep Learning for AI/images_OBJ035/OBJ035_017.jpg,images_OBJ035,34,OBJ035_017.jpg
/content/data/IE7615 Deep Learning for AI/images_OBJ033/OBJ033_043.jpg,images_OBJ033,32,OBJ033_043.jpg
/content/data/IE7615 Deep Learning for AI/images_OBJ026/OBJ026_028.jpg,images_OBJ026,25,OBJ026_028.jpg
/content/data/IE7615 Deep Learning for AI/images_OBJ063/OBJ063_066.jpg,images_OBJ063,62,OBJ063_066.jpg
/content/data/IE7615 Deep Learning for AI/images_OBJ038/OBJ038_026.jpg,images_OBJ038,37,OBJ038_026.jpg
/content/data/IE7615 Deep Learning for AI/images_OBJ010/OBJ010_073.jpg,images_OBJ010,9,OBJ010_073.jpg
/content/data/IE7615 Deep Learning for AI/images_OBJ067/OBJ067_0095.jpg,images_OBJ067,66,OBJ067_0095.jpg
/content/data/IE7615 Deep Learning for AI/images_OBJ062/OBJ062_075.jpg,images_OBJ062,61,OBJ062_075.jpg
/content/data/IE7615 Deep Learning for AI/images_OBJ070/OBJ070_060.jpg,images_OBJ070,69,OBJ070_060.jpg
/content/data/IE7615 Deep Learning for AI/images_OBJ021/OBJ021_019.jpg,images_OBJ021,20,OBJ021_019.jpg
/content/data/IE7615 Deep Learning for AI/images_OBJ010/OBJ010_016.jpg,images_OBJ010,9,OBJ010_016.jpg
/content/data/IE7615 Deep Learning for AI/images_OBJ059/OBJ059_039.jpg,images_OBJ059,58,OBJ059_039.jpg
/content/data/IE7615 Deep Learning for AI/images_OBJ004/OBJ004_089.jpg,images_OBJ004,3,OBJ004_089.jpg
/content/data/IE7615 Deep Learning for AI/images_OBJ017/OBJ017_055.jpg,images_OBJ017,16,OBJ017_055.jpg
/content/data/IE7615 Deep Learning for AI/images_OBJ006/OBJ006_029.jpg,images_OBJ006,5,OBJ006_029.jpg
/content/data/IE7615 Deep Learning for AI/images_OBJ032/OBJ032_002.jpg,images_OBJ032,31,OBJ032_002.jpg
/content/data/IE7615 Deep Learning for AI/images_OBJ049/OBJ049_063.jpg,images_OBJ049,48,OBJ049_063.jpg
/content/data/IE7615 Deep Learning for AI/images_OBJ069/OBJ069_073.jpg,images_OBJ069,68,OBJ069_073.jpg
/content/data/IE7615 Deep Learning for AI/images_OBJ042/OBJ042_017.jpg,images_OBJ042,41,OBJ042_017.jpg
/content/data/IE7615 Deep Learning for AI/images_OBJ036/OBJ036_076.jpg,images_OBJ036,35,OBJ036_076.jpg
/content/data/IE7615 Deep Learning for AI/images_OBJ050/OBJ050_029.jpg,images_OBJ050,49,OBJ050_029.jpg
/content/data/IE7615 Deep Learning for AI/images_OBJ015/OBJ015_092.jpg,images_OBJ015,14,OBJ015_092.jpg
/content/data/IE7615 Deep Learning for AI/images_OBJ027/OBJ027_060.jpg,images_OBJ027,26,OBJ027_060.jpg
/content/data/IE7615 Deep Learning for AI/images_OBJ004/OBJ004_080.jpg,images_OBJ004,3,OBJ004_080.jpg
/content/data/IE7615 Deep Learning for AI/images_OBJ002/OBJ002_064.jpg,images_OBJ002,1,OBJ002_064.jpg
/content/data/IE7615 Deep Learning for AI/images_OBJ014/sunglasses_077.jpeg,images_OBJ014,13,sunglasses_077.jpeg
/content/data/IE7615 Deep Learning for AI/images_OBJ065/OBJ065_035.jpg,images_OBJ065,64,OBJ065_035.jpg
/content/data/IE7615 Deep Learning for AI/images_OBJ039/OBJ039_036.jpg,images_OBJ039,38,OBJ039_036.jpg
/content/data/IE7615 Deep Learning for AI/images_OBJ011/OBJ011_009.jpg,images_OBJ011,10,OBJ011_009.jpg
/content/data/IE7615 Deep Learning for AI/images_OBJ054/OBJ054_048.jpg,images_OBJ054,53,OBJ054_048.jpg
/content/data/IE7615 Deep Learning for AI/images_OBJ041/OBJ041_004.jpg,images_OBJ041,40,OBJ041_004.jpg
/content/data/IE7615 Deep Learning for AI/images_OBJ067/OBJ067_0067.jpg,images_OBJ067,66,OBJ067_0067.jpg
/content/data/IE7615 Deep Learning for AI/images_OBJ053/OBJ053_051.jpg,images_OBJ053,52,OBJ053_051.jpg
/content/data/IE7615 Deep Learning for AI/images_OBJ024/OBJ024_045.jpg,images_OBJ024,23,OBJ024_045.jpg
/content/data/IE7615 Deep Learning for AI/images_OBJ055/OBJ055_045.jpg,images_OBJ055,54,OBJ055_045.jpg
/content/data/IE7615 Deep Learning for AI/images_OBJ057/OBJ057_080.jpg,images_OBJ057,56,OBJ057_080.jpg
/content/data/IE7615 Deep Learning for AI/images_OBJ047/OBJ047_066.jpg,images_OBJ047,46,OBJ047_066.jpg
/content/data/IE7615 Deep Learning for AI/images_OBJ046/OBJ046_089.jpg,images_OBJ046,45,OBJ046_089.jpg
/content/data/IE7615 Deep Learning for AI/images_OBJ003/OBJ003_036.jpg,images_OBJ003,2,OBJ003_036.jpg
/content/data/IE7615 Deep Learning for AI/images_OBJ006/OBJ006_093.jpg,images_OBJ006,5,OBJ006_093.jpg
/content/data/IE7615 Deep Learning for AI/images_OBJ052/OBJ052_035.jpg,images_OBJ052,51,OBJ052_035.jpg
/content/data/IE7615 Deep Learning for AI/images_OBJ062/OBJ062_093.jpg,images_OBJ062,61,OBJ062_093.jpg
/content/data/IE7615 Deep Learning for AI/images_OBJ022/OBJ022_028.jpeg,images_OBJ022,21,OBJ022_028.jpeg
/content/data/IE7615 Deep Learning for AI/images_OBJ013/OBJ013_042.jpg,images_OBJ013,12,OBJ013_042.jpg
/content/data/IE7615 Deep Learning for AI/images_OBJ012/OBJ012_032.jpg,images_OBJ012,11,OBJ012_032.jpg
/content/data/IE7615 Deep Learning for AI/images_OBJ073/OBJ073_004.jpg,images_OBJ073,72,OBJ073_004.jpg
/content/data/IE7615 Deep Learning for AI/images_OBJ043/OBJ043_010.jpg,images_OBJ043,42,OBJ043_010.jpg
/content/data/IE7615 Deep Learning for AI/images_OBJ065/OBJ065_040.jpg,images_OBJ065,64,OBJ065_040.jpg
/content/data/IE7615 Deep Learning for AI/images_OBJ044/OBJ044_082.jpg,images_OBJ044,43,OBJ044_082.jpg
/content/data/IE7615 Deep Learning for AI/images_OBJ054/OBJ054_083.jpg,images_OBJ054,53,OBJ054_083.jpg
/content/data/IE7615 Deep Learning for AI/images_OBJ068/OBJ068_004.jpg,images_OBJ068,67,OBJ068_004.jpg
/content/data/IE7615 Deep Learning for AI/images_OBJ022/OBJ022_056.jpeg,images_OBJ022,21,OBJ022_056.jpeg
/content/data/IE7615 Deep Learning for AI/images_OBJ071/OBJ071_004.jpg,images_OBJ071,70,OBJ071_004.jpg
/content/data/IE7615 Deep Learning for AI/images_OBJ051/OBJ051_098.jpg,images_OBJ051,50,OBJ051_098.jpg
/content/data/IE7615 Deep Learning for AI/images_OBJ043/OBJ043_052.jpg,images_OBJ043,42,OBJ043_052.jpg
/content/data/IE7615 Deep Learning for AI/images_OBJ021/OBJ021_024.jpg,images_OBJ021,20,OBJ021_024.jpg
/content/data/IE7615 Deep Learning for AI/images_OBJ059/OBJ059_090.jpg,images_OBJ059,58,OBJ059_090.jpg
/content/data/IE7615 Deep Learning for AI/images_OBJ019/OBJ019_068.jpg,images_OBJ019,18,OBJ019_068.jpg
/content/data/IE7615 Deep Learning for AI/images_OBJ063/OBJ063_082.jpg,images_OBJ063,62,OBJ063_082.jpg
/content/data/IE7615 Deep Learning for AI/images_OBJ050/OBJ050_032.jpg,images_OBJ050,49,OBJ050_032.jpg
/content/data/IE7615 Deep Learning for AI/images_OBJ029/OBJ029_077.jpg,images_OBJ029,28,OBJ029_077.jpg
/content/data/IE7615 Deep Learning for AI/images_OBJ034/OBJ034_063.jpg,images_OBJ034,33,OBJ034_063.jpg
/content/data/IE7615 Deep Learning for AI/images_OBJ013/OBJ013_093.jpg,images_OBJ013,12,OBJ013_093.jpg
/content/data/IE7615 Deep Learning for AI/images_OBJ019/OBJ019_025.jpg,images_OBJ019,18,OBJ019_025.jpg
/content/data/IE7615 Deep Learning for AI/images_OBJ012/OBJ012_050.jpg,images_OBJ012,11,OBJ012_050.jpg
/content/data/IE7615 Deep Learning for AI/images_OBJ060/OBJ060_24.JPG,images_OBJ060,59,OBJ060_24.JPG
/content/data/IE7615 Deep Learning for AI/images_OBJ032/OBJ032_087.jpg,images_OBJ032,31,OBJ032_087.jpg
/content/data/IE7615 Deep Learning for AI/images_OBJ026/OBJ026_056.jpg,images_OBJ026,25,OBJ026_056.jpg
/content/data/IE7615 Deep Learning for AI/images_OBJ019/OBJ019_085.jpg,images_OBJ019,18,OBJ019_085.jpg
/content/data/IE7615 Deep Learning for AI/images_OBJ028/OBJ028_040.jpg,images_OBJ028,27,OBJ028_040.jpg
/content/data/IE7615 Deep Learning for AI/images_OBJ027/OBJ027_026.jpg,images_OBJ027,26,OBJ027_026.jpg
/content/data/IE7615 Deep Learning for AI/images_OBJ005/OBJ005_054.jpg,images_OBJ005,4,OBJ005_054.jpg
/content/data/IE7615 Deep Learning for AI/images_OBJ065/OBJ065_047.jpg,images_OBJ065,64,OBJ065_047.jpg
/content/data/IE7615 Deep Learning for AI/images_OBJ040/OBJ040_071.JPG,images_OBJ040,39,OBJ040_071.JPG
/content/data/IE7615 Deep Learning for AI/images_OBJ064/OBJ064_072.jpg,images_OBJ064,63,OBJ064_072.jpg
/content/data/IE7615 Deep Learning for AI/images_OBJ013/OBJ013_082.jpg,images_OBJ013,12,OBJ013_082.jpg
/content/data/IE7615 Deep Learning for AI/images_OBJ041/OBJ041_003.jpg,images_OBJ041,40,OBJ041_003.jpg
/content/data/IE7615 Deep Learning for AI/images_OBJ070/OBJ070_047.jpg,images_OBJ070,69,OBJ070_047.jpg
/content/data/IE7615 Deep Learning for AI/images_OBJ039/OBJ039_054.jpg,images_OBJ039,38,OBJ039_054.jpg
/content/data/IE7615 Deep Learning for AI/images_OBJ014/sunglasses_043.jpeg,images_OBJ014,13,sunglasses_043.jpeg
/content/data/IE7615 Deep Learning for AI/images_OBJ001/OBJ001_095.jpg,images_OBJ001,0,OBJ001_095.jpg
/content/data/IE7615 Deep Learning for AI/images_OBJ018/OBJ018_034.jpg,images_OBJ018,17,OBJ018_034.jpg
/content/data/IE7615 Deep Learning for AI/images_OBJ023/OBJ023_082.JPG,images_OBJ023,22,OBJ023_082.JPG
/content/data/IE7615 Deep Learning for AI/images_OBJ071/OBJ071_066.jpg,images_OBJ071,70,OBJ071_066.jpg
/content/data/IE7615 Deep Learning for AI/images_OBJ006/OBJ006_021.jpg,images_OBJ006,5,OBJ006_021.jpg
/content/data/IE7615 Deep Learning for AI/images_OBJ022/OBJ022_008.jpeg,images_OBJ022,21,OBJ022_008.jpeg
/content/data/IE7615 Deep Learning for AI/images_OBJ048/OBJ048_045.jpg,images_OBJ048,47,OBJ048_045.jpg
/content/data/IE7615 Deep Learning for AI/images_OBJ047/OBJ047_065.jpg,images_OBJ047,46,OBJ047_065.jpg
/content/data/IE7615 Deep Learning for AI/images_OBJ045/OBJ045_041.jpg,images_OBJ045,44,OBJ045_041.jpg
/content/data/IE7615 Deep Learning for AI/images_OBJ018/OBJ018_035.jpg,images_OBJ018,17,OBJ018_035.jpg
/content/data/IE7615 Deep Learning for AI/images_OBJ020/OBJ020_017.jpg,images_OBJ020,19,OBJ020_017.jpg
/content/data/IE7615 Deep Learning for AI/images_OBJ018/OBJ018_062.jpg,images_OBJ018,17,OBJ018_062.jpg
/content/data/IE7615 Deep Learning for AI/images_OBJ070/OBJ070_024.jpg,images_OBJ070,69,OBJ070_024.jpg
/content/data/IE7615 Deep Learning for AI/images_OBJ005/OBJ005_066.jpg,images_OBJ005,4,OBJ005_066.jpg
/content/data/IE7615 Deep Learning for AI/images_OBJ024/OBJ024_026.jpg,images_OBJ024,23,OBJ024_026.jpg
/content/data/IE7615 Deep Learning for AI/images_OBJ042/OBJ042_046.jpg,images_OBJ042,41,OBJ042_046.jpg
/content/data/IE7615 Deep Learning for AI/images_OBJ032/OBJ032_074.jpg,images_OBJ032,31,OBJ032_074.jpg
/content/data/IE7615 Deep Learning for AI/images_OBJ024/OBJ024_091.jpg,images_OBJ024,23,OBJ024_091.jpg
/content/data/IE7615 Deep Learning for AI/images_OBJ048/OBJ048_061.jpg,images_OBJ048,47,OBJ048_061.jpg
/content/data/IE7615 Deep Learning for AI/images_OBJ002/OBJ002_063.jpg,images_OBJ002,1,OBJ002_063.jpg
/content/data/IE7615 Deep Learning for AI/images_OBJ015/OBJ015_073.jpg,images_OBJ015,14,OBJ015_073.jpg
/content/data/IE7615 Deep Learning for AI/images_OBJ023/OBJ023_041.JPG,images_OBJ023,22,OBJ023_041.JPG
/content/data/IE7615 Deep Learning for AI/images_OBJ040/OBJ040_087.JPG,images_OBJ040,39,OBJ040_087.JPG
/content/data/IE7615 Deep Learning for AI/images_OBJ002/OBJ002_039.jpg,images_OBJ002,1,OBJ002_039.jpg
/content/data/IE7615 Deep Learning for AI/images_OBJ041/OBJ041_008.jpg,images_OBJ041,40,OBJ041_008.jpg
/content/data/IE7615 Deep Learning for AI/images_OBJ065/OBJ065_084.jpg,images_OBJ065,64,OBJ065_084.jpg
/content/data/IE7615 Deep Learning for AI/images_OBJ056/OBJ056_047.jpg,images_OBJ056,55,OBJ056_047.jpg
/content/data/IE7615 Deep Learning for AI/images_OBJ023/OBJ023_059.JPG,images_OBJ023,22,OBJ023_059.JPG
/content/data/IE7615 Deep Learning for AI/images_OBJ060/OBJ060_34.JPG,images_OBJ060,59,OBJ060_34.JPG
/content/data/IE7615 Deep Learning for AI/images_OBJ071/OBJ071_077.jpg,images_OBJ071,70,OBJ071_077.jpg
/content/data/IE7615 Deep Learning for AI/images_OBJ010/OBJ010_029.jpg,images_OBJ010,9,OBJ010_029.jpg
/content/data/IE7615 Deep Learning for AI/images_OBJ050/OBJ050_058.jpg,images_OBJ050,49,OBJ050_058.jpg
/content/data/IE7615 Deep Learning for AI/images_OBJ036/OBJ036_001.jpg,images_OBJ036,35,OBJ036_001.jpg
/content/data/IE7615 Deep Learning for AI/images_OBJ022/OBJ022_092.jpeg,images_OBJ022,21,OBJ022_092.jpeg
/content/data/IE7615 Deep Learning for AI/images_OBJ039/OBJ039_003.jpg,images_OBJ039,38,OBJ039_003.jpg
/content/data/IE7615 Deep Learning for AI/images_OBJ011/OBJ011_056.jpg,images_OBJ011,10,OBJ011_056.jpg
/content/data/IE7615 Deep Learning for AI/images_OBJ053/OBJ053_020.jpg,images_OBJ053,52,OBJ053_020.jpg
/content/data/IE7615 Deep Learning for AI/images_OBJ043/OBJ043_088.jpg,images_OBJ043,42,OBJ043_088.jpg
/content/data/IE7615 Deep Learning for AI/images_OBJ044/OBJ044_060.jpg,images_OBJ044,43,OBJ044_060.jpg
/content/data/IE7615 Deep Learning for AI/images_OBJ053/OBJ053_050.jpg,images_OBJ053,52,OBJ053_050.jpg
/content/data/IE7615 Deep Learning for AI/images_OBJ041/OBJ041_092.jpg,images_OBJ041,40,OBJ041_092.jpg
/content/data/IE7615 Deep Learning for AI/images_OBJ047/OBJ047_095.jpg,images_OBJ047,46,OBJ047_095.jpg
/content/data/IE7615 Deep Learning for AI/images_OBJ033/OBJ033_095.jpg,images_OBJ033,32,OBJ033_095.jpg
/content/data/IE7615 Deep Learning for AI/images_OBJ012/OBJ012_088.jpg,images_OBJ012,11,OBJ012_088.jpg
/content/data/IE7615 Deep Learning for AI/images_OBJ012/OBJ012_015.jpg,images_OBJ012,11,OBJ012_015.jpg
/content/data/IE7615 Deep Learning for AI/images_OBJ016/OBJ016_029.jpg,images_OBJ016,15,OBJ016_029.jpg
/content/data/IE7615 Deep Learning for AI/images_OBJ019/OBJ019_075.jpg,images_OBJ019,18,OBJ019_075.jpg
/content/data/IE7615 Deep Learning for AI/images_OBJ069/OBJ069_015.jpg,images_OBJ069,68,OBJ069_015.jpg
/content/data/IE7615 Deep Learning for AI/images_OBJ069/OBJ069_027.jpg,images_OBJ069,68,OBJ069_027.jpg
/content/data/IE7615 Deep Learning for AI/images_OBJ012/OBJ012_034.jpg,images_OBJ012,11,OBJ012_034.jpg
/content/data/IE7615 Deep Learning for AI/images_OBJ045/OBJ045_077.jpg,images_OBJ045,44,OBJ045_077.jpg
/content/data/IE7615 Deep Learning for AI/images_OBJ069/OBJ069_029.jpg,images_OBJ069,68,OBJ069_029.jpg
/content/data/IE7615 Deep Learning for AI/images_OBJ047/OBJ047_021.jpg,images_OBJ047,46,OBJ047_021.jpg
/content/data/IE7615 Deep Learning for AI/images_OBJ002/OBJ002_056.jpg,images_OBJ002,1,OBJ002_056.jpg
/content/data/IE7615 Deep Learning for AI/images_OBJ024/OBJ024_065.jpg,images_OBJ024,23,OBJ024_065.jpg
/content/data/IE7615 Deep Learning for AI/images_OBJ069/OBJ069_032.jpg,images_OBJ069,68,OBJ069_032.jpg
/content/data/IE7615 Deep Learning for AI/images_OBJ023/OBJ023_036.JPG,images_OBJ023,22,OBJ023_036.JPG
/content/data/IE7615 Deep Learning for AI/images_OBJ068/OBJ068_084.jpg,images_OBJ068,67,OBJ068_084.jpg
/content/data/IE7615 Deep Learning for AI/images_OBJ035/OBJ035_052.jpg,images_OBJ035,34,OBJ035_052.jpg
/content/data/IE7615 Deep Learning for AI/images_OBJ011/OBJ011_031.jpg,images_OBJ011,10,OBJ011_031.jpg
/content/data/IE7615 Deep Learning for AI/images_OBJ041/OBJ041_048.jpg,images_OBJ041,40,OBJ041_048.jpg
/content/data/IE7615 Deep Learning for AI/images_OBJ009/OBJ009_076.jpg,images_OBJ009,8,OBJ009_076.jpg
/content/data/IE7615 Deep Learning for AI/images_OBJ015/OBJ015_065.jpg,images_OBJ015,14,OBJ015_065.jpg
/content/data/IE7615 Deep Learning for AI/images_OBJ017/OBJ017_031.jpg,images_OBJ017,16,OBJ017_031.jpg
/content/data/IE7615 Deep Learning for AI/images_OBJ073/OBJ073_067.jpg,images_OBJ073,72,OBJ073_067.jpg
/content/data/IE7615 Deep Learning for AI/images_OBJ015/OBJ015_019.jpg,images_OBJ015,14,OBJ015_019.jpg
/content/data/IE7615 Deep Learning for AI/images_OBJ026/OBJ026_015.jpg,images_OBJ026,25,OBJ026_015.jpg
/content/data/IE7615 Deep Learning for AI/images_OBJ024/OBJ024_053.jpg,images_OBJ024,23,OBJ024_053.jpg
/content/data/IE7615 Deep Learning for AI/images_OBJ020/OBJ020_063.jpg,images_OBJ020,19,OBJ020_063.jpg
/content/data/IE7615 Deep Learning for AI/images_OBJ060/OBJ060_52.JPG,images_OBJ060,59,OBJ060_52.JPG
/content/data/IE7615 Deep Learning for AI/images_OBJ026/OBJ026_078.jpg,images_OBJ026,25,OBJ026_078.jpg
/content/data/IE7615 Deep Learning for AI/images_OBJ024/OBJ024_034.jpg,images_OBJ024,23,OBJ024_034.jpg
/content/data/IE7615 Deep Learning for AI/images_OBJ072/OBJ072_012.jpg,images_OBJ072,71,OBJ072_012.jpg
/content/data/IE7615 Deep Learning for AI/images_OBJ069/OBJ069_052.jpg,images_OBJ069,68,OBJ069_052.jpg
/content/data/IE7615 Deep Learning for AI/images_OBJ033/OBJ033_056.jpg,images_OBJ033,32,OBJ033_056.jpg
/content/data/IE7615 Deep Learning for AI/images_OBJ060/OBJ060_65.JPG,images_OBJ060,59,OBJ060_65.JPG
/content/data/IE7615 Deep Learning for AI/images_OBJ032/OBJ032_070.jpg,images_OBJ032,31,OBJ032_070.jpg
/content/data/IE7615 Deep Learning for AI/images_OBJ071/OBJ071_010.jpg,images_OBJ071,70,OBJ071_010.jpg
/content/data/IE7615 Deep Learning for AI/images_OBJ030/OBJ030_008.jpg,images_OBJ030,29,OBJ030_008.jpg
/content/data/IE7615 Deep Learning for AI/images_OBJ071/OBJ071_053.jpg,images_OBJ071,70,OBJ071_053.jpg
/content/data/IE7615 Deep Learning for AI/images_OBJ027/OBJ027_034.jpg,images_OBJ027,26,OBJ027_034.jpg
/content/data/IE7615 Deep Learning for AI/images_OBJ028/OBJ028_057.jpg,images_OBJ028,27,OBJ028_057.jpg
/content/data/IE7615 Deep Learning for AI/images_OBJ044/OBJ044_036.jpg,images_OBJ044,43,OBJ044_036.jpg
/content/data/IE7615 Deep Learning for AI/images_OBJ064/OBJ064_040.jpg,images_OBJ064,63,OBJ064_040.jpg
/content/data/IE7615 Deep Learning for AI/images_OBJ056/OBJ056_025.jpg,images_OBJ056,55,OBJ056_025.jpg
/content/data/IE7615 Deep Learning for AI/images_OBJ022/OBJ022_062.jpeg,images_OBJ022,21,OBJ022_062.jpeg
/content/data/IE7615 Deep Learning for AI/images_OBJ030/OBJ030_060.jpg,images_OBJ030,29,OBJ030_060.jpg
/content/data/IE7615 Deep Learning for AI/images_OBJ010/OBJ010_049.jpg,images_OBJ010,9,OBJ010_049.jpg
/content/data/IE7615 Deep Learning for AI/images_OBJ050/OBJ050_026.jpg,images_OBJ050,49,OBJ050_026.jpg
/content/data/IE7615 Deep Learning for AI/images_OBJ002/OBJ002_019.jpg,images_OBJ002,1,OBJ002_019.jpg
/content/data/IE7615 Deep Learning for AI/images_OBJ011/OBJ011_094.jpg,images_OBJ011,10,OBJ011_094.jpg
/content/data/IE7615 Deep Learning for AI/images_OBJ032/OBJ032_090.jpg,images_OBJ032,31,OBJ032_090.jpg
/content/data/IE7615 Deep Learning for AI/images_OBJ040/OBJ040_063.JPG,images_OBJ040,39,OBJ040_063.JPG
/content/data/IE7615 Deep Learning for AI/images_OBJ041/OBJ041_042.jpg,images_OBJ041,40,OBJ041_042.jpg
/content/data/IE7615 Deep Learning for AI/images_OBJ021/OBJ021_072.jpg,images_OBJ021,20,OBJ021_072.jpg
/content/data/IE7615 Deep Learning for AI/images_OBJ038/OBJ038_038.jpg,images_OBJ038,37,OBJ038_038.jpg
/content/data/IE7615 Deep Learning for AI/images_OBJ012/OBJ012_019.jpg,images_OBJ012,11,OBJ012_019.jpg
/content/data/IE7615 Deep Learning for AI/images_OBJ026/OBJ026_087.jpg,images_OBJ026,25,OBJ026_087.jpg
/content/data/IE7615 Deep Learning for AI/images_OBJ045/OBJ045_035.jpg,images_OBJ045,44,OBJ045_035.jpg
/content/data/IE7615 Deep Learning for AI/images_OBJ040/OBJ040_031.JPG,images_OBJ040,39,OBJ040_031.JPG
/content/data/IE7615 Deep Learning for AI/images_OBJ049/OBJ049_047.jpg,images_OBJ049,48,OBJ049_047.jpg
/content/data/IE7615 Deep Learning for AI/images_OBJ012/OBJ012_095.jpg,images_OBJ012,11,OBJ012_095.jpg
/content/data/IE7615 Deep Learning for AI/images_OBJ002/OBJ002_069.jpg,images_OBJ002,1,OBJ002_069.jpg
/content/data/IE7615 Deep Learning for AI/images_OBJ027/OBJ027_057.jpg,images_OBJ027,26,OBJ027_057.jpg
/content/data/IE7615 Deep Learning for AI/images_OBJ001/OBJ001_019.jpg,images_OBJ001,0,OBJ001_019.jpg
/content/data/IE7615 Deep Learning for AI/images_OBJ027/OBJ027_030.jpg,images_OBJ027,26,OBJ027_030.jpg
/content/data/IE7615 Deep Learning for AI/images_OBJ029/OBJ029_067.jpg,images_OBJ029,28,OBJ029_067.jpg
/content/data/IE7615 Deep Learning for AI/images_OBJ072/OBJ072_005.jpg,images_OBJ072,71,OBJ072_005.jpg
/content/data/IE7615 Deep Learning for AI/images_OBJ025/OBJ025_047.jpg,images_OBJ025,24,OBJ025_047.jpg
/content/data/IE7615 Deep Learning for AI/images_OBJ041/OBJ041_050.jpg,images_OBJ041,40,OBJ041_050.jpg
/content/data/IE7615 Deep Learning for AI/images_OBJ064/OBJ064_048.jpg,images_OBJ064,63,OBJ064_048.jpg
/content/data/IE7615 Deep Learning for AI/images_OBJ035/OBJ035_043.jpg,images_OBJ035,34,OBJ035_043.jpg
/content/data/IE7615 Deep Learning for AI/images_OBJ046/OBJ046_013.jpg,images_OBJ046,45,OBJ046_013.jpg
/content/data/IE7615 Deep Learning for AI/images_OBJ065/OBJ065_046.jpg,images_OBJ065,64,OBJ065_046.jpg
/content/data/IE7615 Deep Learning for AI/images_OBJ002/OBJ002_024.jpg,images_OBJ002,1,OBJ002_024.jpg
/content/data/IE7615 Deep Learning for AI/images_OBJ020/OBJ020_011.jpg,images_OBJ020,19,OBJ020_011.jpg
/content/data/IE7615 Deep Learning for AI/images_OBJ046/OBJ046_061.jpg,images_OBJ046,45,OBJ046_061.jpg
/content/data/IE7615 Deep Learning for AI/images_OBJ029/OBJ029_003.jpg,images_OBJ029,28,OBJ029_003.jpg
/content/data/IE7615 Deep Learning for AI/images_OBJ072/OBJ072_008.jpg,images_OBJ072,71,OBJ072_008.jpg
/content/data/IE7615 Deep Learning for AI/images_OBJ033/OBJ033_083.jpg,images_OBJ033,32,OBJ033_083.jpg
/content/data/IE7615 Deep Learning for AI/images_OBJ025/OBJ025_020.jpg,images_OBJ025,24,OBJ025_020.jpg
/content/data/IE7615 Deep Learning for AI/images_OBJ017/OBJ017_075.jpg,images_OBJ017,16,OBJ017_075.jpg
/content/data/IE7615 Deep Learning for AI/images_OBJ073/OBJ073_060.jpg,images_OBJ073,72,OBJ073_060.jpg
/content/data/IE7615 Deep Learning for AI/images_OBJ061/OBJ061_013.jpg,images_OBJ061,60,OBJ061_013.jpg
/content/data/IE7615 Deep Learning for AI/images_OBJ064/OBJ064_041.jpg,images_OBJ064,63,OBJ064_041.jpg
/content/data/IE7615 Deep Learning for AI/images_OBJ012/OBJ012_035.jpg,images_OBJ012,11,OBJ012_035.jpg
/content/data/IE7615 Deep Learning for AI/images_OBJ008/OBJ008_048.jpg,images_OBJ008,7,OBJ008_048.jpg
/content/data/IE7615 Deep Learning for AI/images_OBJ006/OBJ006_072.jpg,images_OBJ006,5,OBJ006_072.jpg
/content/data/IE7615 Deep Learning for AI/images_OBJ056/OBJ056_004.jpg,images_OBJ056,55,OBJ056_004.jpg
/content/data/IE7615 Deep Learning for AI/images_OBJ031/OBJ031_090.jpg,images_OBJ031,30,OBJ031_090.jpg
/content/data/IE7615 Deep Learning for AI/images_OBJ004/OBJ004_030.jpg,images_OBJ004,3,OBJ004_030.jpg
/content/data/IE7615 Deep Learning for AI/images_OBJ003/OBJ003_078.jpg,images_OBJ003,2,OBJ003_078.jpg
/content/data/IE7615 Deep Learning for AI/images_OBJ003/OBJ003_051.jpg,images_OBJ003,2,OBJ003_051.jpg
/content/data/IE7615 Deep Learning for AI/images_OBJ037/OBJ037_059.jpg,images_OBJ037,36,OBJ037_059.jpg
/content/data/IE7615 Deep Learning for AI/images_OBJ069/OBJ069_076.jpg,images_OBJ069,68,OBJ069_076.jpg
/content/data/IE7615 Deep Learning for AI/images_OBJ029/OBJ029_015.jpg,images_OBJ029,28,OBJ029_015.jpg
/content/data/IE7615 Deep Learning for AI/images_OBJ048/OBJ048_083.jpg,images_OBJ048,47,OBJ048_083.jpg
/content/data/IE7615 Deep Learning for AI/images_OBJ011/OBJ011_036.jpg,images_OBJ011,10,OBJ011_036.jpg
/content/data/IE7615 Deep Learning for AI/images_OBJ032/OBJ032_024.jpg,images_OBJ032,31,OBJ032_024.jpg
/content/data/IE7615 Deep Learning for AI/images_OBJ058/OBJ058_085.jpg,images_OBJ058,57,OBJ058_085.jpg
/content/data/IE7615 Deep Learning for AI/images_OBJ068/OBJ068_044.jpg,images_OBJ068,67,OBJ068_044.jpg
/content/data/IE7615 Deep Learning for AI/images_OBJ064/OBJ064_010.jpg,images_OBJ064,63,OBJ064_010.jpg
/content/data/IE7615 Deep Learning for AI/images_OBJ042/OBJ042_014.jpg,images_OBJ042,41,OBJ042_014.jpg
/content/data/IE7615 Deep Learning for AI/images_OBJ060/OBJ060_60.JPG,images_OBJ060,59,OBJ060_60.JPG
/content/data/IE7615 Deep Learning for AI/images_OBJ005/OBJ005_032.jpg,images_OBJ005,4,OBJ005_032.jpg
/content/data/IE7615 Deep Learning for AI/images_OBJ042/OBJ042_089.jpg,images_OBJ042,41,OBJ042_089.jpg
/content/data/IE7615 Deep Learning for AI/images_OBJ044/OBJ044_094.jpg,images_OBJ044,43,OBJ044_094.jpg
/content/data/IE7615 Deep Learning for AI/images_OBJ012/OBJ012_033.jpg,images_OBJ012,11,OBJ012_033.jpg
/content/data/IE7615 Deep Learning for AI/images_OBJ020/OBJ020_095.jpg,images_OBJ020,19,OBJ020_095.jpg
/content/data/IE7615 Deep Learning for AI/images_OBJ005/OBJ005_046.jpg,images_OBJ005,4,OBJ005_046.jpg
/content/data/IE7615 Deep Learning for AI/images_OBJ054/OBJ054_007.jpg,images_OBJ054,53,OBJ054_007.jpg
/content/data/IE7615 Deep Learning for AI/images_OBJ051/OBJ051_016.jpg,images_OBJ051,50,OBJ051_016.jpg
/content/data/IE7615 Deep Learning for AI/images_OBJ048/OBJ048_063.jpg,images_OBJ048,47,OBJ048_063.jpg
/content/data/IE7615 Deep Learning for AI/images_OBJ021/OBJ021_031.jpg,images_OBJ021,20,OBJ021_031.jpg
/content/data/IE7615 Deep Learning for AI/images_OBJ044/OBJ044_014.jpg,images_OBJ044,43,OBJ044_014.jpg
/content/data/IE7615 Deep Learning for AI/images_OBJ013/OBJ013_075.jpg,images_OBJ013,12,OBJ013_075.jpg
/content/data/IE7615 Deep Learning for AI/images_OBJ025/OBJ025_056.jpg,images_OBJ025,24,OBJ025_056.jpg
/content/data/IE7615 Deep Learning for AI/images_OBJ020/OBJ020_088.jpg,images_OBJ020,19,OBJ020_088.jpg
/content/data/IE7615 Deep Learning for AI/images_OBJ058/OBJ058_007.jpg,images_OBJ058,57,OBJ058_007.jpg
/content/data/IE7615 Deep Learning for AI/images_OBJ014/sunglasses_007.jpeg,images_OBJ014,13,sunglasses_007.jpeg
/content/data/IE7615 Deep Learning for AI/images_OBJ037/OBJ037_085.jpg,images_OBJ037,36,OBJ037_085.jpg
/content/data/IE7615 Deep Learning for AI/images_OBJ070/OBJ070_049.jpg,images_OBJ070,69,OBJ070_049.jpg
/content/data/IE7615 Deep Learning for AI/images_OBJ008/OBJ008_013.jpg,images_OBJ008,7,OBJ008_013.jpg
/content/data/IE7615 Deep Learning for AI/images_OBJ056/OBJ056_029.jpg,images_OBJ056,55,OBJ056_029.jpg
/content/data/IE7615 Deep Learning for AI/images_OBJ031/OBJ031_078.jpg,images_OBJ031,30,OBJ031_078.jpg
/content/data/IE7615 Deep Learning for AI/images_OBJ057/OBJ057_038.jpg,images_OBJ057,56,OBJ057_038.jpg
/content/data/IE7615 Deep Learning for AI/images_OBJ057/OBJ057_077.jpg,images_OBJ057,56,OBJ057_077.jpg
/content/data/IE7615 Deep Learning for AI/images_OBJ073/OBJ073_025.jpg,images_OBJ073,72,OBJ073_025.jpg
/content/data/IE7615 Deep Learning for AI/images_OBJ009/OBJ009_095.jpg,images_OBJ009,8,OBJ009_095.jpg
/content/data/IE7615 Deep Learning for AI/images_OBJ024/OBJ024_079.jpg,images_OBJ024,23,OBJ024_079.jpg
/content/data/IE7615 Deep Learning for AI/images_OBJ068/OBJ068_009.jpg,images_OBJ068,67,OBJ068_009.jpg
/content/data/IE7615 Deep Learning for AI/images_OBJ010/OBJ010_030.jpg,images_OBJ010,9,OBJ010_030.jpg
/content/data/IE7615 Deep Learning for AI/images_OBJ033/OBJ033_026.jpg,images_OBJ033,32,OBJ033_026.jpg
/content/data/IE7615 Deep Learning for AI/images_OBJ009/OBJ009_071.jpg,images_OBJ009,8,OBJ009_071.jpg
/content/data/IE7615 Deep Learning for AI/images_OBJ041/OBJ041_013.jpg,images_OBJ041,40,OBJ041_013.jpg
/content/data/IE7615 Deep Learning for AI/images_OBJ046/OBJ046_077.jpg,images_OBJ046,45,OBJ046_077.jpg
/content/data/IE7615 Deep Learning for AI/images_OBJ021/OBJ021_027.jpg,images_OBJ021,20,OBJ021_027.jpg
/content/data/IE7615 Deep Learning for AI/images_OBJ029/OBJ029_074.jpg,images_OBJ029,28,OBJ029_074.jpg
/content/data/IE7615 Deep Learning for AI/images_OBJ039/OBJ039_007.jpg,images_OBJ039,38,OBJ039_007.jpg
/content/data/IE7615 Deep Learning for AI/images_OBJ007/OBJ007_042.jpg,images_OBJ007,6,OBJ007_042.jpg
/content/data/IE7615 Deep Learning for AI/images_OBJ062/OBJ062_058.jpg,images_OBJ062,61,OBJ062_058.jpg
/content/data/IE7615 Deep Learning for AI/images_OBJ031/OBJ031_074.jpg,images_OBJ031,30,OBJ031_074.jpg
/content/data/IE7615 Deep Learning for AI/images_OBJ042/OBJ042_040.jpg,images_OBJ042,41,OBJ042_040.jpg
/content/data/IE7615 Deep Learning for AI/images_OBJ068/OBJ068_012.jpg,images_OBJ068,67,OBJ068_012.jpg
/content/data/IE7615 Deep Learning for AI/images_OBJ042/OBJ042_080.jpg,images_OBJ042,41,OBJ042_080.jpg
/content/data/IE7615 Deep Learning for AI/images_OBJ034/OBJ034_077.jpg,images_OBJ034,33,OBJ034_077.jpg
/content/data/IE7615 Deep Learning for AI/images_OBJ013/OBJ013_061.jpg,images_OBJ013,12,OBJ013_061.jpg
/content/data/IE7615 Deep Learning for AI/images_OBJ019/OBJ019_005.jpg,images_OBJ019,18,OBJ019_005.jpg
/content/data/IE7615 Deep Learning for AI/images_OBJ024/OBJ024_012.jpg,images_OBJ024,23,OBJ024_012.jpg
/content/data/IE7615 Deep Learning for AI/images_OBJ053/OBJ053_087.jpg,images_OBJ053,52,OBJ053_087.jpg
/content/data/IE7615 Deep Learning for AI/images_OBJ033/OBJ033_004.jpg,images_OBJ033,32,OBJ033_004.jpg
/content/data/IE7615 Deep Learning for AI/images_OBJ005/OBJ005_040.jpg,images_OBJ005,4,OBJ005_040.jpg
/content/data/IE7615 Deep Learning for AI/images_OBJ032/OBJ032_042.jpg,images_OBJ032,31,OBJ032_042.jpg
/content/data/IE7615 Deep Learning for AI/images_OBJ024/OBJ024_015.jpg,images_OBJ024,23,OBJ024_015.jpg
/content/data/IE7615 Deep Learning for AI/images_OBJ006/OBJ006_063.jpg,images_OBJ006,5,OBJ006_063.jpg
/content/data/IE7615 Deep Learning for AI/images_OBJ055/OBJ055_069.jpg,images_OBJ055,54,OBJ055_069.jpg
/content/data/IE7615 Deep Learning for AI/images_OBJ014/sunglasses_016.jpeg,images_OBJ014,13,sunglasses_016.jpeg
/content/data/IE7615 Deep Learning for AI/images_OBJ023/OBJ023_053.JPG,images_OBJ023,22,OBJ023_053.JPG
/content/data/IE7615 Deep Learning for AI/images_OBJ027/OBJ027_054.jpg,images_OBJ027,26,OBJ027_054.jpg
/content/data/IE7615 Deep Learning for AI/images_OBJ048/OBJ048_070.jpg,images_OBJ048,47,OBJ048_070.jpg
/content/data/IE7615 Deep Learning for AI/images_OBJ036/OBJ036_036.jpg,images_OBJ036,35,OBJ036_036.jpg
/content/data/IE7615 Deep Learning for AI/images_OBJ071/OBJ071_058.jpg,images_OBJ071,70,OBJ071_058.jpg
/content/data/IE7615 Deep Learning for AI/images_OBJ049/OBJ049_043.jpg,images_OBJ049,48,OBJ049_043.jpg
/content/data/IE7615 Deep Learning for AI/images_OBJ031/OBJ031_091.jpg,images_OBJ031,30,OBJ031_091.jpg
/content/data/IE7615 Deep Learning for AI/images_OBJ052/OBJ052_026.jpg,images_OBJ052,51,OBJ052_026.jpg
/content/data/IE7615 Deep Learning for AI/images_OBJ011/OBJ011_051.jpg,images_OBJ011,10,OBJ011_051.jpg
/content/data/IE7615 Deep Learning for AI/images_OBJ070/OBJ070_045.jpg,images_OBJ070,69,OBJ070_045.jpg
/content/data/IE7615 Deep Learning for AI/images_OBJ021/OBJ021_048.jpg,images_OBJ021,20,OBJ021_048.jpg
/content/data/IE7615 Deep Learning for AI/images_OBJ043/OBJ043_069.jpg,images_OBJ043,42,OBJ043_069.jpg
/content/data/IE7615 Deep Learning for AI/images_OBJ059/OBJ059_092.jpg,images_OBJ059,58,OBJ059_092.jpg
/content/data/IE7615 Deep Learning for AI/images_OBJ001/OBJ001_083.jpg,images_OBJ001,0,OBJ001_083.jpg
/content/data/IE7615 Deep Learning for AI/images_OBJ058/OBJ058_048.jpg,images_OBJ058,57,OBJ058_048.jpg
/content/data/IE7615 Deep Learning for AI/images_OBJ025/OBJ025_071.jpg,images_OBJ025,24,OBJ025_071.jpg
/content/data/IE7615 Deep Learning for AI/images_OBJ061/OBJ061_079.jpg,images_OBJ061,60,OBJ061_079.jpg
/content/data/IE7615 Deep Learning for AI/images_OBJ037/OBJ037_081.jpg,images_OBJ037,36,OBJ037_081.jpg
/content/data/IE7615 Deep Learning for AI/images_OBJ002/OBJ002_032.jpg,images_OBJ002,1,OBJ002_032.jpg
/content/data/IE7615 Deep Learning for AI/images_OBJ001/OBJ001_005.jpg,images_OBJ001,0,OBJ001_005.jpg
/content/data/IE7615 Deep Learning for AI/images_OBJ001/OBJ001_058.jpg,images_OBJ001,0,OBJ001_058.jpg
/content/data/IE7615 Deep Learning for AI/images_OBJ072/OBJ072_094.jpg,images_OBJ072,71,OBJ072_094.jpg
/content/data/IE7615 Deep Learning for AI/images_OBJ003/OBJ003_071.jpg,images_OBJ003,2,OBJ003_071.jpg
/content/data/IE7615 Deep Learning for AI/images_OBJ013/OBJ013_062.jpg,images_OBJ013,12,OBJ013_062.jpg
/content/data/IE7615 Deep Learning for AI/images_OBJ058/OBJ058_031.jpg,images_OBJ058,57,OBJ058_031.jpg
/content/data/IE7615 Deep Learning for AI/images_OBJ022/OBJ022_012.jpeg,images_OBJ022,21,OBJ022_012.jpeg
/content/data/IE7615 Deep Learning for AI/images_OBJ025/OBJ025_068.jpg,images_OBJ025,24,OBJ025_068.jpg
/content/data/IE7615 Deep Learning for AI/images_OBJ022/OBJ022_060.jpeg,images_OBJ022,21,OBJ022_060.jpeg
/content/data/IE7615 Deep Learning for AI/images_OBJ007/OBJ007_016.jpg,images_OBJ007,6,OBJ007_016.jpg
/content/data/IE7615 Deep Learning for AI/images_OBJ036/OBJ036_093.jpg,images_OBJ036,35,OBJ036_093.jpg
/content/data/IE7615 Deep Learning for AI/images_OBJ041/OBJ041_080.jpg,images_OBJ041,40,OBJ041_080.jpg
/content/data/IE7615 Deep Learning for AI/images_OBJ020/OBJ020_057.jpg,images_OBJ020,19,OBJ020_057.jpg
/content/data/IE7615 Deep Learning for AI/images_OBJ064/OBJ064_005.jpg,images_OBJ064,63,OBJ064_005.jpg
/content/data/IE7615 Deep Learning for AI/images_OBJ065/OBJ065_051.jpg,images_OBJ065,64,OBJ065_051.jpg
/content/data/IE7615 Deep Learning for AI/images_OBJ057/OBJ057_006.jpg,images_OBJ057,56,OBJ057_006.jpg
/content/data/IE7615 Deep Learning for AI/images_OBJ024/OBJ024_074.jpg,images_OBJ024,23,OBJ024_074.jpg
/content/data/IE7615 Deep Learning for AI/images_OBJ068/OBJ068_074.jpg,images_OBJ068,67,OBJ068_074.jpg
/content/data/IE7615 Deep Learning for AI/images_OBJ007/OBJ007_041.jpg,images_OBJ007,6,OBJ007_041.jpg
/content/data/IE7615 Deep Learning for AI/images_OBJ008/OBJ008_082.jpg,images_OBJ008,7,OBJ008_082.jpg
/content/data/IE7615 Deep Learning for AI/images_OBJ059/OBJ059_089.jpg,images_OBJ059,58,OBJ059_089.jpg
/content/data/IE7615 Deep Learning for AI/images_OBJ006/OBJ006_010.jpg,images_OBJ006,5,OBJ006_010.jpg
/content/data/IE7615 Deep Learning for AI/images_OBJ030/OBJ030_011.jpg,images_OBJ030,29,OBJ030_011.jpg
/content/data/IE7615 Deep Learning for AI/images_OBJ014/sunglasses_044.jpeg,images_OBJ014,13,sunglasses_044.jpeg
/content/data/IE7615 Deep Learning for AI/images_OBJ072/OBJ072_083.jpg,images_OBJ072,71,OBJ072_083.jpg
/content/data/IE7615 Deep Learning for AI/images_OBJ059/OBJ059_032.jpg,images_OBJ059,58,OBJ059_032.jpg
/content/data/IE7615 Deep Learning for AI/images_OBJ008/OBJ008_070.jpg,images_OBJ008,7,OBJ008_070.jpg
/content/data/IE7615 Deep Learning for AI/images_OBJ041/OBJ041_012.jpg,images_OBJ041,40,OBJ041_012.jpg
/content/data/IE7615 Deep Learning for AI/images_OBJ059/OBJ059_004.jpg,images_OBJ059,58,OBJ059_004.jpg
/content/data/IE7615 Deep Learning for AI/images_OBJ062/OBJ062_089.jpg,images_OBJ062,61,OBJ062_089.jpg
/content/data/IE7615 Deep Learning for AI/images_OBJ033/OBJ033_074.jpg,images_OBJ033,32,OBJ033_074.jpg
/content/data/IE7615 Deep Learning for AI/images_OBJ009/OBJ009_031.jpg,images_OBJ009,8,OBJ009_031.jpg
/content/data/IE7615 Deep Learning for AI/images_OBJ009/OBJ009_067.jpg,images_OBJ009,8,OBJ009_067.jpg
/content/data/IE7615 Deep Learning for AI/images_OBJ056/OBJ056_008.jpg,images_OBJ056,55,OBJ056_008.jpg
/content/data/IE7615 Deep Learning for AI/images_OBJ051/OBJ051_097.jpg,images_OBJ051,50,OBJ051_097.jpg
/content/data/IE7615 Deep Learning for AI/images_OBJ016/OBJ016_080.jpg,images_OBJ016,15,OBJ016_080.jpg
/content/data/IE7615 Deep Learning for AI/images_OBJ035/OBJ035_059.jpg,images_OBJ035,34,OBJ035_059.jpg
/content/data/IE7615 Deep Learning for AI/images_OBJ041/OBJ041_093.jpg,images_OBJ041,40,OBJ041_093.jpg
/content/data/IE7615 Deep Learning for AI/images_OBJ009/OBJ009_039.jpg,images_OBJ009,8,OBJ009_039.jpg
/content/data/IE7615 Deep Learning for AI/images_OBJ069/OBJ069_043.jpg,images_OBJ069,68,OBJ069_043.jpg
/content/data/IE7615 Deep Learning for AI/images_OBJ025/OBJ025_029.jpg,images_OBJ025,24,OBJ025_029.jpg
/content/data/IE7615 Deep Learning for AI/images_OBJ052/OBJ052_002.jpg,images_OBJ052,51,OBJ052_002.jpg
/content/data/IE7615 Deep Learning for AI/images_OBJ029/OBJ029_092.jpg,images_OBJ029,28,OBJ029_092.jpg
/content/data/IE7615 Deep Learning for AI/images_OBJ063/OBJ063_009.jpg,images_OBJ063,62,OBJ063_009.jpg
/content/data/IE7615 Deep Learning for AI/images_OBJ048/OBJ048_003.jpg,images_OBJ048,47,OBJ048_003.jpg
/content/data/IE7615 Deep Learning for AI/images_OBJ013/OBJ013_024.jpg,images_OBJ013,12,OBJ013_024.jpg
/content/data/IE7615 Deep Learning for AI/images_OBJ008/OBJ008_011.jpg,images_OBJ008,7,OBJ008_011.jpg
/content/data/IE7615 Deep Learning for AI/images_OBJ017/OBJ017_068.jpg,images_OBJ017,16,OBJ017_068.jpg
/content/data/IE7615 Deep Learning for AI/images_OBJ017/OBJ017_002.jpg,images_OBJ017,16,OBJ017_002.jpg
/content/data/IE7615 Deep Learning for AI/images_OBJ053/OBJ053_089.jpg,images_OBJ053,52,OBJ053_089.jpg
/content/data/IE7615 Deep Learning for AI/images_OBJ014/sunglasses_073.jpeg,images_OBJ014,13,sunglasses_073.jpeg
/content/data/IE7615 Deep Learning for AI/images_OBJ042/OBJ042_005.jpg,images_OBJ042,41,OBJ042_005.jpg
/content/data/IE7615 Deep Learning for AI/images_OBJ007/OBJ007_024.jpg,images_OBJ007,6,OBJ007_024.jpg
/content/data/IE7615 Deep Learning for AI/images_OBJ046/OBJ046_087.jpg,images_OBJ046,45,OBJ046_087.jpg
/content/data/IE7615 Deep Learning for AI/images_OBJ051/OBJ051_015.jpg,images_OBJ051,50,OBJ051_015.jpg
/content/data/IE7615 Deep Learning for AI/images_OBJ046/OBJ046_016.jpg,images_OBJ046,45,OBJ046_016.jpg
/content/data/IE7615 Deep Learning for AI/images_OBJ002/OBJ002_084.jpg,images_OBJ002,1,OBJ002_084.jpg
/content/data/IE7615 Deep Learning for AI/images_OBJ040/OBJ040_081.JPG,images_OBJ040,39,OBJ040_081.JPG
/content/data/IE7615 Deep Learning for AI/images_OBJ024/OBJ024_083.jpg,images_OBJ024,23,OBJ024_083.jpg
/content/data/IE7615 Deep Learning for AI/images_OBJ063/OBJ063_081.jpg,images_OBJ063,62,OBJ063_081.jpg
/content/data/IE7615 Deep Learning for AI/images_OBJ046/OBJ046_002.jpg,images_OBJ046,45,OBJ046_002.jpg
/content/data/IE7615 Deep Learning for AI/images_OBJ027/OBJ027_006.jpg,images_OBJ027,26,OBJ027_006.jpg
/content/data/IE7615 Deep Learning for AI/images_OBJ059/OBJ059_049.jpg,images_OBJ059,58,OBJ059_049.jpg
/content/data/IE7615 Deep Learning for AI/images_OBJ022/OBJ022_080.jpeg,images_OBJ022,21,OBJ022_080.jpeg
/content/data/IE7615 Deep Learning for AI/images_OBJ033/OBJ033_007.jpg,images_OBJ033,32,OBJ033_007.jpg
/content/data/IE7615 Deep Learning for AI/images_OBJ005/OBJ005_072.jpg,images_OBJ005,4,OBJ005_072.jpg
/content/data/IE7615 Deep Learning for AI/images_OBJ072/OBJ072_095.jpg,images_OBJ072,71,OBJ072_095.jpg
/content/data/IE7615 Deep Learning for AI/images_OBJ001/OBJ001_025.jpg,images_OBJ001,0,OBJ001_025.jpg
/content/data/IE7615 Deep Learning for AI/images_OBJ041/OBJ041_081.jpg,images_OBJ041,40,OBJ041_081.jpg
/content/data/IE7615 Deep Learning for AI/images_OBJ029/OBJ029_071.jpg,images_OBJ029,28,OBJ029_071.jpg
/content/data/IE7615 Deep Learning for AI/images_OBJ020/OBJ020_065.jpg,images_OBJ020,19,OBJ020_065.jpg
/content/data/IE7615 Deep Learning for AI/images_OBJ002/OBJ002_034.jpg,images_OBJ002,1,OBJ002_034.jpg
/content/data/IE7615 Deep Learning for AI/images_OBJ011/OBJ011_038.jpg,images_OBJ011,10,OBJ011_038.jpg
/content/data/IE7615 Deep Learning for AI/images_OBJ050/OBJ050_010.jpg,images_OBJ050,49,OBJ050_010.jpg
/content/data/IE7615 Deep Learning for AI/images_OBJ049/OBJ049_035.jpg,images_OBJ049,48,OBJ049_035.jpg
/content/data/IE7615 Deep Learning for AI/images_OBJ022/OBJ022_038.jpeg,images_OBJ022,21,OBJ022_038.jpeg
/content/data/IE7615 Deep Learning for AI/images_OBJ069/OBJ069_021.jpg,images_OBJ069,68,OBJ069_021.jpg
/content/data/IE7615 Deep Learning for AI/images_OBJ032/OBJ032_022.jpg,images_OBJ032,31,OBJ032_022.jpg
/content/data/IE7615 Deep Learning for AI/images_OBJ035/OBJ035_032.jpg,images_OBJ035,34,OBJ035_032.jpg
/content/data/IE7615 Deep Learning for AI/images_OBJ036/OBJ036_023.jpg,images_OBJ036,35,OBJ036_023.jpg
/content/data/IE7615 Deep Learning for AI/images_OBJ034/OBJ034_058.jpg,images_OBJ034,33,OBJ034_058.jpg
/content/data/IE7615 Deep Learning for AI/images_OBJ011/OBJ011_086.jpg,images_OBJ011,10,OBJ011_086.jpg
/content/data/IE7615 Deep Learning for AI/images_OBJ010/OBJ010_017.jpg,images_OBJ010,9,OBJ010_017.jpg
/content/data/IE7615 Deep Learning for AI/images_OBJ037/OBJ037_069.jpg,images_OBJ037,36,OBJ037_069.jpg
/content/data/IE7615 Deep Learning for AI/images_OBJ049/OBJ049_073.jpg,images_OBJ049,48,OBJ049_073.jpg
/content/data/IE7615 Deep Learning for AI/images_OBJ014/sunglasses_074.jpeg,images_OBJ014,13,sunglasses_074.jpeg
/content/data/IE7615 Deep Learning for AI/images_OBJ038/OBJ038_069.jpg,images_OBJ038,37,OBJ038_069.jpg
/content/data/IE7615 Deep Learning for AI/images_OBJ063/OBJ063_044.jpg,images_OBJ063,62,OBJ063_044.jpg
/content/data/IE7615 Deep Learning for AI/images_OBJ016/OBJ016_066.jpg,images_OBJ016,15,OBJ016_066.jpg
/content/data/IE7615 Deep Learning for AI/images_OBJ042/OBJ042_094.jpg,images_OBJ042,41,OBJ042_094.jpg
/content/data/IE7615 Deep Learning for AI/images_OBJ068/OBJ068_036.jpg,images_OBJ068,67,OBJ068_036.jpg
/content/data/IE7615 Deep Learning for AI/images_OBJ031/OBJ031_009.jpg,images_OBJ031,30,OBJ031_009.jpg
/content/data/IE7615 Deep Learning for AI/images_OBJ026/OBJ026_057.jpg,images_OBJ026,25,OBJ026_057.jpg
/content/data/IE7615 Deep Learning for AI/images_OBJ002/OBJ002_004.jpg,images_OBJ002,1,OBJ002_004.jpg
/content/data/IE7615 Deep Learning for AI/images_OBJ014/sunglasses_051.jpeg,images_OBJ014,13,sunglasses_051.jpeg
/content/data/IE7615 Deep Learning for AI/images_OBJ022/OBJ022_006.jpeg,images_OBJ022,21,OBJ022_006.jpeg
/content/data/IE7615 Deep Learning for AI/images_OBJ056/OBJ056_068.jpg,images_OBJ056,55,OBJ056_068.jpg
/content/data/IE7615 Deep Learning for AI/images_OBJ006/OBJ006_036.jpg,images_OBJ006,5,OBJ006_036.jpg
/content/data/IE7615 Deep Learning for AI/images_OBJ013/OBJ013_028.jpg,images_OBJ013,12,OBJ013_028.jpg
/content/data/IE7615 Deep Learning for AI/images_OBJ017/OBJ017_022.jpg,images_OBJ017,16,OBJ017_022.jpg
/content/data/IE7615 Deep Learning for AI/images_OBJ065/OBJ065_032.jpg,images_OBJ065,64,OBJ065_032.jpg
/content/data/IE7615 Deep Learning for AI/images_OBJ049/OBJ049_053.jpg,images_OBJ049,48,OBJ049_053.jpg
/content/data/IE7615 Deep Learning for AI/images_OBJ048/OBJ048_014.jpg,images_OBJ048,47,OBJ048_014.jpg
/content/data/IE7615 Deep Learning for AI/images_OBJ032/OBJ032_092.jpg,images_OBJ032,31,OBJ032_092.jpg
/content/data/IE7615 Deep Learning for AI/images_OBJ017/OBJ017_057.jpg,images_OBJ017,16,OBJ017_057.jpg
/content/data/IE7615 Deep Learning for AI/images_OBJ008/OBJ008_041.jpg,images_OBJ008,7,OBJ008_041.jpg
/content/data/IE7615 Deep Learning for AI/images_OBJ052/OBJ052_083.jpg,images_OBJ052,51,OBJ052_083.jpg
/content/data/IE7615 Deep Learning for AI/images_OBJ062/OBJ062_082.jpg,images_OBJ062,61,OBJ062_082.jpg
/content/data/IE7615 Deep Learning for AI/images_OBJ029/OBJ029_007.jpg,images_OBJ029,28,OBJ029_007.jpg
/content/data/IE7615 Deep Learning for AI/images_OBJ016/OBJ016_024.jpg,images_OBJ016,15,OBJ016_024.jpg
/content/data/IE7615 Deep Learning for AI/images_OBJ058/OBJ058_057.jpg,images_OBJ058,57,OBJ058_057.jpg
/content/data/IE7615 Deep Learning for AI/images_OBJ005/OBJ005_015.jpg,images_OBJ005,4,OBJ005_015.jpg
/content/data/IE7615 Deep Learning for AI/images_OBJ022/OBJ022_041.jpeg,images_OBJ022,21,OBJ022_041.jpeg
/content/data/IE7615 Deep Learning for AI/images_OBJ009/OBJ009_011.jpg,images_OBJ009,8,OBJ009_011.jpg
/content/data/IE7615 Deep Learning for AI/images_OBJ003/OBJ003_044.jpg,images_OBJ003,2,OBJ003_044.jpg
/content/data/IE7615 Deep Learning for AI/images_OBJ022/OBJ022_063.jpeg,images_OBJ022,21,OBJ022_063.jpeg
/content/data/IE7615 Deep Learning for AI/images_OBJ063/OBJ063_019.jpg,images_OBJ063,62,OBJ063_019.jpg
/content/data/IE7615 Deep Learning for AI/images_OBJ055/OBJ055_086.jpg,images_OBJ055,54,OBJ055_086.jpg
/content/data/IE7615 Deep Learning for AI/images_OBJ050/OBJ050_039.jpg,images_OBJ050,49,OBJ050_039.jpg
/content/data/IE7615 Deep Learning for AI/images_OBJ018/OBJ018_071.jpg,images_OBJ018,17,OBJ018_071.jpg
/content/data/IE7615 Deep Learning for AI/images_OBJ034/OBJ034_041.jpg,images_OBJ034,33,OBJ034_041.jpg
/content/data/IE7615 Deep Learning for AI/images_OBJ051/OBJ051_003.jpg,images_OBJ051,50,OBJ051_003.jpg
/content/data/IE7615 Deep Learning for AI/images_OBJ012/OBJ012_013.jpg,images_OBJ012,11,OBJ012_013.jpg
/content/data/IE7615 Deep Learning for AI/images_OBJ024/OBJ024_010.jpg,images_OBJ024,23,OBJ024_010.jpg
/content/data/IE7615 Deep Learning for AI/images_OBJ031/OBJ031_081.jpg,images_OBJ031,30,OBJ031_081.jpg
/content/data/IE7615 Deep Learning for AI/images_OBJ045/OBJ045_005.jpg,images_OBJ045,44,OBJ045_005.jpg
/content/data/IE7615 Deep Learning for AI/images_OBJ062/OBJ062_057.jpg,images_OBJ062,61,OBJ062_057.jpg
/content/data/IE7615 Deep Learning for AI/images_OBJ030/OBJ030_075.jpg,images_OBJ030,29,OBJ030_075.jpg
/content/data/IE7615 Deep Learning for AI/images_OBJ044/OBJ044_029.jpg,images_OBJ044,43,OBJ044_029.jpg
/content/data/IE7615 Deep Learning for AI/images_OBJ017/OBJ017_064.jpg,images_OBJ017,16,OBJ017_064.jpg
/content/data/IE7615 Deep Learning for AI/images_OBJ060/OBJ060_25.JPG,images_OBJ060,59,OBJ060_25.JPG
/content/data/IE7615 Deep Learning for AI/images_OBJ047/OBJ047_071.jpg,images_OBJ047,46,OBJ047_071.jpg
/content/data/IE7615 Deep Learning for AI/images_OBJ045/OBJ045_037.jpg,images_OBJ045,44,OBJ045_037.jpg
/content/data/IE7615 Deep Learning for AI/images_OBJ073/OBJ073_054.jpg,images_OBJ073,72,OBJ073_054.jpg
/content/data/IE7615 Deep Learning for AI/images_OBJ061/OBJ061_058.jpg,images_OBJ061,60,OBJ061_058.jpg
/content/data/IE7615 Deep Learning for AI/images_OBJ027/OBJ027_085.jpg,images_OBJ027,26,OBJ027_085.jpg
/content/data/IE7615 Deep Learning for AI/images_OBJ039/OBJ039_032.jpg,images_OBJ039,38,OBJ039_032.jpg
/content/data/IE7615 Deep Learning for AI/images_OBJ002/OBJ002_036.jpg,images_OBJ002,1,OBJ002_036.jpg
/content/data/IE7615 Deep Learning for AI/images_OBJ040/OBJ040_018.JPG,images_OBJ040,39,OBJ040_018.JPG
/content/data/IE7615 Deep Learning for AI/images_OBJ069/OBJ069_066.jpg,images_OBJ069,68,OBJ069_066.jpg
/content/data/IE7615 Deep Learning for AI/images_OBJ068/OBJ068_080.jpg,images_OBJ068,67,OBJ068_080.jpg
/content/data/IE7615 Deep Learning for AI/images_OBJ017/OBJ017_009.jpg,images_OBJ017,16,OBJ017_009.jpg
/content/data/IE7615 Deep Learning for AI/images_OBJ019/OBJ019_039.jpg,images_OBJ019,18,OBJ019_039.jpg
/content/data/IE7615 Deep Learning for AI/images_OBJ010/OBJ010_026.jpg,images_OBJ010,9,OBJ010_026.jpg
/content/data/IE7615 Deep Learning for AI/images_OBJ063/OBJ063_033.jpg,images_OBJ063,62,OBJ063_033.jpg
/content/data/IE7615 Deep Learning for AI/images_OBJ065/OBJ065_093.jpg,images_OBJ065,64,OBJ065_093.jpg
/content/data/IE7615 Deep Learning for AI/images_OBJ012/OBJ012_002.jpg,images_OBJ012,11,OBJ012_002.jpg
/content/data/IE7615 Deep Learning for AI/images_OBJ025/OBJ025_065.jpg,images_OBJ025,24,OBJ025_065.jpg
/content/data/IE7615 Deep Learning for AI/images_OBJ009/OBJ009_008.jpg,images_OBJ009,8,OBJ009_008.jpg
/content/data/IE7615 Deep Learning for AI/images_OBJ064/OBJ064_028.jpg,images_OBJ064,63,OBJ064_028.jpg
/content/data/IE7615 Deep Learning for AI/images_OBJ020/OBJ020_092.jpg,images_OBJ020,19,OBJ020_092.jpg
/content/data/IE7615 Deep Learning for AI/images_OBJ072/OBJ072_068.jpg,images_OBJ072,71,OBJ072_068.jpg
/content/data/IE7615 Deep Learning for AI/images_OBJ064/OBJ064_081.jpg,images_OBJ064,63,OBJ064_081.jpg
/content/data/IE7615 Deep Learning for AI/images_OBJ025/OBJ025_032.jpg,images_OBJ025,24,OBJ025_032.jpg
/content/data/IE7615 Deep Learning for AI/images_OBJ059/OBJ059_017.jpg,images_OBJ059,58,OBJ059_017.jpg
/content/data/IE7615 Deep Learning for AI/images_OBJ037/OBJ037_088.jpg,images_OBJ037,36,OBJ037_088.jpg
/content/data/IE7615 Deep Learning for AI/images_OBJ025/OBJ025_075.jpg,images_OBJ025,24,OBJ025_075.jpg
/content/data/IE7615 Deep Learning for AI/images_OBJ016/OBJ016_094.jpg,images_OBJ016,15,OBJ016_094.jpg
/content/data/IE7615 Deep Learning for AI/images_OBJ032/OBJ032_075.jpg,images_OBJ032,31,OBJ032_075.jpg
/content/data/IE7615 Deep Learning for AI/images_OBJ024/OBJ024_004.jpg,images_OBJ024,23,OBJ024_004.jpg
/content/data/IE7615 Deep Learning for AI/images_OBJ014/sunglasses_024.jpeg,images_OBJ014,13,sunglasses_024.jpeg
/content/data/IE7615 Deep Learning for AI/images_OBJ057/OBJ057_057.jpg,images_OBJ057,56,OBJ057_057.jpg
/content/data/IE7615 Deep Learning for AI/images_OBJ023/OBJ023_024.JPG,images_OBJ023,22,OBJ023_024.JPG
/content/data/IE7615 Deep Learning for AI/images_OBJ038/OBJ038_006.jpg,images_OBJ038,37,OBJ038_006.jpg
/content/data/IE7615 Deep Learning for AI/images_OBJ054/OBJ054_060.jpg,images_OBJ054,53,OBJ054_060.jpg
/content/data/IE7615 Deep Learning for AI/images_OBJ003/OBJ003_065.jpg,images_OBJ003,2,OBJ003_065.jpg
/content/data/IE7615 Deep Learning for AI/images_OBJ042/OBJ042_015.jpg,images_OBJ042,41,OBJ042_015.jpg
/content/data/IE7615 Deep Learning for AI/images_OBJ036/OBJ036_012.jpg,images_OBJ036,35,OBJ036_012.jpg
/content/data/IE7615 Deep Learning for AI/images_OBJ032/OBJ032_054.jpg,images_OBJ032,31,OBJ032_054.jpg
/content/data/IE7615 Deep Learning for AI/images_OBJ026/OBJ026_093.jpg,images_OBJ026,25,OBJ026_093.jpg
/content/data/IE7615 Deep Learning for AI/images_OBJ021/OBJ021_079.jpg,images_OBJ021,20,OBJ021_079.jpg
/content/data/IE7615 Deep Learning for AI/images_OBJ034/OBJ034_090.jpg,images_OBJ034,33,OBJ034_090.jpg
/content/data/IE7615 Deep Learning for AI/images_OBJ037/OBJ037_006.jpg,images_OBJ037,36,OBJ037_006.jpg
/content/data/IE7615 Deep Learning for AI/images_OBJ021/OBJ021_021.jpg,images_OBJ021,20,OBJ021_021.jpg
/content/data/IE7615 Deep Learning for AI/images_OBJ017/OBJ017_043.jpg,images_OBJ017,16,OBJ017_043.jpg
/content/data/IE7615 Deep Learning for AI/images_OBJ010/OBJ010_025.jpg,images_OBJ010,9,OBJ010_025.jpg
/content/data/IE7615 Deep Learning for AI/images_OBJ069/OBJ069_069.jpg,images_OBJ069,68,OBJ069_069.jpg
/content/data/IE7615 Deep Learning for AI/images_OBJ055/OBJ055_081.jpg,images_OBJ055,54,OBJ055_081.jpg
/content/data/IE7615 Deep Learning for AI/images_OBJ067/OBJ067_0046.jpg,images_OBJ067,66,OBJ067_0046.jpg
/content/data/IE7615 Deep Learning for AI/images_OBJ025/OBJ025_061.jpg,images_OBJ025,24,OBJ025_061.jpg
/content/data/IE7615 Deep Learning for AI/images_OBJ051/OBJ051_088.jpg,images_OBJ051,50,OBJ051_088.jpg
/content/data/IE7615 Deep Learning for AI/images_OBJ024/OBJ024_036.jpg,images_OBJ024,23,OBJ024_036.jpg
/content/data/IE7615 Deep Learning for AI/images_OBJ040/OBJ040_069.JPG,images_OBJ040,39,OBJ040_069.JPG
/content/data/IE7615 Deep Learning for AI/images_OBJ028/OBJ028_013.jpg,images_OBJ028,27,OBJ028_013.jpg
/content/data/IE7615 Deep Learning for AI/images_OBJ025/OBJ025_059.jpg,images_OBJ025,24,OBJ025_059.jpg
/content/data/IE7615 Deep Learning for AI/images_OBJ027/OBJ027_073.jpg,images_OBJ027,26,OBJ027_073.jpg
/content/data/IE7615 Deep Learning for AI/images_OBJ007/OBJ007_091.jpg,images_OBJ007,6,OBJ007_091.jpg
/content/data/IE7615 Deep Learning for AI/images_OBJ031/OBJ031_088.jpg,images_OBJ031,30,OBJ031_088.jpg
/content/data/IE7615 Deep Learning for AI/images_OBJ032/OBJ032_032.jpg,images_OBJ032,31,OBJ032_032.jpg
/content/data/IE7615 Deep Learning for AI/images_OBJ071/OBJ071_034.jpg,images_OBJ071,70,OBJ071_034.jpg
/content/data/IE7615 Deep Learning for AI/images_OBJ059/OBJ059_085.jpg,images_OBJ059,58,OBJ059_085.jpg
/content/data/IE7615 Deep Learning for AI/images_OBJ072/OBJ072_013.jpg,images_OBJ072,71,OBJ072_013.jpg
/content/data/IE7615 Deep Learning for AI/images_OBJ073/OBJ073_076.jpg,images_OBJ073,72,OBJ073_076.jpg
/content/data/IE7615 Deep Learning for AI/images_OBJ032/OBJ032_095.jpg,images_OBJ032,31,OBJ032_095.jpg
/content/data/IE7615 Deep Learning for AI/images_OBJ049/OBJ049_031.jpg,images_OBJ049,48,OBJ049_031.jpg
/content/data/IE7615 Deep Learning for AI/images_OBJ047/OBJ047_080.jpg,images_OBJ047,46,OBJ047_080.jpg
/content/data/IE7615 Deep Learning for AI/images_OBJ021/OBJ021_013.jpg,images_OBJ021,20,OBJ021_013.jpg
/content/data/IE7615 Deep Learning for AI/images_OBJ016/OBJ016_010.jpg,images_OBJ016,15,OBJ016_010.jpg
/content/data/IE7615 Deep Learning for AI/images_OBJ028/OBJ028_066.jpg,images_OBJ028,27,OBJ028_066.jpg
/content/data/IE7615 Deep Learning for AI/images_OBJ011/OBJ011_061.jpg,images_OBJ011,10,OBJ011_061.jpg
/content/data/IE7615 Deep Learning for AI/images_OBJ056/OBJ056_006.jpg,images_OBJ056,55,OBJ056_006.jpg
/content/data/IE7615 Deep Learning for AI/images_OBJ039/OBJ039_057.jpg,images_OBJ039,38,OBJ039_057.jpg
/content/data/IE7615 Deep Learning for AI/images_OBJ005/OBJ005_025.jpg,images_OBJ005,4,OBJ005_025.jpg
/content/data/IE7615 Deep Learning for AI/images_OBJ025/OBJ025_010.jpg,images_OBJ025,24,OBJ025_010.jpg
/content/data/IE7615 Deep Learning for AI/images_OBJ061/OBJ061_075.jpg,images_OBJ061,60,OBJ061_075.jpg
/content/data/IE7615 Deep Learning for AI/images_OBJ038/OBJ038_074.jpg,images_OBJ038,37,OBJ038_074.jpg
/content/data/IE7615 Deep Learning for AI/images_OBJ029/OBJ029_066.jpg,images_OBJ029,28,OBJ029_066.jpg
/content/data/IE7615 Deep Learning for AI/images_OBJ015/OBJ015_009.jpg,images_OBJ015,14,OBJ015_009.jpg
/content/data/IE7615 Deep Learning for AI/images_OBJ047/OBJ047_048.jpg,images_OBJ047,46,OBJ047_048.jpg
/content/data/IE7615 Deep Learning for AI/images_OBJ055/OBJ055_058.jpg,images_OBJ055,54,OBJ055_058.jpg
/content/data/IE7615 Deep Learning for AI/images_OBJ003/OBJ003_021.jpg,images_OBJ003,2,OBJ003_021.jpg
/content/data/IE7615 Deep Learning for AI/images_OBJ029/OBJ029_037.jpg,images_OBJ029,28,OBJ029_037.jpg
/content/data/IE7615 Deep Learning for AI/images_OBJ034/OBJ034_030.jpg,images_OBJ034,33,OBJ034_030.jpg
/content/data/IE7615 Deep Learning for AI/images_OBJ055/OBJ055_088.jpg,images_OBJ055,54,OBJ055_088.jpg
/content/data/IE7615 Deep Learning for AI/images_OBJ032/OBJ032_007.jpg,images_OBJ032,31,OBJ032_007.jpg
/content/data/IE7615 Deep Learning for AI/images_OBJ031/OBJ031_093.jpg,images_OBJ031,30,OBJ031_093.jpg
/content/data/IE7615 Deep Learning for AI/images_OBJ057/OBJ057_084.jpg,images_OBJ057,56,OBJ057_084.jpg
/content/data/IE7615 Deep Learning for AI/images_OBJ063/OBJ063_089.jpg,images_OBJ063,62,OBJ063_089.jpg
/content/data/IE7615 Deep Learning for AI/images_OBJ016/OBJ016_007.jpg,images_OBJ016,15,OBJ016_007.jpg
/content/data/IE7615 Deep Learning for AI/images_OBJ036/OBJ036_019.jpg,images_OBJ036,35,OBJ036_019.jpg
/content/data/IE7615 Deep Learning for AI/images_OBJ046/OBJ046_008.jpg,images_OBJ046,45,OBJ046_008.jpg
/content/data/IE7615 Deep Learning for AI/images_OBJ050/OBJ050_044.jpg,images_OBJ050,49,OBJ050_044.jpg
/content/data/IE7615 Deep Learning for AI/images_OBJ034/OBJ034_023.jpg,images_OBJ034,33,OBJ034_023.jpg
/content/data/IE7615 Deep Learning for AI/images_OBJ046/OBJ046_041.jpg,images_OBJ046,45,OBJ046_041.jpg
/content/data/IE7615 Deep Learning for AI/images_OBJ005/OBJ005_038.jpg,images_OBJ005,4,OBJ005_038.jpg
/content/data/IE7615 Deep Learning for AI/images_OBJ017/OBJ017_023.jpg,images_OBJ017,16,OBJ017_023.jpg
/content/data/IE7615 Deep Learning for AI/images_OBJ023/OBJ023_064.JPG,images_OBJ023,22,OBJ023_064.JPG
/content/data/IE7615 Deep Learning for AI/images_OBJ015/OBJ015_003.jpg,images_OBJ015,14,OBJ015_003.jpg
/content/data/IE7615 Deep Learning for AI/images_OBJ017/OBJ017_066.jpg,images_OBJ017,16,OBJ017_066.jpg
/content/data/IE7615 Deep Learning for AI/images_OBJ037/OBJ037_092.jpg,images_OBJ037,36,OBJ037_092.jpg
/content/data/IE7615 Deep Learning for AI/images_OBJ037/OBJ037_042.jpg,images_OBJ037,36,OBJ037_042.jpg
/content/data/IE7615 Deep Learning for AI/images_OBJ054/OBJ054_041.jpg,images_OBJ054,53,OBJ054_041.jpg
/content/data/IE7615 Deep Learning for AI/images_OBJ067/OBJ067_0029.jpg,images_OBJ067,66,OBJ067_0029.jpg
/content/data/IE7615 Deep Learning for AI/images_OBJ020/OBJ020_075.jpg,images_OBJ020,19,OBJ020_075.jpg
/content/data/IE7615 Deep Learning for AI/images_OBJ025/OBJ025_027.jpg,images_OBJ025,24,OBJ025_027.jpg
/content/data/IE7615 Deep Learning for AI/images_OBJ002/OBJ002_017.jpg,images_OBJ002,1,OBJ002_017.jpg
/content/data/IE7615 Deep Learning for AI/images_OBJ027/OBJ027_055.jpg,images_OBJ027,26,OBJ027_055.jpg
/content/data/IE7615 Deep Learning for AI/images_OBJ059/OBJ059_080.jpg,images_OBJ059,58,OBJ059_080.jpg
/content/data/IE7615 Deep Learning for AI/images_OBJ042/OBJ042_082.jpg,images_OBJ042,41,OBJ042_082.jpg
/content/data/IE7615 Deep Learning for AI/images_OBJ027/OBJ027_036.jpg,images_OBJ027,26,OBJ027_036.jpg
/content/data/IE7615 Deep Learning for AI/images_OBJ043/OBJ043_092.jpg,images_OBJ043,42,OBJ043_092.jpg
/content/data/IE7615 Deep Learning for AI/images_OBJ020/OBJ020_064.jpg,images_OBJ020,19,OBJ020_064.jpg
/content/data/IE7615 Deep Learning for AI/images_OBJ014/sunglasses_005.jpeg,images_OBJ014,13,sunglasses_005.jpeg
/content/data/IE7615 Deep Learning for AI/images_OBJ050/OBJ050_076.jpg,images_OBJ050,49,OBJ050_076.jpg
/content/data/IE7615 Deep Learning for AI/images_OBJ030/OBJ030_087.jpg,images_OBJ030,29,OBJ030_087.jpg
/content/data/IE7615 Deep Learning for AI/images_OBJ035/OBJ035_091.jpg,images_OBJ035,34,OBJ035_091.jpg
/content/data/IE7615 Deep Learning for AI/images_OBJ030/OBJ030_026.jpg,images_OBJ030,29,OBJ030_026.jpg
/content/data/IE7615 Deep Learning for AI/images_OBJ055/OBJ055_093.jpg,images_OBJ055,54,OBJ055_093.jpg
/content/data/IE7615 Deep Learning for AI/images_OBJ064/OBJ064_088.jpg,images_OBJ064,63,OBJ064_088.jpg
/content/data/IE7615 Deep Learning for AI/images_OBJ062/OBJ062_065.jpg,images_OBJ062,61,OBJ062_065.jpg
/content/data/IE7615 Deep Learning for AI/images_OBJ061/OBJ061_043.jpg,images_OBJ061,60,OBJ061_043.jpg
/content/data/IE7615 Deep Learning for AI/images_OBJ023/OBJ023_081.JPG,images_OBJ023,22,OBJ023_081.JPG
/content/data/IE7615 Deep Learning for AI/images_OBJ039/OBJ039_020.jpg,images_OBJ039,38,OBJ039_020.jpg
/content/data/IE7615 Deep Learning for AI/images_OBJ024/OBJ024_071.jpg,images_OBJ024,23,OBJ024_071.jpg
/content/data/IE7615 Deep Learning for AI/images_OBJ055/OBJ055_017.jpg,images_OBJ055,54,OBJ055_017.jpg
/content/data/IE7615 Deep Learning for AI/images_OBJ023/OBJ023_067.JPG,images_OBJ023,22,OBJ023_067.JPG
/content/data/IE7615 Deep Learning for AI/images_OBJ063/OBJ063_074.jpg,images_OBJ063,62,OBJ063_074.jpg
/content/data/IE7615 Deep Learning for AI/images_OBJ066/OBJ066_003.jpg,images_OBJ066,65,OBJ066_003.jpg
/content/data/IE7615 Deep Learning for AI/images_OBJ038/OBJ038_018.jpg,images_OBJ038,37,OBJ038_018.jpg
/content/data/IE7615 Deep Learning for AI/images_OBJ071/OBJ071_073.jpg,images_OBJ071,70,OBJ071_073.jpg
/content/data/IE7615 Deep Learning for AI/images_OBJ060/OBJ060_18.JPG,images_OBJ060,59,OBJ060_18.JPG
/content/data/IE7615 Deep Learning for AI/images_OBJ028/OBJ028_069.jpg,images_OBJ028,27,OBJ028_069.jpg
/content/data/IE7615 Deep Learning for AI/images_OBJ023/OBJ023_088.JPG,images_OBJ023,22,OBJ023_088.JPG
/content/data/IE7615 Deep Learning for AI/images_OBJ015/OBJ015_038.jpg,images_OBJ015,14,OBJ015_038.jpg
/content/data/IE7615 Deep Learning for AI/images_OBJ015/OBJ015_056.jpg,images_OBJ015,14,OBJ015_056.jpg
/content/data/IE7615 Deep Learning for AI/images_OBJ019/OBJ019_013.jpg,images_OBJ019,18,OBJ019_013.jpg
/content/data/IE7615 Deep Learning for AI/images_OBJ021/OBJ021_062.jpg,images_OBJ021,20,OBJ021_062.jpg
/content/data/IE7615 Deep Learning for AI/images_OBJ044/OBJ044_009.jpg,images_OBJ044,43,OBJ044_009.jpg
/content/data/IE7615 Deep Learning for AI/images_OBJ001/OBJ001_042.jpg,images_OBJ001,0,OBJ001_042.jpg
/content/data/IE7615 Deep Learning for AI/images_OBJ058/OBJ058_006.jpg,images_OBJ058,57,OBJ058_006.jpg
/content/data/IE7615 Deep Learning for AI/images_OBJ039/OBJ039_074.jpg,images_OBJ039,38,OBJ039_074.jpg
/content/data/IE7615 Deep Learning for AI/images_OBJ002/OBJ002_046.jpg,images_OBJ002,1,OBJ002_046.jpg
/content/data/IE7615 Deep Learning for AI/images_OBJ054/OBJ054_034.jpg,images_OBJ054,53,OBJ054_034.jpg
/content/data/IE7615 Deep Learning for AI/images_OBJ050/OBJ050_077.jpg,images_OBJ050,49,OBJ050_077.jpg
/content/data/IE7615 Deep Learning for AI/images_OBJ061/OBJ061_029.jpg,images_OBJ061,60,OBJ061_029.jpg
/content/data/IE7615 Deep Learning for AI/images_OBJ019/OBJ019_058.jpg,images_OBJ019,18,OBJ019_058.jpg
/content/data/IE7615 Deep Learning for AI/images_OBJ021/OBJ021_032.jpg,images_OBJ021,20,OBJ021_032.jpg
/content/data/IE7615 Deep Learning for AI/images_OBJ037/OBJ037_032.jpg,images_OBJ037,36,OBJ037_032.jpg
/content/data/IE7615 Deep Learning for AI/images_OBJ012/OBJ012_055.jpg,images_OBJ012,11,OBJ012_055.jpg
/content/data/IE7615 Deep Learning for AI/images_OBJ034/OBJ034_081.jpg,images_OBJ034,33,OBJ034_081.jpg
/content/data/IE7615 Deep Learning for AI/images_OBJ016/OBJ016_089.jpg,images_OBJ016,15,OBJ016_089.jpg
/content/data/IE7615 Deep Learning for AI/images_OBJ056/OBJ056_020.jpg,images_OBJ056,55,OBJ056_020.jpg
/content/data/IE7615 Deep Learning for AI/images_OBJ013/OBJ013_030.jpg,images_OBJ013,12,OBJ013_030.jpg
/content/data/IE7615 Deep Learning for AI/images_OBJ024/OBJ024_076.jpg,images_OBJ024,23,OBJ024_076.jpg
/content/data/IE7615 Deep Learning for AI/images_OBJ064/OBJ064_091.jpg,images_OBJ064,63,OBJ064_091.jpg
/content/data/IE7615 Deep Learning for AI/images_OBJ051/OBJ051_041.jpg,images_OBJ051,50,OBJ051_041.jpg
/content/data/IE7615 Deep Learning for AI/images_OBJ005/OBJ005_090.jpg,images_OBJ005,4,OBJ005_090.jpg
/content/data/IE7615 Deep Learning for AI/images_OBJ010/OBJ010_034.jpg,images_OBJ010,9,OBJ010_034.jpg
/content/data/IE7615 Deep Learning for AI/images_OBJ001/OBJ001_041.jpg,images_OBJ001,0,OBJ001_041.jpg
/content/data/IE7615 Deep Learning for AI/images_OBJ026/OBJ026_060.jpg,images_OBJ026,25,OBJ026_060.jpg
/content/data/IE7615 Deep Learning for AI/images_OBJ063/OBJ063_027.jpg,images_OBJ063,62,OBJ063_027.jpg
/content/data/IE7615 Deep Learning for AI/images_OBJ068/OBJ068_039.jpg,images_OBJ068,67,OBJ068_039.jpg
/content/data/IE7615 Deep Learning for AI/images_OBJ018/OBJ018_083.jpg,images_OBJ018,17,OBJ018_083.jpg
/content/data/IE7615 Deep Learning for AI/images_OBJ045/OBJ045_022.jpg,images_OBJ045,44,OBJ045_022.jpg
/content/data/IE7615 Deep Learning for AI/images_OBJ039/OBJ039_012.jpg,images_OBJ039,38,OBJ039_012.jpg
/content/data/IE7615 Deep Learning for AI/images_OBJ044/OBJ044_084.jpg,images_OBJ044,43,OBJ044_084.jpg
/content/data/IE7615 Deep Learning for AI/images_OBJ059/OBJ059_024.jpg,images_OBJ059,58,OBJ059_024.jpg
/content/data/IE7615 Deep Learning for AI/images_OBJ017/OBJ017_016.jpg,images_OBJ017,16,OBJ017_016.jpg
/content/data/IE7615 Deep Learning for AI/images_OBJ005/OBJ005_045.jpg,images_OBJ005,4,OBJ005_045.jpg
/content/data/IE7615 Deep Learning for AI/images_OBJ070/OBJ070_040.jpg,images_OBJ070,69,OBJ070_040.jpg
/content/data/IE7615 Deep Learning for AI/images_OBJ056/OBJ056_070.jpg,images_OBJ056,55,OBJ056_070.jpg
/content/data/IE7615 Deep Learning for AI/images_OBJ072/OBJ072_072.jpg,images_OBJ072,71,OBJ072_072.jpg
/content/data/IE7615 Deep Learning for AI/images_OBJ070/OBJ070_036.jpg,images_OBJ070,69,OBJ070_036.jpg
/content/data/IE7615 Deep Learning for AI/images_OBJ011/OBJ011_072.jpg,images_OBJ011,10,OBJ011_072.jpg
/content/data/IE7615 Deep Learning for AI/images_OBJ044/OBJ044_008.jpg,images_OBJ044,43,OBJ044_008.jpg
/content/data/IE7615 Deep Learning for AI/images_OBJ050/OBJ050_057.jpg,images_OBJ050,49,OBJ050_057.jpg
/content/data/IE7615 Deep Learning for AI/images_OBJ028/OBJ028_053.jpg,images_OBJ028,27,OBJ028_053.jpg
/content/data/IE7615 Deep Learning for AI/images_OBJ061/OBJ061_072.jpg,images_OBJ061,60,OBJ061_072.jpg
/content/data/IE7615 Deep Learning for AI/images_OBJ024/OBJ024_064.jpg,images_OBJ024,23,OBJ024_064.jpg
/content/data/IE7615 Deep Learning for AI/images_OBJ056/OBJ056_071.jpg,images_OBJ056,55,OBJ056_071.jpg
/content/data/IE7615 Deep Learning for AI/images_OBJ073/OBJ073_001.jpg,images_OBJ073,72,OBJ073_001.jpg
/content/data/IE7615 Deep Learning for AI/images_OBJ039/OBJ039_022.jpg,images_OBJ039,38,OBJ039_022.jpg
/content/data/IE7615 Deep Learning for AI/images_OBJ050/OBJ050_040.jpg,images_OBJ050,49,OBJ050_040.jpg
/content/data/IE7615 Deep Learning for AI/images_OBJ035/OBJ035_058.jpg,images_OBJ035,34,OBJ035_058.jpg
/content/data/IE7615 Deep Learning for AI/images_OBJ013/OBJ013_036.jpg,images_OBJ013,12,OBJ013_036.jpg
/content/data/IE7615 Deep Learning for AI/images_OBJ069/OBJ069_018.jpg,images_OBJ069,68,OBJ069_018.jpg
/content/data/IE7615 Deep Learning for AI/images_OBJ013/OBJ013_085.jpg,images_OBJ013,12,OBJ013_085.jpg
/content/data/IE7615 Deep Learning for AI/images_OBJ009/OBJ009_033.jpg,images_OBJ009,8,OBJ009_033.jpg
/content/data/IE7615 Deep Learning for AI/images_OBJ045/OBJ045_080.jpg,images_OBJ045,44,OBJ045_080.jpg
/content/data/IE7615 Deep Learning for AI/images_OBJ068/OBJ068_041.jpg,images_OBJ068,67,OBJ068_041.jpg
/content/data/IE7615 Deep Learning for AI/images_OBJ022/OBJ022_046.jpeg,images_OBJ022,21,OBJ022_046.jpeg
/content/data/IE7615 Deep Learning for AI/images_OBJ073/OBJ073_040.jpg,images_OBJ073,72,OBJ073_040.jpg
/content/data/IE7615 Deep Learning for AI/images_OBJ058/OBJ058_062.jpg,images_OBJ058,57,OBJ058_062.jpg
/content/data/IE7615 Deep Learning for AI/images_OBJ009/OBJ009_072.jpg,images_OBJ009,8,OBJ009_072.jpg
/content/data/IE7615 Deep Learning for AI/images_OBJ023/OBJ023_056.JPG,images_OBJ023,22,OBJ023_056.JPG
/content/data/IE7615 Deep Learning for AI/images_OBJ032/OBJ032_082.jpg,images_OBJ032,31,OBJ032_082.jpg
/content/data/IE7615 Deep Learning for AI/images_OBJ051/OBJ051_053.jpg,images_OBJ051,50,OBJ051_053.jpg
/content/data/IE7615 Deep Learning for AI/images_OBJ035/OBJ035_009.jpg,images_OBJ035,34,OBJ035_009.jpg
/content/data/IE7615 Deep Learning for AI/images_OBJ022/OBJ022_030.jpeg,images_OBJ022,21,OBJ022_030.jpeg
/content/data/IE7615 Deep Learning for AI/images_OBJ030/OBJ030_012.jpg,images_OBJ030,29,OBJ030_012.jpg
/content/data/IE7615 Deep Learning for AI/images_OBJ004/OBJ004_086.jpg,images_OBJ004,3,OBJ004_086.jpg
/content/data/IE7615 Deep Learning for AI/images_OBJ008/OBJ008_067.jpg,images_OBJ008,7,OBJ008_067.jpg
/content/data/IE7615 Deep Learning for AI/images_OBJ050/OBJ050_041.jpg,images_OBJ050,49,OBJ050_041.jpg
/content/data/IE7615 Deep Learning for AI/images_OBJ043/OBJ043_017.jpg,images_OBJ043,42,OBJ043_017.jpg
/content/data/IE7615 Deep Learning for AI/images_OBJ049/OBJ049_032.jpg,images_OBJ049,48,OBJ049_032.jpg
/content/data/IE7615 Deep Learning for AI/images_OBJ059/OBJ059_068.jpg,images_OBJ059,58,OBJ059_068.jpg
/content/data/IE7615 Deep Learning for AI/images_OBJ048/OBJ048_021.jpg,images_OBJ048,47,OBJ048_021.jpg
/content/data/IE7615 Deep Learning for AI/images_OBJ057/OBJ057_067.jpg,images_OBJ057,56,OBJ057_067.jpg
/content/data/IE7615 Deep Learning for AI/images_OBJ034/OBJ034_010.jpg,images_OBJ034,33,OBJ034_010.jpg
/content/data/IE7615 Deep Learning for AI/images_OBJ007/OBJ007_082.jpg,images_OBJ007,6,OBJ007_082.jpg
/content/data/IE7615 Deep Learning for AI/images_OBJ003/OBJ003_085.jpg,images_OBJ003,2,OBJ003_085.jpg
/content/data/IE7615 Deep Learning for AI/images_OBJ042/OBJ042_056.jpg,images_OBJ042,41,OBJ042_056.jpg
/content/data/IE7615 Deep Learning for AI/images_OBJ071/OBJ071_085.jpg,images_OBJ071,70,OBJ071_085.jpg
/content/data/IE7615 Deep Learning for AI/images_OBJ004/OBJ004_038.jpg,images_OBJ004,3,OBJ004_038.jpg
/content/data/IE7615 Deep Learning for AI/images_OBJ014/sunglasses_092.jpeg,images_OBJ014,13,sunglasses_092.jpeg
/content/data/IE7615 Deep Learning for AI/images_OBJ008/OBJ008_015.jpg,images_OBJ008,7,OBJ008_015.jpg
/content/data/IE7615 Deep Learning for AI/images_OBJ015/OBJ015_055.jpg,images_OBJ015,14,OBJ015_055.jpg
/content/data/IE7615 Deep Learning for AI/images_OBJ004/OBJ004_045.jpg,images_OBJ004,3,OBJ004_045.jpg
/content/data/IE7615 Deep Learning for AI/images_OBJ056/OBJ056_001.jpg,images_OBJ056,55,OBJ056_001.jpg
/content/data/IE7615 Deep Learning for AI/images_OBJ020/OBJ020_013.jpg,images_OBJ020,19,OBJ020_013.jpg
/content/data/IE7615 Deep Learning for AI/images_OBJ002/OBJ002_065.jpg,images_OBJ002,1,OBJ002_065.jpg
/content/data/IE7615 Deep Learning for AI/images_OBJ064/OBJ064_011.jpg,images_OBJ064,63,OBJ064_011.jpg
/content/data/IE7615 Deep Learning for AI/images_OBJ072/OBJ072_011.jpg,images_OBJ072,71,OBJ072_011.jpg
/content/data/IE7615 Deep Learning for AI/images_OBJ035/OBJ035_056.jpg,images_OBJ035,34,OBJ035_056.jpg
/content/data/IE7615 Deep Learning for AI/images_OBJ052/OBJ052_007.jpg,images_OBJ052,51,OBJ052_007.jpg
/content/data/IE7615 Deep Learning for AI/images_OBJ046/OBJ046_088.jpg,images_OBJ046,45,OBJ046_088.jpg
/content/data/IE7615 Deep Learning for AI/images_OBJ016/OBJ016_088.jpg,images_OBJ016,15,OBJ016_088.jpg
/content/data/IE7615 Deep Learning for AI/images_OBJ052/OBJ052_088.jpg,images_OBJ052,51,OBJ052_088.jpg
/content/data/IE7615 Deep Learning for AI/images_OBJ070/OBJ070_026.jpg,images_OBJ070,69,OBJ070_026.jpg
/content/data/IE7615 Deep Learning for AI/images_OBJ006/OBJ006_079.jpg,images_OBJ006,5,OBJ006_079.jpg
/content/data/IE7615 Deep Learning for AI/images_OBJ011/OBJ011_070.jpg,images_OBJ011,10,OBJ011_070.jpg
/content/data/IE7615 Deep Learning for AI/images_OBJ046/OBJ046_070.jpg,images_OBJ046,45,OBJ046_070.jpg
/content/data/IE7615 Deep Learning for AI/images_OBJ054/OBJ054_024.jpg,images_OBJ054,53,OBJ054_024.jpg
/content/data/IE7615 Deep Learning for AI/images_OBJ064/OBJ064_078.jpg,images_OBJ064,63,OBJ064_078.jpg
/content/data/IE7615 Deep Learning for AI/images_OBJ032/OBJ032_057.jpg,images_OBJ032,31,OBJ032_057.jpg
/content/data/IE7615 Deep Learning for AI/images_OBJ008/OBJ008_076.jpg,images_OBJ008,7,OBJ008_076.jpg
/content/data/IE7615 Deep Learning for AI/images_OBJ048/OBJ048_060.jpg,images_OBJ048,47,OBJ048_060.jpg
/content/data/IE7615 Deep Learning for AI/images_OBJ004/OBJ004_059.jpg,images_OBJ004,3,OBJ004_059.jpg
/content/data/IE7615 Deep Learning for AI/images_OBJ019/OBJ019_024.jpg,images_OBJ019,18,OBJ019_024.jpg
/content/data/IE7615 Deep Learning for AI/images_OBJ061/OBJ061_082.jpg,images_OBJ061,60,OBJ061_082.jpg
/content/data/IE7615 Deep Learning for AI/images_OBJ043/OBJ043_090.jpg,images_OBJ043,42,OBJ043_090.jpg
/content/data/IE7615 Deep Learning for AI/images_OBJ009/OBJ009_018.jpg,images_OBJ009,8,OBJ009_018.jpg
/content/data/IE7615 Deep Learning for AI/images_OBJ015/OBJ015_022.jpg,images_OBJ015,14,OBJ015_022.jpg
/content/data/IE7615 Deep Learning for AI/images_OBJ046/OBJ046_012.jpg,images_OBJ046,45,OBJ046_012.jpg
/content/data/IE7615 Deep Learning for AI/images_OBJ054/OBJ054_039.jpg,images_OBJ054,53,OBJ054_039.jpg
/content/data/IE7615 Deep Learning for AI/images_OBJ060/OBJ060_90.JPG,images_OBJ060,59,OBJ060_90.JPG
/content/data/IE7615 Deep Learning for AI/images_OBJ069/OBJ069_022.jpg,images_OBJ069,68,OBJ069_022.jpg
/content/data/IE7615 Deep Learning for AI/images_OBJ042/OBJ042_069.jpg,images_OBJ042,41,OBJ042_069.jpg
/content/data/IE7615 Deep Learning for AI/images_OBJ030/OBJ030_019.jpg,images_OBJ030,29,OBJ030_019.jpg
/content/data/IE7615 Deep Learning for AI/images_OBJ071/OBJ071_051.jpg,images_OBJ071,70,OBJ071_051.jpg
/content/data/IE7615 Deep Learning for AI/images_OBJ045/OBJ045_084.jpg,images_OBJ045,44,OBJ045_084.jpg
/content/data/IE7615 Deep Learning for AI/images_OBJ066/OBJ066_013.jpg,images_OBJ066,65,OBJ066_013.jpg
/content/data/IE7615 Deep Learning for AI/images_OBJ041/OBJ041_027.jpg,images_OBJ041,40,OBJ041_027.jpg
/content/data/IE7615 Deep Learning for AI/images_OBJ051/OBJ051_002.jpg,images_OBJ051,50,OBJ051_002.jpg
/content/data/IE7615 Deep Learning for AI/images_OBJ040/OBJ040_066.JPG,images_OBJ040,39,OBJ040_066.JPG
/content/data/IE7615 Deep Learning for AI/images_OBJ007/OBJ007_017.jpg,images_OBJ007,6,OBJ007_017.jpg
/content/data/IE7615 Deep Learning for AI/images_OBJ033/OBJ033_034.jpg,images_OBJ033,32,OBJ033_034.jpg
/content/data/IE7615 Deep Learning for AI/images_OBJ061/OBJ061_028.jpg,images_OBJ061,60,OBJ061_028.jpg
/content/data/IE7615 Deep Learning for AI/images_OBJ063/OBJ063_065.jpg,images_OBJ063,62,OBJ063_065.jpg
/content/data/IE7615 Deep Learning for AI/images_OBJ047/OBJ047_020.jpg,images_OBJ047,46,OBJ047_020.jpg
/content/data/IE7615 Deep Learning for AI/images_OBJ017/OBJ017_071.jpg,images_OBJ017,16,OBJ017_071.jpg
/content/data/IE7615 Deep Learning for AI/images_OBJ032/OBJ032_010.jpg,images_OBJ032,31,OBJ032_010.jpg
/content/data/IE7615 Deep Learning for AI/images_OBJ046/OBJ046_033.jpg,images_OBJ046,45,OBJ046_033.jpg
/content/data/IE7615 Deep Learning for AI/images_OBJ029/OBJ029_056.jpg,images_OBJ029,28,OBJ029_056.jpg
/content/data/IE7615 Deep Learning for AI/images_OBJ037/OBJ037_040.jpg,images_OBJ037,36,OBJ037_040.jpg
/content/data/IE7615 Deep Learning for AI/images_OBJ062/OBJ062_050.jpg,images_OBJ062,61,OBJ062_050.jpg
/content/data/IE7615 Deep Learning for AI/images_OBJ034/OBJ034_079.jpg,images_OBJ034,33,OBJ034_079.jpg
/content/data/IE7615 Deep Learning for AI/images_OBJ016/OBJ016_047.jpg,images_OBJ016,15,OBJ016_047.jpg
/content/data/IE7615 Deep Learning for AI/images_OBJ006/OBJ006_026.jpg,images_OBJ006,5,OBJ006_026.jpg
/content/data/IE7615 Deep Learning for AI/images_OBJ029/OBJ029_070.jpg,images_OBJ029,28,OBJ029_070.jpg
/content/data/IE7615 Deep Learning for AI/images_OBJ006/OBJ006_056.jpg,images_OBJ006,5,OBJ006_056.jpg
/content/data/IE7615 Deep Learning for AI/images_OBJ004/OBJ004_031.jpg,images_OBJ004,3,OBJ004_031.jpg
/content/data/IE7615 Deep Learning for AI/images_OBJ055/OBJ055_092.jpg,images_OBJ055,54,OBJ055_092.jpg
/content/data/IE7615 Deep Learning for AI/images_OBJ015/OBJ015_035.jpg,images_OBJ015,14,OBJ015_035.jpg
/content/data/IE7615 Deep Learning for AI/images_OBJ038/OBJ038_004.jpg,images_OBJ038,37,OBJ038_004.jpg
/content/data/IE7615 Deep Learning for AI/images_OBJ039/OBJ039_075.jpg,images_OBJ039,38,OBJ039_075.jpg
/content/data/IE7615 Deep Learning for AI/images_OBJ049/OBJ049_070.jpg,images_OBJ049,48,OBJ049_070.jpg
/content/data/IE7615 Deep Learning for AI/images_OBJ009/OBJ009_020.jpg,images_OBJ009,8,OBJ009_020.jpg
/content/data/IE7615 Deep Learning for AI/images_OBJ024/OBJ024_075.jpg,images_OBJ024,23,OBJ024_075.jpg
/content/data/IE7615 Deep Learning for AI/images_OBJ033/OBJ033_075.jpg,images_OBJ033,32,OBJ033_075.jpg
/content/data/IE7615 Deep Learning for AI/images_OBJ014/sunglasses_021.jpeg,images_OBJ014,13,sunglasses_021.jpeg
/content/data/IE7615 Deep Learning for AI/images_OBJ051/OBJ051_057.jpg,images_OBJ051,50,OBJ051_057.jpg
/content/data/IE7615 Deep Learning for AI/images_OBJ060/OBJ060_11.JPG,images_OBJ060,59,OBJ060_11.JPG
/content/data/IE7615 Deep Learning for AI/images_OBJ041/OBJ041_014.jpg,images_OBJ041,40,OBJ041_014.jpg
/content/data/IE7615 Deep Learning for AI/images_OBJ042/OBJ042_051.jpg,images_OBJ042,41,OBJ042_051.jpg
/content/data/IE7615 Deep Learning for AI/images_OBJ052/OBJ052_060.jpg,images_OBJ052,51,OBJ052_060.jpg
/content/data/IE7615 Deep Learning for AI/images_OBJ054/OBJ054_020.jpg,images_OBJ054,53,OBJ054_020.jpg
/content/data/IE7615 Deep Learning for AI/images_OBJ041/OBJ041_005.jpg,images_OBJ041,40,OBJ041_005.jpg
/content/data/IE7615 Deep Learning for AI/images_OBJ029/OBJ029_011.jpg,images_OBJ029,28,OBJ029_011.jpg
/content/data/IE7615 Deep Learning for AI/images_OBJ036/OBJ036_047.jpg,images_OBJ036,35,OBJ036_047.jpg
/content/data/IE7615 Deep Learning for AI/images_OBJ057/OBJ057_089.jpg,images_OBJ057,56,OBJ057_089.jpg
/content/data/IE7615 Deep Learning for AI/images_OBJ003/OBJ003_013.jpg,images_OBJ003,2,OBJ003_013.jpg
/content/data/IE7615 Deep Learning for AI/images_OBJ013/OBJ013_080.jpg,images_OBJ013,12,OBJ013_080.jpg
/content/data/IE7615 Deep Learning for AI/images_OBJ031/OBJ031_092.jpg,images_OBJ031,30,OBJ031_092.jpg
/content/data/IE7615 Deep Learning for AI/images_OBJ002/OBJ002_016.jpg,images_OBJ002,1,OBJ002_016.jpg
/content/data/IE7615 Deep Learning for AI/images_OBJ002/OBJ002_021.jpg,images_OBJ002,1,OBJ002_021.jpg
/content/data/IE7615 Deep Learning for AI/images_OBJ042/OBJ042_021.jpg,images_OBJ042,41,OBJ042_021.jpg
/content/data/IE7615 Deep Learning for AI/images_OBJ041/OBJ041_058.jpg,images_OBJ041,40,OBJ041_058.jpg
/content/data/IE7615 Deep Learning for AI/images_OBJ013/OBJ013_006.jpg,images_OBJ013,12,OBJ013_006.jpg
/content/data/IE7615 Deep Learning for AI/images_OBJ058/OBJ058_081.jpg,images_OBJ058,57,OBJ058_081.jpg
/content/data/IE7615 Deep Learning for AI/images_OBJ021/OBJ021_008.jpg,images_OBJ021,20,OBJ021_008.jpg
/content/data/IE7615 Deep Learning for AI/images_OBJ043/OBJ043_025.jpg,images_OBJ043,42,OBJ043_025.jpg
/content/data/IE7615 Deep Learning for AI/images_OBJ046/OBJ046_020.jpg,images_OBJ046,45,OBJ046_020.jpg
/content/data/IE7615 Deep Learning for AI/images_OBJ033/OBJ033_020.jpg,images_OBJ033,32,OBJ033_020.jpg
/content/data/IE7615 Deep Learning for AI/images_OBJ058/OBJ058_087.jpg,images_OBJ058,57,OBJ058_087.jpg
/content/data/IE7615 Deep Learning for AI/images_OBJ001/OBJ001_090.jpg,images_OBJ001,0,OBJ001_090.jpg
/content/data/IE7615 Deep Learning for AI/images_OBJ057/OBJ057_022.jpg,images_OBJ057,56,OBJ057_022.jpg
/content/data/IE7615 Deep Learning for AI/images_OBJ067/OBJ067_0078.jpg,images_OBJ067,66,OBJ067_0078.jpg
/content/data/IE7615 Deep Learning for AI/images_OBJ060/OBJ060_37.JPG,images_OBJ060,59,OBJ060_37.JPG
/content/data/IE7615 Deep Learning for AI/images_OBJ027/OBJ027_032.jpg,images_OBJ027,26,OBJ027_032.jpg
/content/data/IE7615 Deep Learning for AI/images_OBJ067/OBJ067_0051.jpg,images_OBJ067,66,OBJ067_0051.jpg
/content/data/IE7615 Deep Learning for AI/images_OBJ029/OBJ029_052.jpg,images_OBJ029,28,OBJ029_052.jpg
/content/data/IE7615 Deep Learning for AI/images_OBJ062/OBJ062_046.jpg,images_OBJ062,61,OBJ062_046.jpg
/content/data/IE7615 Deep Learning for AI/images_OBJ041/OBJ041_037.jpg,images_OBJ041,40,OBJ041_037.jpg
/content/data/IE7615 Deep Learning for AI/images_OBJ018/OBJ018_044.jpg,images_OBJ018,17,OBJ018_044.jpg
/content/data/IE7615 Deep Learning for AI/images_OBJ065/OBJ065_014.jpg,images_OBJ065,64,OBJ065_014.jpg
/content/data/IE7615 Deep Learning for AI/images_OBJ060/OBJ060_84.JPG,images_OBJ060,59,OBJ060_84.JPG
/content/data/IE7615 Deep Learning for AI/images_OBJ036/OBJ036_011.jpg,images_OBJ036,35,OBJ036_011.jpg
/content/data/IE7615 Deep Learning for AI/images_OBJ024/OBJ024_001.jpg,images_OBJ024,23,OBJ024_001.jpg
/content/data/IE7615 Deep Learning for AI/images_OBJ042/OBJ042_011.jpg,images_OBJ042,41,OBJ042_011.jpg
/content/data/IE7615 Deep Learning for AI/images_OBJ042/OBJ042_007.jpg,images_OBJ042,41,OBJ042_007.jpg
/content/data/IE7615 Deep Learning for AI/images_OBJ038/OBJ038_011.jpg,images_OBJ038,37,OBJ038_011.jpg
/content/data/IE7615 Deep Learning for AI/images_OBJ039/OBJ039_048.jpg,images_OBJ039,38,OBJ039_048.jpg
/content/data/IE7615 Deep Learning for AI/images_OBJ038/OBJ038_094.jpg,images_OBJ038,37,OBJ038_094.jpg
/content/data/IE7615 Deep Learning for AI/images_OBJ059/OBJ059_014.jpg,images_OBJ059,58,OBJ059_014.jpg
/content/data/IE7615 Deep Learning for AI/images_OBJ017/OBJ017_065.jpg,images_OBJ017,16,OBJ017_065.jpg
/content/data/IE7615 Deep Learning for AI/images_OBJ068/OBJ068_005.jpg,images_OBJ068,67,OBJ068_005.jpg
/content/data/IE7615 Deep Learning for AI/images_OBJ039/OBJ039_030.jpg,images_OBJ039,38,OBJ039_030.jpg
/content/data/IE7615 Deep Learning for AI/images_OBJ057/OBJ057_009.jpg,images_OBJ057,56,OBJ057_009.jpg
/content/data/IE7615 Deep Learning for AI/images_OBJ034/OBJ034_003.jpg,images_OBJ034,33,OBJ034_003.jpg
/content/data/IE7615 Deep Learning for AI/images_OBJ060/OBJ060_3.JPG,images_OBJ060,59,OBJ060_3.JPG
/content/data/IE7615 Deep Learning for AI/images_OBJ029/OBJ029_054.jpg,images_OBJ029,28,OBJ029_054.jpg
/content/data/IE7615 Deep Learning for AI/images_OBJ033/OBJ033_023.jpg,images_OBJ033,32,OBJ033_023.jpg
/content/data/IE7615 Deep Learning for AI/images_OBJ044/OBJ044_007.jpg,images_OBJ044,43,OBJ044_007.jpg
/content/data/IE7615 Deep Learning for AI/images_OBJ072/OBJ072_082.jpg,images_OBJ072,71,OBJ072_082.jpg
/content/data/IE7615 Deep Learning for AI/images_OBJ008/OBJ008_021.jpg,images_OBJ008,7,OBJ008_021.jpg
/content/data/IE7615 Deep Learning for AI/images_OBJ008/OBJ008_093.jpg,images_OBJ008,7,OBJ008_093.jpg
/content/data/IE7615 Deep Learning for AI/images_OBJ060/OBJ060_56.JPG,images_OBJ060,59,OBJ060_56.JPG
/content/data/IE7615 Deep Learning for AI/images_OBJ003/OBJ003_084.jpg,images_OBJ003,2,OBJ003_084.jpg
/content/data/IE7615 Deep Learning for AI/images_OBJ010/OBJ010_002.jpg,images_OBJ010,9,OBJ010_002.jpg
/content/data/IE7615 Deep Learning for AI/images_OBJ069/OBJ069_086.jpg,images_OBJ069,68,OBJ069_086.jpg
/content/data/IE7615 Deep Learning for AI/images_OBJ060/OBJ060_70.JPG,images_OBJ060,59,OBJ060_70.JPG
/content/data/IE7615 Deep Learning for AI/images_OBJ018/OBJ018_061.jpg,images_OBJ018,17,OBJ018_061.jpg
/content/data/IE7615 Deep Learning for AI/images_OBJ024/OBJ024_084.jpg,images_OBJ024,23,OBJ024_084.jpg
/content/data/IE7615 Deep Learning for AI/images_OBJ008/OBJ008_006.jpg,images_OBJ008,7,OBJ008_006.jpg
/content/data/IE7615 Deep Learning for AI/images_OBJ042/OBJ042_050.jpg,images_OBJ042,41,OBJ042_050.jpg
/content/data/IE7615 Deep Learning for AI/images_OBJ028/OBJ028_024.jpg,images_OBJ028,27,OBJ028_024.jpg
/content/data/IE7615 Deep Learning for AI/images_OBJ016/OBJ016_017.jpg,images_OBJ016,15,OBJ016_017.jpg
/content/data/IE7615 Deep Learning for AI/images_OBJ055/OBJ055_062.jpg,images_OBJ055,54,OBJ055_062.jpg
/content/data/IE7615 Deep Learning for AI/images_OBJ056/OBJ056_091.jpg,images_OBJ056,55,OBJ056_091.jpg
/content/data/IE7615 Deep Learning for AI/images_OBJ011/OBJ011_054.jpg,images_OBJ011,10,OBJ011_054.jpg
/content/data/IE7615 Deep Learning for AI/images_OBJ037/OBJ037_021.jpg,images_OBJ037,36,OBJ037_021.jpg
/content/data/IE7615 Deep Learning for AI/images_OBJ053/OBJ053_085.jpg,images_OBJ053,52,OBJ053_085.jpg
/content/data/IE7615 Deep Learning for AI/images_OBJ004/OBJ004_003.jpg,images_OBJ004,3,OBJ004_003.jpg
/content/data/IE7615 Deep Learning for AI/images_OBJ013/OBJ013_058.jpg,images_OBJ013,12,OBJ013_058.jpg
/content/data/IE7615 Deep Learning for AI/images_OBJ038/OBJ038_052.jpg,images_OBJ038,37,OBJ038_052.jpg
/content/data/IE7615 Deep Learning for AI/images_OBJ017/OBJ017_089.jpg,images_OBJ017,16,OBJ017_089.jpg
/content/data/IE7615 Deep Learning for AI/images_OBJ021/OBJ021_064.jpg,images_OBJ021,20,OBJ021_064.jpg
/content/data/IE7615 Deep Learning for AI/images_OBJ039/OBJ039_064.jpg,images_OBJ039,38,OBJ039_064.jpg
/content/data/IE7615 Deep Learning for AI/images_OBJ038/OBJ038_019.jpg,images_OBJ038,37,OBJ038_019.jpg
/content/data/IE7615 Deep Learning for AI/images_OBJ062/OBJ062_021.jpg,images_OBJ062,61,OBJ062_021.jpg
/content/data/IE7615 Deep Learning for AI/images_OBJ065/OBJ065_053.jpg,images_OBJ065,64,OBJ065_053.jpg
/content/data/IE7615 Deep Learning for AI/images_OBJ001/OBJ001_029.jpg,images_OBJ001,0,OBJ001_029.jpg
/content/data/IE7615 Deep Learning for AI/images_OBJ073/OBJ073_062.jpg,images_OBJ073,72,OBJ073_062.jpg
/content/data/IE7615 Deep Learning for AI/images_OBJ068/OBJ068_030.jpg,images_OBJ068,67,OBJ068_030.jpg
/content/data/IE7615 Deep Learning for AI/images_OBJ043/OBJ043_009.jpg,images_OBJ043,42,OBJ043_009.jpg
/content/data/IE7615 Deep Learning for AI/images_OBJ031/OBJ031_056.jpg,images_OBJ031,30,OBJ031_056.jpg
/content/data/IE7615 Deep Learning for AI/images_OBJ029/OBJ029_002.jpg,images_OBJ029,28,OBJ029_002.jpg
/content/data/IE7615 Deep Learning for AI/images_OBJ006/OBJ006_003.jpg,images_OBJ006,5,OBJ006_003.jpg
/content/data/IE7615 Deep Learning for AI/images_OBJ027/OBJ027_059.jpg,images_OBJ027,26,OBJ027_059.jpg
/content/data/IE7615 Deep Learning for AI/images_OBJ018/OBJ018_009.jpg,images_OBJ018,17,OBJ018_009.jpg
/content/data/IE7615 Deep Learning for AI/images_OBJ013/OBJ013_072.jpg,images_OBJ013,12,OBJ013_072.jpg
/content/data/IE7615 Deep Learning for AI/images_OBJ013/OBJ013_044.jpg,images_OBJ013,12,OBJ013_044.jpg
/content/data/IE7615 Deep Learning for AI/images_OBJ051/OBJ051_089.jpg,images_OBJ051,50,OBJ051_089.jpg
/content/data/IE7615 Deep Learning for AI/images_OBJ073/OBJ073_071.jpg,images_OBJ073,72,OBJ073_071.jpg
/content/data/IE7615 Deep Learning for AI/images_OBJ047/OBJ047_005.jpg,images_OBJ047,46,OBJ047_005.jpg
/content/data/IE7615 Deep Learning for AI/images_OBJ066/OBJ066_088.jpg,images_OBJ066,65,OBJ066_088.jpg
/content/data/IE7615 Deep Learning for AI/images_OBJ005/OBJ005_013.jpg,images_OBJ005,4,OBJ005_013.jpg
/content/data/IE7615 Deep Learning for AI/images_OBJ066/OBJ066_051.jpg,images_OBJ066,65,OBJ066_051.jpg
/content/data/IE7615 Deep Learning for AI/images_OBJ018/OBJ018_018.jpg,images_OBJ018,17,OBJ018_018.jpg
/content/data/IE7615 Deep Learning for AI/images_OBJ036/OBJ036_060.jpg,images_OBJ036,35,OBJ036_060.jpg
/content/data/IE7615 Deep Learning for AI/images_OBJ015/OBJ015_020.jpg,images_OBJ015,14,OBJ015_020.jpg
/content/data/IE7615 Deep Learning for AI/images_OBJ003/OBJ003_056.jpg,images_OBJ003,2,OBJ003_056.jpg
/content/data/IE7615 Deep Learning for AI/images_OBJ054/OBJ054_027.jpg,images_OBJ054,53,OBJ054_027.jpg
/content/data/IE7615 Deep Learning for AI/images_OBJ066/OBJ066_089.jpg,images_OBJ066,65,OBJ066_089.jpg
/content/data/IE7615 Deep Learning for AI/images_OBJ039/OBJ039_079.jpg,images_OBJ039,38,OBJ039_079.jpg
/content/data/IE7615 Deep Learning for AI/images_OBJ042/OBJ042_060.jpg,images_OBJ042,41,OBJ042_060.jpg
/content/data/IE7615 Deep Learning for AI/images_OBJ060/OBJ060_78.JPG,images_OBJ060,59,OBJ060_78.JPG
/content/data/IE7615 Deep Learning for AI/images_OBJ030/OBJ030_005.jpg,images_OBJ030,29,OBJ030_005.jpg
/content/data/IE7615 Deep Learning for AI/images_OBJ005/OBJ005_065.jpg,images_OBJ005,4,OBJ005_065.jpg
/content/data/IE7615 Deep Learning for AI/images_OBJ049/OBJ049_069.jpg,images_OBJ049,48,OBJ049_069.jpg
/content/data/IE7615 Deep Learning for AI/images_OBJ047/OBJ047_044.jpg,images_OBJ047,46,OBJ047_044.jpg
/content/data/IE7615 Deep Learning for AI/images_OBJ059/OBJ059_065.jpg,images_OBJ059,58,OBJ059_065.jpg
/content/data/IE7615 Deep Learning for AI/images_OBJ020/OBJ020_062.jpg,images_OBJ020,19,OBJ020_062.jpg
/content/data/IE7615 Deep Learning for AI/images_OBJ011/OBJ011_092.jpg,images_OBJ011,10,OBJ011_092.jpg
/content/data/IE7615 Deep Learning for AI/images_OBJ048/OBJ048_052.jpg,images_OBJ048,47,OBJ048_052.jpg
/content/data/IE7615 Deep Learning for AI/images_OBJ036/OBJ036_054.jpg,images_OBJ036,35,OBJ036_054.jpg
/content/data/IE7615 Deep Learning for AI/images_OBJ008/OBJ008_033.jpg,images_OBJ008,7,OBJ008_033.jpg
/content/data/IE7615 Deep Learning for AI/images_OBJ055/OBJ055_022.jpg,images_OBJ055,54,OBJ055_022.jpg
/content/data/IE7615 Deep Learning for AI/images_OBJ063/OBJ063_032.jpg,images_OBJ063,62,OBJ063_032.jpg
/content/data/IE7615 Deep Learning for AI/images_OBJ034/OBJ034_042.jpg,images_OBJ034,33,OBJ034_042.jpg
/content/data/IE7615 Deep Learning for AI/images_OBJ052/OBJ052_078.jpg,images_OBJ052,51,OBJ052_078.jpg
/content/data/IE7615 Deep Learning for AI/images_OBJ017/OBJ017_082.jpg,images_OBJ017,16,OBJ017_082.jpg
/content/data/IE7615 Deep Learning for AI/images_OBJ058/OBJ058_055.jpg,images_OBJ058,57,OBJ058_055.jpg
/content/data/IE7615 Deep Learning for AI/images_OBJ072/OBJ072_059.jpg,images_OBJ072,71,OBJ072_059.jpg
/content/data/IE7615 Deep Learning for AI/images_OBJ007/OBJ007_035.jpg,images_OBJ007,6,OBJ007_035.jpg
/content/data/IE7615 Deep Learning for AI/images_OBJ049/OBJ049_065.jpg,images_OBJ049,48,OBJ049_065.jpg
/content/data/IE7615 Deep Learning for AI/images_OBJ063/OBJ063_087.jpg,images_OBJ063,62,OBJ063_087.jpg
/content/data/IE7615 Deep Learning for AI/images_OBJ054/OBJ054_037.jpg,images_OBJ054,53,OBJ054_037.jpg
/content/data/IE7615 Deep Learning for AI/images_OBJ011/OBJ011_010.jpg,images_OBJ011,10,OBJ011_010.jpg
/content/data/IE7615 Deep Learning for AI/images_OBJ002/OBJ002_080.jpg,images_OBJ002,1,OBJ002_080.jpg
/content/data/IE7615 Deep Learning for AI/images_OBJ031/OBJ031_030.jpg,images_OBJ031,30,OBJ031_030.jpg
/content/data/IE7615 Deep Learning for AI/images_OBJ066/OBJ066_023.jpg,images_OBJ066,65,OBJ066_023.jpg
/content/data/IE7615 Deep Learning for AI/images_OBJ067/OBJ067_0065.jpg,images_OBJ067,66,OBJ067_0065.jpg
/content/data/IE7615 Deep Learning for AI/images_OBJ005/OBJ005_037.jpg,images_OBJ005,4,OBJ005_037.jpg
/content/data/IE7615 Deep Learning for AI/images_OBJ036/OBJ036_083.jpg,images_OBJ036,35,OBJ036_083.jpg
/content/data/IE7615 Deep Learning for AI/images_OBJ031/OBJ031_060.jpg,images_OBJ031,30,OBJ031_060.jpg
/content/data/IE7615 Deep Learning for AI/images_OBJ070/OBJ070_028.jpg,images_OBJ070,69,OBJ070_028.jpg
/content/data/IE7615 Deep Learning for AI/images_OBJ043/OBJ043_064.jpg,images_OBJ043,42,OBJ043_064.jpg
/content/data/IE7615 Deep Learning for AI/images_OBJ065/OBJ065_058.jpg,images_OBJ065,64,OBJ065_058.jpg
/content/data/IE7615 Deep Learning for AI/images_OBJ018/OBJ018_055.jpg,images_OBJ018,17,OBJ018_055.jpg
/content/data/IE7615 Deep Learning for AI/images_OBJ002/OBJ002_031.jpg,images_OBJ002,1,OBJ002_031.jpg
/content/data/IE7615 Deep Learning for AI/images_OBJ070/OBJ070_013.jpg,images_OBJ070,69,OBJ070_013.jpg
/content/data/IE7615 Deep Learning for AI/images_OBJ051/OBJ051_084.jpg,images_OBJ051,50,OBJ051_084.jpg
/content/data/IE7615 Deep Learning for AI/images_OBJ041/OBJ041_041.jpg,images_OBJ041,40,OBJ041_041.jpg
/content/data/IE7615 Deep Learning for AI/images_OBJ006/OBJ006_039.jpg,images_OBJ006,5,OBJ006_039.jpg
/content/data/IE7615 Deep Learning for AI/images_OBJ051/OBJ051_090.jpg,images_OBJ051,50,OBJ051_090.jpg
/content/data/IE7615 Deep Learning for AI/images_OBJ049/OBJ049_023.jpg,images_OBJ049,48,OBJ049_023.jpg
/content/data/IE7615 Deep Learning for AI/images_OBJ069/OBJ069_056.jpg,images_OBJ069,68,OBJ069_056.jpg
/content/data/IE7615 Deep Learning for AI/images_OBJ042/OBJ042_090.jpg,images_OBJ042,41,OBJ042_090.jpg
/content/data/IE7615 Deep Learning for AI/images_OBJ034/OBJ034_001.jpg,images_OBJ034,33,OBJ034_001.jpg
/content/data/IE7615 Deep Learning for AI/images_OBJ053/OBJ053_047.jpg,images_OBJ053,52,OBJ053_047.jpg
/content/data/IE7615 Deep Learning for AI/images_OBJ054/OBJ054_095.jpg,images_OBJ054,53,OBJ054_095.jpg
/content/data/IE7615 Deep Learning for AI/images_OBJ016/OBJ016_069.jpg,images_OBJ016,15,OBJ016_069.jpg
/content/data/IE7615 Deep Learning for AI/images_OBJ034/OBJ034_007.jpg,images_OBJ034,33,OBJ034_007.jpg
/content/data/IE7615 Deep Learning for AI/images_OBJ058/OBJ058_020.jpg,images_OBJ058,57,OBJ058_020.jpg
/content/data/IE7615 Deep Learning for AI/images_OBJ037/OBJ037_030.jpg,images_OBJ037,36,OBJ037_030.jpg
/content/data/IE7615 Deep Learning for AI/images_OBJ039/OBJ039_078.jpg,images_OBJ039,38,OBJ039_078.jpg
/content/data/IE7615 Deep Learning for AI/images_OBJ020/OBJ020_043.jpg,images_OBJ020,19,OBJ020_043.jpg
/content/data/IE7615 Deep Learning for AI/images_OBJ031/OBJ031_080.jpg,images_OBJ031,30,OBJ031_080.jpg
/content/data/IE7615 Deep Learning for AI/images_OBJ037/OBJ037_002.jpg,images_OBJ037,36,OBJ037_002.jpg
/content/data/IE7615 Deep Learning for AI/images_OBJ022/OBJ022_032.jpeg,images_OBJ022,21,OBJ022_032.jpeg
/content/data/IE7615 Deep Learning for AI/images_OBJ027/OBJ027_013.jpg,images_OBJ027,26,OBJ027_013.jpg
/content/data/IE7615 Deep Learning for AI/images_OBJ023/OBJ023_002.JPG,images_OBJ023,22,OBJ023_002.JPG
/content/data/IE7615 Deep Learning for AI/images_OBJ044/OBJ044_037.jpg,images_OBJ044,43,OBJ044_037.jpg
/content/data/IE7615 Deep Learning for AI/images_OBJ025/OBJ025_037.jpg,images_OBJ025,24,OBJ025_037.jpg
/content/data/IE7615 Deep Learning for AI/images_OBJ038/OBJ038_037.jpg,images_OBJ038,37,OBJ038_037.jpg
/content/data/IE7615 Deep Learning for AI/images_OBJ015/OBJ015_039.jpg,images_OBJ015,14,OBJ015_039.jpg
/content/data/IE7615 Deep Learning for AI/images_OBJ011/OBJ011_082.jpg,images_OBJ011,10,OBJ011_082.jpg
/content/data/IE7615 Deep Learning for AI/images_OBJ029/OBJ029_072.jpg,images_OBJ029,28,OBJ029_072.jpg
/content/data/IE7615 Deep Learning for AI/images_OBJ045/OBJ045_087.jpg,images_OBJ045,44,OBJ045_087.jpg
/content/data/IE7615 Deep Learning for AI/images_OBJ064/OBJ064_001.jpg,images_OBJ064,63,OBJ064_001.jpg
/content/data/IE7615 Deep Learning for AI/images_OBJ028/OBJ028_048.jpg,images_OBJ028,27,OBJ028_048.jpg
/content/data/IE7615 Deep Learning for AI/images_OBJ017/OBJ017_035.jpg,images_OBJ017,16,OBJ017_035.jpg
/content/data/IE7615 Deep Learning for AI/images_OBJ072/OBJ072_036.jpg,images_OBJ072,71,OBJ072_036.jpg
/content/data/IE7615 Deep Learning for AI/images_OBJ038/OBJ038_064.jpg,images_OBJ038,37,OBJ038_064.jpg
/content/data/IE7615 Deep Learning for AI/images_OBJ042/OBJ042_018.jpg,images_OBJ042,41,OBJ042_018.jpg
/content/data/IE7615 Deep Learning for AI/images_OBJ051/OBJ051_070.jpg,images_OBJ051,50,OBJ051_070.jpg
/content/data/IE7615 Deep Learning for AI/images_OBJ017/OBJ017_052.jpg,images_OBJ017,16,OBJ017_052.jpg
/content/data/IE7615 Deep Learning for AI/images_OBJ043/OBJ043_086.jpg,images_OBJ043,42,OBJ043_086.jpg
/content/data/IE7615 Deep Learning for AI/images_OBJ027/OBJ027_076.jpg,images_OBJ027,26,OBJ027_076.jpg
/content/data/IE7615 Deep Learning for AI/images_OBJ007/OBJ007_086.jpg,images_OBJ007,6,OBJ007_086.jpg
/content/data/IE7615 Deep Learning for AI/images_OBJ031/OBJ031_007.jpg,images_OBJ031,30,OBJ031_007.jpg
/content/data/IE7615 Deep Learning for AI/images_OBJ072/OBJ072_004.jpg,images_OBJ072,71,OBJ072_004.jpg
/content/data/IE7615 Deep Learning for AI/images_OBJ030/OBJ030_072.jpg,images_OBJ030,29,OBJ030_072.jpg
/content/data/IE7615 Deep Learning for AI/images_OBJ051/OBJ051_037.jpg,images_OBJ051,50,OBJ051_037.jpg
/content/data/IE7615 Deep Learning for AI/images_OBJ035/OBJ035_033.jpg,images_OBJ035,34,OBJ035_033.jpg
/content/data/IE7615 Deep Learning for AI/images_OBJ020/OBJ020_053.jpg,images_OBJ020,19,OBJ020_053.jpg
/content/data/IE7615 Deep Learning for AI/images_OBJ052/OBJ052_014.jpg,images_OBJ052,51,OBJ052_014.jpg
/content/data/IE7615 Deep Learning for AI/images_OBJ004/OBJ004_082.jpg,images_OBJ004,3,OBJ004_082.jpg
/content/data/IE7615 Deep Learning for AI/images_OBJ056/OBJ056_074.jpg,images_OBJ056,55,OBJ056_074.jpg
/content/data/IE7615 Deep Learning for AI/images_OBJ057/OBJ057_015.jpg,images_OBJ057,56,OBJ057_015.jpg
/content/data/IE7615 Deep Learning for AI/images_OBJ006/OBJ006_060.jpg,images_OBJ006,5,OBJ006_060.jpg
/content/data/IE7615 Deep Learning for AI/images_OBJ008/OBJ008_084.jpg,images_OBJ008,7,OBJ008_084.jpg
/content/data/IE7615 Deep Learning for AI/images_OBJ012/OBJ012_044.jpg,images_OBJ012,11,OBJ012_044.jpg
/content/data/IE7615 Deep Learning for AI/images_OBJ011/OBJ011_093.jpg,images_OBJ011,10,OBJ011_093.jpg
/content/data/IE7615 Deep Learning for AI/images_OBJ030/OBJ030_053.jpg,images_OBJ030,29,OBJ030_053.jpg
/content/data/IE7615 Deep Learning for AI/images_OBJ028/OBJ028_083.jpg,images_OBJ028,27,OBJ028_083.jpg
/content/data/IE7615 Deep Learning for AI/images_OBJ062/OBJ062_064.jpg,images_OBJ062,61,OBJ062_064.jpg
/content/data/IE7615 Deep Learning for AI/images_OBJ026/OBJ026_054.jpg,images_OBJ026,25,OBJ026_054.jpg
/content/data/IE7615 Deep Learning for AI/images_OBJ005/OBJ005_083.jpg,images_OBJ005,4,OBJ005_083.jpg
/content/data/IE7615 Deep Learning for AI/images_OBJ034/OBJ034_071.jpg,images_OBJ034,33,OBJ034_071.jpg
/content/data/IE7615 Deep Learning for AI/images_OBJ030/OBJ030_003.jpg,images_OBJ030,29,OBJ030_003.jpg
/content/data/IE7615 Deep Learning for AI/images_OBJ036/OBJ036_043.jpg,images_OBJ036,35,OBJ036_043.jpg
/content/data/IE7615 Deep Learning for AI/images_OBJ042/OBJ042_026.jpg,images_OBJ042,41,OBJ042_026.jpg
/content/data/IE7615 Deep Learning for AI/images_OBJ004/OBJ004_074.jpg,images_OBJ004,3,OBJ004_074.jpg
/content/data/IE7615 Deep Learning for AI/images_OBJ060/OBJ060_72.JPG,images_OBJ060,59,OBJ060_72.JPG
/content/data/IE7615 Deep Learning for AI/images_OBJ052/OBJ052_036.jpg,images_OBJ052,51,OBJ052_036.jpg
/content/data/IE7615 Deep Learning for AI/images_OBJ017/OBJ017_050.jpg,images_OBJ017,16,OBJ017_050.jpg
/content/data/IE7615 Deep Learning for AI/images_OBJ043/OBJ043_087.jpg,images_OBJ043,42,OBJ043_087.jpg
/content/data/IE7615 Deep Learning for AI/images_OBJ012/OBJ012_077.jpg,images_OBJ012,11,OBJ012_077.jpg
/content/data/IE7615 Deep Learning for AI/images_OBJ024/OBJ024_009.jpg,images_OBJ024,23,OBJ024_009.jpg
/content/data/IE7615 Deep Learning for AI/images_OBJ009/OBJ009_053.jpg,images_OBJ009,8,OBJ009_053.jpg
/content/data/IE7615 Deep Learning for AI/images_OBJ004/OBJ004_020.jpg,images_OBJ004,3,OBJ004_020.jpg
/content/data/IE7615 Deep Learning for AI/images_OBJ045/OBJ045_064.jpg,images_OBJ045,44,OBJ045_064.jpg
/content/data/IE7615 Deep Learning for AI/images_OBJ066/OBJ066_039.jpg,images_OBJ066,65,OBJ066_039.jpg
/content/data/IE7615 Deep Learning for AI/images_OBJ016/OBJ016_035.jpg,images_OBJ016,15,OBJ016_035.jpg
/content/data/IE7615 Deep Learning for AI/images_OBJ036/OBJ036_021.jpg,images_OBJ036,35,OBJ036_021.jpg
/content/data/IE7615 Deep Learning for AI/images_OBJ005/OBJ005_068.jpg,images_OBJ005,4,OBJ005_068.jpg
/content/data/IE7615 Deep Learning for AI/images_OBJ055/OBJ055_078.jpg,images_OBJ055,54,OBJ055_078.jpg
/content/data/IE7615 Deep Learning for AI/images_OBJ011/OBJ011_081.jpg,images_OBJ011,10,OBJ011_081.jpg
/content/data/IE7615 Deep Learning for AI/images_OBJ048/OBJ048_051.jpg,images_OBJ048,47,OBJ048_051.jpg
/content/data/IE7615 Deep Learning for AI/images_OBJ008/OBJ008_061.jpg,images_OBJ008,7,OBJ008_061.jpg
/content/data/IE7615 Deep Learning for AI/images_OBJ035/OBJ035_025.jpg,images_OBJ035,34,OBJ035_025.jpg
/content/data/IE7615 Deep Learning for AI/images_OBJ039/OBJ039_062.jpg,images_OBJ039,38,OBJ039_062.jpg
/content/data/IE7615 Deep Learning for AI/images_OBJ013/OBJ013_045.jpg,images_OBJ013,12,OBJ013_045.jpg
/content/data/IE7615 Deep Learning for AI/images_OBJ034/OBJ034_060.jpg,images_OBJ034,33,OBJ034_060.jpg
/content/data/IE7615 Deep Learning for AI/images_OBJ006/OBJ006_008.jpg,images_OBJ006,5,OBJ006_008.jpg
/content/data/IE7615 Deep Learning for AI/images_OBJ061/OBJ061_052.jpg,images_OBJ061,60,OBJ061_052.jpg
/content/data/IE7615 Deep Learning for AI/images_OBJ060/OBJ060_19.JPG,images_OBJ060,59,OBJ060_19.JPG
/content/data/IE7615 Deep Learning for AI/images_OBJ042/OBJ042_063.jpg,images_OBJ042,41,OBJ042_063.jpg
/content/data/IE7615 Deep Learning for AI/images_OBJ062/OBJ062_094.jpg,images_OBJ062,61,OBJ062_094.jpg
/content/data/IE7615 Deep Learning for AI/images_OBJ015/OBJ015_090.jpg,images_OBJ015,14,OBJ015_090.jpg
/content/data/IE7615 Deep Learning for AI/images_OBJ066/OBJ066_034.jpg,images_OBJ066,65,OBJ066_034.jpg
/content/data/IE7615 Deep Learning for AI/images_OBJ018/OBJ018_086.jpg,images_OBJ018,17,OBJ018_086.jpg
/content/data/IE7615 Deep Learning for AI/images_OBJ051/OBJ051_079.jpg,images_OBJ051,50,OBJ051_079.jpg
/content/data/IE7615 Deep Learning for AI/images_OBJ009/OBJ009_069.jpg,images_OBJ009,8,OBJ009_069.jpg
/content/data/IE7615 Deep Learning for AI/images_OBJ066/OBJ066_024.jpg,images_OBJ066,65,OBJ066_024.jpg
/content/data/IE7615 Deep Learning for AI/images_OBJ053/OBJ053_061.jpg,images_OBJ053,52,OBJ053_061.jpg
/content/data/IE7615 Deep Learning for AI/images_OBJ073/OBJ073_064.jpg,images_OBJ073,72,OBJ073_064.jpg
/content/data/IE7615 Deep Learning for AI/images_OBJ068/OBJ068_019.jpg,images_OBJ068,67,OBJ068_019.jpg
/content/data/IE7615 Deep Learning for AI/images_OBJ021/OBJ021_044.jpg,images_OBJ021,20,OBJ021_044.jpg
/content/data/IE7615 Deep Learning for AI/images_OBJ062/OBJ062_027.jpg,images_OBJ062,61,OBJ062_027.jpg
/content/data/IE7615 Deep Learning for AI/images_OBJ028/OBJ028_047.jpg,images_OBJ028,27,OBJ028_047.jpg
/content/data/IE7615 Deep Learning for AI/images_OBJ054/OBJ054_056.jpg,images_OBJ054,53,OBJ054_056.jpg
/content/data/IE7615 Deep Learning for AI/images_OBJ003/OBJ003_015.jpg,images_OBJ003,2,OBJ003_015.jpg
/content/data/IE7615 Deep Learning for AI/images_OBJ062/OBJ062_015.jpg,images_OBJ062,61,OBJ062_015.jpg
/content/data/IE7615 Deep Learning for AI/images_OBJ011/OBJ011_052.jpg,images_OBJ011,10,OBJ011_052.jpg
/content/data/IE7615 Deep Learning for AI/images_OBJ039/OBJ039_043.jpg,images_OBJ039,38,OBJ039_043.jpg
/content/data/IE7615 Deep Learning for AI/images_OBJ052/OBJ052_065.jpg,images_OBJ052,51,OBJ052_065.jpg
/content/data/IE7615 Deep Learning for AI/images_OBJ015/OBJ015_067.jpg,images_OBJ015,14,OBJ015_067.jpg
/content/data/IE7615 Deep Learning for AI/images_OBJ073/OBJ073_061.jpg,images_OBJ073,72,OBJ073_061.jpg
/content/data/IE7615 Deep Learning for AI/images_OBJ063/OBJ063_086.jpg,images_OBJ063,62,OBJ063_086.jpg
/content/data/IE7615 Deep Learning for AI/images_OBJ064/OBJ064_064.jpg,images_OBJ064,63,OBJ064_064.jpg
/content/data/IE7615 Deep Learning for AI/images_OBJ002/OBJ002_005.jpg,images_OBJ002,1,OBJ002_005.jpg
/content/data/IE7615 Deep Learning for AI/images_OBJ035/OBJ035_046.jpg,images_OBJ035,34,OBJ035_046.jpg
/content/data/IE7615 Deep Learning for AI/images_OBJ061/OBJ061_037.jpg,images_OBJ061,60,OBJ061_037.jpg
/content/data/IE7615 Deep Learning for AI/images_OBJ028/OBJ028_009.jpg,images_OBJ028,27,OBJ028_009.jpg
/content/data/IE7615 Deep Learning for AI/images_OBJ004/OBJ004_007.jpg,images_OBJ004,3,OBJ004_007.jpg
/content/data/IE7615 Deep Learning for AI/images_OBJ051/OBJ051_102.jpg,images_OBJ051,50,OBJ051_102.jpg
/content/data/IE7615 Deep Learning for AI/images_OBJ059/OBJ059_001.jpg,images_OBJ059,58,OBJ059_001.jpg
/content/data/IE7615 Deep Learning for AI/images_OBJ061/OBJ061_007.jpg,images_OBJ061,60,OBJ061_007.jpg
/content/data/IE7615 Deep Learning for AI/images_OBJ055/OBJ055_094.jpg,images_OBJ055,54,OBJ055_094.jpg
/content/data/IE7615 Deep Learning for AI/images_OBJ007/OBJ007_009.jpg,images_OBJ007,6,OBJ007_009.jpg
/content/data/IE7615 Deep Learning for AI/images_OBJ054/OBJ054_046.jpg,images_OBJ054,53,OBJ054_046.jpg
/content/data/IE7615 Deep Learning for AI/images_OBJ033/OBJ033_016.jpg,images_OBJ033,32,OBJ033_016.jpg
/content/data/IE7615 Deep Learning for AI/images_OBJ051/OBJ051_091.jpg,images_OBJ051,50,OBJ051_091.jpg
/content/data/IE7615 Deep Learning for AI/images_OBJ053/OBJ053_090.jpg,images_OBJ053,52,OBJ053_090.jpg
/content/data/IE7615 Deep Learning for AI/images_OBJ044/OBJ044_079.jpg,images_OBJ044,43,OBJ044_079.jpg
/content/data/IE7615 Deep Learning for AI/images_OBJ038/OBJ038_041.jpg,images_OBJ038,37,OBJ038_041.jpg
/content/data/IE7615 Deep Learning for AI/images_OBJ055/OBJ055_050.jpg,images_OBJ055,54,OBJ055_050.jpg
/content/data/IE7615 Deep Learning for AI/images_OBJ047/OBJ047_072.jpg,images_OBJ047,46,OBJ047_072.jpg
/content/data/IE7615 Deep Learning for AI/images_OBJ063/OBJ063_016.jpg,images_OBJ063,62,OBJ063_016.jpg
/content/data/IE7615 Deep Learning for AI/images_OBJ018/OBJ018_042.jpg,images_OBJ018,17,OBJ018_042.jpg
/content/data/IE7615 Deep Learning for AI/images_OBJ063/OBJ063_020.jpg,images_OBJ063,62,OBJ063_020.jpg
/content/data/IE7615 Deep Learning for AI/images_OBJ002/OBJ002_040.jpg,images_OBJ002,1,OBJ002_040.jpg
/content/data/IE7615 Deep Learning for AI/images_OBJ048/OBJ048_068.jpg,images_OBJ048,47,OBJ048_068.jpg
/content/data/IE7615 Deep Learning for AI/images_OBJ058/OBJ058_037.jpg,images_OBJ058,57,OBJ058_037.jpg
/content/data/IE7615 Deep Learning for AI/images_OBJ014/sunglasses_032.jpeg,images_OBJ014,13,sunglasses_032.jpeg
/content/data/IE7615 Deep Learning for AI/images_OBJ019/OBJ019_036.jpg,images_OBJ019,18,OBJ019_036.jpg
/content/data/IE7615 Deep Learning for AI/images_OBJ042/OBJ042_019.jpg,images_OBJ042,41,OBJ042_019.jpg
/content/data/IE7615 Deep Learning for AI/images_OBJ022/OBJ022_005.jpeg,images_OBJ022,21,OBJ022_005.jpeg
/content/data/IE7615 Deep Learning for AI/images_OBJ021/OBJ021_017.jpg,images_OBJ021,20,OBJ021_017.jpg
/content/data/IE7615 Deep Learning for AI/images_OBJ060/OBJ060_79.JPG,images_OBJ060,59,OBJ060_79.JPG
/content/data/IE7615 Deep Learning for AI/images_OBJ007/OBJ007_053.jpg,images_OBJ007,6,OBJ007_053.jpg
/content/data/IE7615 Deep Learning for AI/images_OBJ065/OBJ065_057.jpg,images_OBJ065,64,OBJ065_057.jpg
/content/data/IE7615 Deep Learning for AI/images_OBJ061/OBJ061_035.jpg,images_OBJ061,60,OBJ061_035.jpg
/content/data/IE7615 Deep Learning for AI/images_OBJ063/OBJ063_013.jpg,images_OBJ063,62,OBJ063_013.jpg
/content/data/IE7615 Deep Learning for AI/images_OBJ046/OBJ046_005.jpg,images_OBJ046,45,OBJ046_005.jpg
/content/data/IE7615 Deep Learning for AI/images_OBJ063/OBJ063_071.jpg,images_OBJ063,62,OBJ063_071.jpg
/content/data/IE7615 Deep Learning for AI/images_OBJ071/OBJ071_089.jpg,images_OBJ071,70,OBJ071_089.jpg
/content/data/IE7615 Deep Learning for AI/images_OBJ009/OBJ009_038.jpg,images_OBJ009,8,OBJ009_038.jpg
/content/data/IE7615 Deep Learning for AI/images_OBJ058/OBJ058_015.jpg,images_OBJ058,57,OBJ058_015.jpg
/content/data/IE7615 Deep Learning for AI/images_OBJ006/OBJ006_004.jpg,images_OBJ006,5,OBJ006_004.jpg
/content/data/IE7615 Deep Learning for AI/images_OBJ073/OBJ073_021.jpg,images_OBJ073,72,OBJ073_021.jpg
/content/data/IE7615 Deep Learning for AI/images_OBJ013/OBJ013_046.jpg,images_OBJ013,12,OBJ013_046.jpg
/content/data/IE7615 Deep Learning for AI/images_OBJ038/OBJ038_044.jpg,images_OBJ038,37,OBJ038_044.jpg
/content/data/IE7615 Deep Learning for AI/images_OBJ063/OBJ063_055.jpg,images_OBJ063,62,OBJ063_055.jpg
/content/data/IE7615 Deep Learning for AI/images_OBJ001/OBJ001_039.jpg,images_OBJ001,0,OBJ001_039.jpg
/content/data/IE7615 Deep Learning for AI/images_OBJ007/OBJ007_085.jpg,images_OBJ007,6,OBJ007_085.jpg
/content/data/IE7615 Deep Learning for AI/images_OBJ006/OBJ006_070.jpg,images_OBJ006,5,OBJ006_070.jpg
/content/data/IE7615 Deep Learning for AI/images_OBJ067/OBJ067_0066.jpg,images_OBJ067,66,OBJ067_0066.jpg
/content/data/IE7615 Deep Learning for AI/images_OBJ032/OBJ032_045.jpg,images_OBJ032,31,OBJ032_045.jpg
/content/data/IE7615 Deep Learning for AI/images_OBJ046/OBJ046_059.jpg,images_OBJ046,45,OBJ046_059.jpg
/content/data/IE7615 Deep Learning for AI/images_OBJ030/OBJ030_089.jpg,images_OBJ030,29,OBJ030_089.jpg
/content/data/IE7615 Deep Learning for AI/images_OBJ003/OBJ003_006.jpg,images_OBJ003,2,OBJ003_006.jpg
/content/data/IE7615 Deep Learning for AI/images_OBJ033/OBJ033_068.jpg,images_OBJ033,32,OBJ033_068.jpg
/content/data/IE7615 Deep Learning for AI/images_OBJ065/OBJ065_030.jpg,images_OBJ065,64,OBJ065_030.jpg
/content/data/IE7615 Deep Learning for AI/images_OBJ048/OBJ048_093.jpg,images_OBJ048,47,OBJ048_093.jpg
/content/data/IE7615 Deep Learning for AI/images_OBJ061/OBJ061_001.jpg,images_OBJ061,60,OBJ061_001.jpg
/content/data/IE7615 Deep Learning for AI/images_OBJ050/OBJ050_055.jpg,images_OBJ050,49,OBJ050_055.jpg
/content/data/IE7615 Deep Learning for AI/images_OBJ059/OBJ059_094.jpg,images_OBJ059,58,OBJ059_094.jpg
/content/data/IE7615 Deep Learning for AI/images_OBJ060/OBJ060_61.JPG,images_OBJ060,59,OBJ060_61.JPG
/content/data/IE7615 Deep Learning for AI/images_OBJ028/OBJ028_036.jpg,images_OBJ028,27,OBJ028_036.jpg
/content/data/IE7615 Deep Learning for AI/images_OBJ020/OBJ020_044.jpg,images_OBJ020,19,OBJ020_044.jpg
/content/data/IE7615 Deep Learning for AI/images_OBJ009/OBJ009_002.jpg,images_OBJ009,8,OBJ009_002.jpg
/content/data/IE7615 Deep Learning for AI/images_OBJ012/OBJ012_014.jpg,images_OBJ012,11,OBJ012_014.jpg
/content/data/IE7615 Deep Learning for AI/images_OBJ047/OBJ047_034.jpg,images_OBJ047,46,OBJ047_034.jpg
/content/data/IE7615 Deep Learning for AI/images_OBJ011/OBJ011_043.jpg,images_OBJ011,10,OBJ011_043.jpg
/content/data/IE7615 Deep Learning for AI/images_OBJ053/OBJ053_027.jpg,images_OBJ053,52,OBJ053_027.jpg
/content/data/IE7615 Deep Learning for AI/images_OBJ069/OBJ069_060.jpg,images_OBJ069,68,OBJ069_060.jpg
/content/data/IE7615 Deep Learning for AI/images_OBJ048/OBJ048_027.jpg,images_OBJ048,47,OBJ048_027.jpg
/content/data/IE7615 Deep Learning for AI/images_OBJ058/OBJ058_038.jpg,images_OBJ058,57,OBJ058_038.jpg
/content/data/IE7615 Deep Learning for AI/images_OBJ061/OBJ061_008.jpg,images_OBJ061,60,OBJ061_008.jpg
/content/data/IE7615 Deep Learning for AI/images_OBJ017/OBJ017_076.jpg,images_OBJ017,16,OBJ017_076.jpg
/content/data/IE7615 Deep Learning for AI/images_OBJ040/OBJ040_056.JPG,images_OBJ040,39,OBJ040_056.JPG
/content/data/IE7615 Deep Learning for AI/images_OBJ052/OBJ052_044.jpg,images_OBJ052,51,OBJ052_044.jpg
/content/data/IE7615 Deep Learning for AI/images_OBJ014/sunglasses_036.jpeg,images_OBJ014,13,sunglasses_036.jpeg
/content/data/IE7615 Deep Learning for AI/images_OBJ050/OBJ050_079.jpg,images_OBJ050,49,OBJ050_079.jpg
/content/data/IE7615 Deep Learning for AI/images_OBJ015/OBJ015_030.jpg,images_OBJ015,14,OBJ015_030.jpg
/content/data/IE7615 Deep Learning for AI/images_OBJ037/OBJ037_034.jpg,images_OBJ037,36,OBJ037_034.jpg
/content/data/IE7615 Deep Learning for AI/images_OBJ004/OBJ004_034.jpg,images_OBJ004,3,OBJ004_034.jpg
/content/data/IE7615 Deep Learning for AI/images_OBJ058/OBJ058_083.jpg,images_OBJ058,57,OBJ058_083.jpg
/content/data/IE7615 Deep Learning for AI/images_OBJ055/OBJ055_033.jpg,images_OBJ055,54,OBJ055_033.jpg
/content/data/IE7615 Deep Learning for AI/images_OBJ014/sunglasses_008.jpeg,images_OBJ014,13,sunglasses_008.jpeg
/content/data/IE7615 Deep Learning for AI/images_OBJ034/OBJ034_070.jpg,images_OBJ034,33,OBJ034_070.jpg
/content/data/IE7615 Deep Learning for AI/images_OBJ034/OBJ034_074.jpg,images_OBJ034,33,OBJ034_074.jpg
/content/data/IE7615 Deep Learning for AI/images_OBJ013/OBJ013_012.jpg,images_OBJ013,12,OBJ013_012.jpg
/content/data/IE7615 Deep Learning for AI/images_OBJ007/OBJ007_002.jpg,images_OBJ007,6,OBJ007_002.jpg
/content/data/IE7615 Deep Learning for AI/images_OBJ073/OBJ073_005.jpg,images_OBJ073,72,OBJ073_005.jpg
/content/data/IE7615 Deep Learning for AI/images_OBJ018/OBJ018_014.jpg,images_OBJ018,17,OBJ018_014.jpg
/content/data/IE7615 Deep Learning for AI/images_OBJ014/sunglasses_056.jpeg,images_OBJ014,13,sunglasses_056.jpeg
/content/data/IE7615 Deep Learning for AI/images_OBJ057/OBJ057_066.jpg,images_OBJ057,56,OBJ057_066.jpg
/content/data/IE7615 Deep Learning for AI/images_OBJ004/OBJ004_051.jpg,images_OBJ004,3,OBJ004_051.jpg
/content/data/IE7615 Deep Learning for AI/images_OBJ070/OBJ070_062.jpg,images_OBJ070,69,OBJ070_062.jpg
/content/data/IE7615 Deep Learning for AI/images_OBJ044/OBJ044_090.jpg,images_OBJ044,43,OBJ044_090.jpg
/content/data/IE7615 Deep Learning for AI/images_OBJ042/OBJ042_075.jpg,images_OBJ042,41,OBJ042_075.jpg
/content/data/IE7615 Deep Learning for AI/images_OBJ072/OBJ072_051.jpg,images_OBJ072,71,OBJ072_051.jpg
/content/data/IE7615 Deep Learning for AI/images_OBJ073/OBJ073_095.jpg,images_OBJ073,72,OBJ073_095.jpg
/content/data/IE7615 Deep Learning for AI/images_OBJ052/OBJ052_092.jpg,images_OBJ052,51,OBJ052_092.jpg
/content/data/IE7615 Deep Learning for AI/images_OBJ041/OBJ041_088.jpg,images_OBJ041,40,OBJ041_088.jpg
/content/data/IE7615 Deep Learning for AI/images_OBJ047/OBJ047_086.jpg,images_OBJ047,46,OBJ047_086.jpg
/content/data/IE7615 Deep Learning for AI/images_OBJ007/OBJ007_095.jpg,images_OBJ007,6,OBJ007_095.jpg
/content/data/IE7615 Deep Learning for AI/images_OBJ068/OBJ068_087.jpg,images_OBJ068,67,OBJ068_087.jpg
/content/data/IE7615 Deep Learning for AI/images_OBJ012/OBJ012_094.jpg,images_OBJ012,11,OBJ012_094.jpg
/content/data/IE7615 Deep Learning for AI/images_OBJ030/OBJ030_037.jpg,images_OBJ030,29,OBJ030_037.jpg
/content/data/IE7615 Deep Learning for AI/images_OBJ064/OBJ064_061.jpg,images_OBJ064,63,OBJ064_061.jpg
/content/data/IE7615 Deep Learning for AI/images_OBJ004/OBJ004_065.jpg,images_OBJ004,3,OBJ004_065.jpg
/content/data/IE7615 Deep Learning for AI/images_OBJ062/OBJ062_016.jpg,images_OBJ062,61,OBJ062_016.jpg
/content/data/IE7615 Deep Learning for AI/images_OBJ048/OBJ048_004.jpg,images_OBJ048,47,OBJ048_004.jpg
/content/data/IE7615 Deep Learning for AI/images_OBJ061/OBJ061_030.jpg,images_OBJ061,60,OBJ061_030.jpg
/content/data/IE7615 Deep Learning for AI/images_OBJ020/OBJ020_073.jpg,images_OBJ020,19,OBJ020_073.jpg
/content/data/IE7615 Deep Learning for AI/images_OBJ009/OBJ009_017.jpg,images_OBJ009,8,OBJ009_017.jpg
/content/data/IE7615 Deep Learning for AI/images_OBJ046/OBJ046_058.jpg,images_OBJ046,45,OBJ046_058.jpg
/content/data/IE7615 Deep Learning for AI/images_OBJ064/OBJ064_089.jpg,images_OBJ064,63,OBJ064_089.jpg
/content/data/IE7615 Deep Learning for AI/images_OBJ022/OBJ022_048.jpeg,images_OBJ022,21,OBJ022_048.jpeg
/content/data/IE7615 Deep Learning for AI/images_OBJ056/OBJ056_010.jpg,images_OBJ056,55,OBJ056_010.jpg
/content/data/IE7615 Deep Learning for AI/images_OBJ071/OBJ071_069.jpg,images_OBJ071,70,OBJ071_069.jpg
/content/data/IE7615 Deep Learning for AI/images_OBJ065/OBJ065_048.jpg,images_OBJ065,64,OBJ065_048.jpg
/content/data/IE7615 Deep Learning for AI/images_OBJ060/OBJ060_71.JPG,images_OBJ060,59,OBJ060_71.JPG
/content/data/IE7615 Deep Learning for AI/images_OBJ031/OBJ031_087.jpg,images_OBJ031,30,OBJ031_087.jpg
/content/data/IE7615 Deep Learning for AI/images_OBJ016/OBJ016_027.jpg,images_OBJ016,15,OBJ016_027.jpg
/content/data/IE7615 Deep Learning for AI/images_OBJ039/OBJ039_090.jpg,images_OBJ039,38,OBJ039_090.jpg
/content/data/IE7615 Deep Learning for AI/images_OBJ067/OBJ067_0079.jpg,images_OBJ067,66,OBJ067_0079.jpg
/content/data/IE7615 Deep Learning for AI/images_OBJ065/OBJ065_045.jpg,images_OBJ065,64,OBJ065_045.jpg
/content/data/IE7615 Deep Learning for AI/images_OBJ056/OBJ056_046.jpg,images_OBJ056,55,OBJ056_046.jpg
/content/data/IE7615 Deep Learning for AI/images_OBJ004/OBJ004_090.jpg,images_OBJ004,3,OBJ004_090.jpg
/content/data/IE7615 Deep Learning for AI/images_OBJ037/OBJ037_065.jpg,images_OBJ037,36,OBJ037_065.jpg
/content/data/IE7615 Deep Learning for AI/images_OBJ071/OBJ071_050.jpg,images_OBJ071,70,OBJ071_050.jpg
/content/data/IE7615 Deep Learning for AI/images_OBJ055/OBJ055_035.jpg,images_OBJ055,54,OBJ055_035.jpg
/content/data/IE7615 Deep Learning for AI/images_OBJ012/OBJ012_045.jpg,images_OBJ012,11,OBJ012_045.jpg
/content/data/IE7615 Deep Learning for AI/images_OBJ048/OBJ048_059.jpg,images_OBJ048,47,OBJ048_059.jpg
/content/data/IE7615 Deep Learning for AI/images_OBJ019/OBJ019_070.jpg,images_OBJ019,18,OBJ019_070.jpg
/content/data/IE7615 Deep Learning for AI/images_OBJ055/OBJ055_030.jpg,images_OBJ055,54,OBJ055_030.jpg
/content/data/IE7615 Deep Learning for AI/images_OBJ063/OBJ063_028.jpg,images_OBJ063,62,OBJ063_028.jpg
/content/data/IE7615 Deep Learning for AI/images_OBJ009/OBJ009_065.jpg,images_OBJ009,8,OBJ009_065.jpg
/content/data/IE7615 Deep Learning for AI/images_OBJ018/OBJ018_019.jpg,images_OBJ018,17,OBJ018_019.jpg
/content/data/IE7615 Deep Learning for AI/images_OBJ044/OBJ044_071.jpg,images_OBJ044,43,OBJ044_071.jpg
/content/data/IE7615 Deep Learning for AI/images_OBJ007/OBJ007_065.jpg,images_OBJ007,6,OBJ007_065.jpg
/content/data/IE7615 Deep Learning for AI/images_OBJ016/OBJ016_013.jpg,images_OBJ016,15,OBJ016_013.jpg
/content/data/IE7615 Deep Learning for AI/images_OBJ040/OBJ040_052.JPG,images_OBJ040,39,OBJ040_052.JPG
/content/data/IE7615 Deep Learning for AI/images_OBJ009/OBJ009_030.jpg,images_OBJ009,8,OBJ009_030.jpg
/content/data/IE7615 Deep Learning for AI/images_OBJ037/OBJ037_067.jpg,images_OBJ037,36,OBJ037_067.jpg
/content/data/IE7615 Deep Learning for AI/images_OBJ021/OBJ021_022.jpg,images_OBJ021,20,OBJ021_022.jpg
/content/data/IE7615 Deep Learning for AI/images_OBJ041/OBJ041_064.jpg,images_OBJ041,40,OBJ041_064.jpg
/content/data/IE7615 Deep Learning for AI/images_OBJ028/OBJ028_088.jpg,images_OBJ028,27,OBJ028_088.jpg
/content/data/IE7615 Deep Learning for AI/images_OBJ014/sunglasses_028.jpeg,images_OBJ014,13,sunglasses_028.jpeg
/content/data/IE7615 Deep Learning for AI/images_OBJ038/OBJ038_071.jpg,images_OBJ038,37,OBJ038_071.jpg
/content/data/IE7615 Deep Learning for AI/images_OBJ003/OBJ003_038.jpg,images_OBJ003,2,OBJ003_038.jpg
/content/data/IE7615 Deep Learning for AI/images_OBJ002/OBJ002_067.jpg,images_OBJ002,1,OBJ002_067.jpg
/content/data/IE7615 Deep Learning for AI/images_OBJ051/OBJ051_040.jpg,images_OBJ051,50,OBJ051_040.jpg
/content/data/IE7615 Deep Learning for AI/images_OBJ066/OBJ066_021.jpg,images_OBJ066,65,OBJ066_021.jpg
/content/data/IE7615 Deep Learning for AI/images_OBJ057/OBJ057_023.jpg,images_OBJ057,56,OBJ057_023.jpg
/content/data/IE7615 Deep Learning for AI/images_OBJ043/OBJ043_059.jpg,images_OBJ043,42,OBJ043_059.jpg
/content/data/IE7615 Deep Learning for AI/images_OBJ045/OBJ045_088.jpg,images_OBJ045,44,OBJ045_088.jpg
/content/data/IE7615 Deep Learning for AI/images_OBJ059/OBJ059_023.jpg,images_OBJ059,58,OBJ059_023.jpg
/content/data/IE7615 Deep Learning for AI/images_OBJ039/OBJ039_046.jpg,images_OBJ039,38,OBJ039_046.jpg
/content/data/IE7615 Deep Learning for AI/images_OBJ027/OBJ027_044.jpg,images_OBJ027,26,OBJ027_044.jpg
/content/data/IE7615 Deep Learning for AI/images_OBJ016/OBJ016_040.jpg,images_OBJ016,15,OBJ016_040.jpg
/content/data/IE7615 Deep Learning for AI/images_OBJ004/OBJ004_008.jpg,images_OBJ004,3,OBJ004_008.jpg
/content/data/IE7615 Deep Learning for AI/images_OBJ067/OBJ067_0063.jpg,images_OBJ067,66,OBJ067_0063.jpg
/content/data/IE7615 Deep Learning for AI/images_OBJ063/OBJ063_077.jpg,images_OBJ063,62,OBJ063_077.jpg
/content/data/IE7615 Deep Learning for AI/images_OBJ071/OBJ071_060.jpg,images_OBJ071,70,OBJ071_060.jpg
/content/data/IE7615 Deep Learning for AI/images_OBJ065/OBJ065_073.jpg,images_OBJ065,64,OBJ065_073.jpg
/content/data/IE7615 Deep Learning for AI/images_OBJ015/OBJ015_052.jpg,images_OBJ015,14,OBJ015_052.jpg
/content/data/IE7615 Deep Learning for AI/images_OBJ041/OBJ041_078.jpg,images_OBJ041,40,OBJ041_078.jpg
/content/data/IE7615 Deep Learning for AI/images_OBJ038/OBJ038_020.jpg,images_OBJ038,37,OBJ038_020.jpg
/content/data/IE7615 Deep Learning for AI/images_OBJ030/OBJ030_030.jpg,images_OBJ030,29,OBJ030_030.jpg
/content/data/IE7615 Deep Learning for AI/images_OBJ023/OBJ023_057.JPG,images_OBJ023,22,OBJ023_057.JPG
/content/data/IE7615 Deep Learning for AI/images_OBJ065/OBJ065_033.jpg,images_OBJ065,64,OBJ065_033.jpg
/content/data/IE7615 Deep Learning for AI/images_OBJ016/OBJ016_060.jpg,images_OBJ016,15,OBJ016_060.jpg
/content/data/IE7615 Deep Learning for AI/images_OBJ019/OBJ019_045.jpg,images_OBJ019,18,OBJ019_045.jpg
/content/data/IE7615 Deep Learning for AI/images_OBJ057/OBJ057_027.jpg,images_OBJ057,56,OBJ057_027.jpg
/content/data/IE7615 Deep Learning for AI/images_OBJ068/OBJ068_028.jpg,images_OBJ068,67,OBJ068_028.jpg
/content/data/IE7615 Deep Learning for AI/images_OBJ046/OBJ046_057.jpg,images_OBJ046,45,OBJ046_057.jpg
/content/data/IE7615 Deep Learning for AI/images_OBJ062/OBJ062_012.jpg,images_OBJ062,61,OBJ062_012.jpg
/content/data/IE7615 Deep Learning for AI/images_OBJ040/OBJ040_051.JPG,images_OBJ040,39,OBJ040_051.JPG
/content/data/IE7615 Deep Learning for AI/images_OBJ042/OBJ042_076.jpg,images_OBJ042,41,OBJ042_076.jpg
/content/data/IE7615 Deep Learning for AI/images_OBJ029/OBJ029_038.jpg,images_OBJ029,28,OBJ029_038.jpg
/content/data/IE7615 Deep Learning for AI/images_OBJ058/OBJ058_040.jpg,images_OBJ058,57,OBJ058_040.jpg
/content/data/IE7615 Deep Learning for AI/images_OBJ004/OBJ004_100.jpg,images_OBJ004,3,OBJ004_100.jpg
/content/data/IE7615 Deep Learning for AI/images_OBJ052/OBJ052_009.jpg,images_OBJ052,51,OBJ052_009.jpg
/content/data/IE7615 Deep Learning for AI/images_OBJ068/OBJ068_017.jpg,images_OBJ068,67,OBJ068_017.jpg
/content/data/IE7615 Deep Learning for AI/images_OBJ045/OBJ045_038.jpg,images_OBJ045,44,OBJ045_038.jpg
/content/data/IE7615 Deep Learning for AI/images_OBJ027/OBJ027_070.jpg,images_OBJ027,26,OBJ027_070.jpg
/content/data/IE7615 Deep Learning for AI/images_OBJ012/OBJ012_039.jpg,images_OBJ012,11,OBJ012_039.jpg
/content/data/IE7615 Deep Learning for AI/images_OBJ010/OBJ010_001.jpg,images_OBJ010,9,OBJ010_001.jpg
/content/data/IE7615 Deep Learning for AI/images_OBJ044/OBJ044_056.jpg,images_OBJ044,43,OBJ044_056.jpg
/content/data/IE7615 Deep Learning for AI/images_OBJ051/OBJ051_054.jpg,images_OBJ051,50,OBJ051_054.jpg
/content/data/IE7615 Deep Learning for AI/images_OBJ022/OBJ022_070.jpeg,images_OBJ022,21,OBJ022_070.jpeg
/content/data/IE7615 Deep Learning for AI/images_OBJ046/OBJ046_040.jpg,images_OBJ046,45,OBJ046_040.jpg
/content/data/IE7615 Deep Learning for AI/images_OBJ043/OBJ043_016.jpg,images_OBJ043,42,OBJ043_016.jpg
/content/data/IE7615 Deep Learning for AI/images_OBJ039/OBJ039_025.jpg,images_OBJ039,38,OBJ039_025.jpg
/content/data/IE7615 Deep Learning for AI/images_OBJ005/OBJ005_028.jpg,images_OBJ005,4,OBJ005_028.jpg
/content/data/IE7615 Deep Learning for AI/images_OBJ004/OBJ004_016.jpg,images_OBJ004,3,OBJ004_016.jpg
/content/data/IE7615 Deep Learning for AI/images_OBJ048/OBJ048_066.jpg,images_OBJ048,47,OBJ048_066.jpg
/content/data/IE7615 Deep Learning for AI/images_OBJ066/OBJ066_071.jpg,images_OBJ066,65,OBJ066_071.jpg
/content/data/IE7615 Deep Learning for AI/images_OBJ046/OBJ046_072.jpg,images_OBJ046,45,OBJ046_072.jpg
/content/data/IE7615 Deep Learning for AI/images_OBJ046/OBJ046_067.jpg,images_OBJ046,45,OBJ046_067.jpg
/content/data/IE7615 Deep Learning for AI/images_OBJ040/OBJ040_036.JPG,images_OBJ040,39,OBJ040_036.JPG
/content/data/IE7615 Deep Learning for AI/images_OBJ017/OBJ017_073.jpg,images_OBJ017,16,OBJ017_073.jpg
/content/data/IE7615 Deep Learning for AI/images_OBJ046/OBJ046_037.jpg,images_OBJ046,45,OBJ046_037.jpg
/content/data/IE7615 Deep Learning for AI/images_OBJ045/OBJ045_004.jpg,images_OBJ045,44,OBJ045_004.jpg
/content/data/IE7615 Deep Learning for AI/images_OBJ055/OBJ055_049.jpg,images_OBJ055,54,OBJ055_049.jpg
/content/data/IE7615 Deep Learning for AI/images_OBJ050/OBJ050_050.jpg,images_OBJ050,49,OBJ050_050.jpg
/content/data/IE7615 Deep Learning for AI/images_OBJ019/OBJ019_061.jpg,images_OBJ019,18,OBJ019_061.jpg
/content/data/IE7615 Deep Learning for AI/images_OBJ045/OBJ045_083.jpg,images_OBJ045,44,OBJ045_083.jpg
/content/data/IE7615 Deep Learning for AI/images_OBJ040/OBJ040_028.JPG,images_OBJ040,39,OBJ040_028.JPG
/content/data/IE7615 Deep Learning for AI/images_OBJ028/OBJ028_071.jpg,images_OBJ028,27,OBJ028_071.jpg
/content/data/IE7615 Deep Learning for AI/images_OBJ021/OBJ021_040.jpg,images_OBJ021,20,OBJ021_040.jpg
/content/data/IE7615 Deep Learning for AI/images_OBJ049/OBJ049_025.jpg,images_OBJ049,48,OBJ049_025.jpg
/content/data/IE7615 Deep Learning for AI/images_OBJ053/OBJ053_052.jpg,images_OBJ053,52,OBJ053_052.jpg
/content/data/IE7615 Deep Learning for AI/images_OBJ001/OBJ001_038.jpg,images_OBJ001,0,OBJ001_038.jpg
/content/data/IE7615 Deep Learning for AI/images_OBJ063/OBJ063_048.jpg,images_OBJ063,62,OBJ063_048.jpg
/content/data/IE7615 Deep Learning for AI/images_OBJ029/OBJ029_033.jpg,images_OBJ029,28,OBJ029_033.jpg
/content/data/IE7615 Deep Learning for AI/images_OBJ073/OBJ073_045.jpg,images_OBJ073,72,OBJ073_045.jpg
/content/data/IE7615 Deep Learning for AI/images_OBJ033/OBJ033_011.jpg,images_OBJ033,32,OBJ033_011.jpg
/content/data/IE7615 Deep Learning for AI/images_OBJ044/OBJ044_046.jpg,images_OBJ044,43,OBJ044_046.jpg
/content/data/IE7615 Deep Learning for AI/images_OBJ051/OBJ051_065.jpg,images_OBJ051,50,OBJ051_065.jpg
/content/data/IE7615 Deep Learning for AI/images_OBJ020/OBJ020_022.jpg,images_OBJ020,19,OBJ020_022.jpg
/content/data/IE7615 Deep Learning for AI/images_OBJ015/OBJ015_046.jpg,images_OBJ015,14,OBJ015_046.jpg
/content/data/IE7615 Deep Learning for AI/images_OBJ045/OBJ045_048.jpg,images_OBJ045,44,OBJ045_048.jpg
/content/data/IE7615 Deep Learning for AI/images_OBJ047/OBJ047_064.jpg,images_OBJ047,46,OBJ047_064.jpg
/content/data/IE7615 Deep Learning for AI/images_OBJ059/OBJ059_056.jpg,images_OBJ059,58,OBJ059_056.jpg
/content/data/IE7615 Deep Learning for AI/images_OBJ070/OBJ070_094.jpg,images_OBJ070,69,OBJ070_094.jpg
/content/data/IE7615 Deep Learning for AI/images_OBJ015/OBJ015_041.jpg,images_OBJ015,14,OBJ015_041.jpg
/content/data/IE7615 Deep Learning for AI/images_OBJ049/OBJ049_041.jpg,images_OBJ049,48,OBJ049_041.jpg
/content/data/IE7615 Deep Learning for AI/images_OBJ049/OBJ049_034.jpg,images_OBJ049,48,OBJ049_034.jpg
/content/data/IE7615 Deep Learning for AI/images_OBJ003/OBJ003_035.jpg,images_OBJ003,2,OBJ003_035.jpg
/content/data/IE7615 Deep Learning for AI/images_OBJ003/OBJ003_090.jpg,images_OBJ003,2,OBJ003_090.jpg
/content/data/IE7615 Deep Learning for AI/images_OBJ003/OBJ003_014.jpg,images_OBJ003,2,OBJ003_014.jpg
/content/data/IE7615 Deep Learning for AI/images_OBJ007/OBJ007_005.jpg,images_OBJ007,6,OBJ007_005.jpg
/content/data/IE7615 Deep Learning for AI/images_OBJ072/OBJ072_016.jpg,images_OBJ072,71,OBJ072_016.jpg
/content/data/IE7615 Deep Learning for AI/images_OBJ005/OBJ005_079.jpg,images_OBJ005,4,OBJ005_079.jpg
/content/data/IE7615 Deep Learning for AI/images_OBJ024/OBJ024_038.jpg,images_OBJ024,23,OBJ024_038.jpg
/content/data/IE7615 Deep Learning for AI/images_OBJ060/OBJ060_41.JPG,images_OBJ060,59,OBJ060_41.JPG
/content/data/IE7615 Deep Learning for AI/images_OBJ033/OBJ033_072.jpg,images_OBJ033,32,OBJ033_072.jpg
/content/data/IE7615 Deep Learning for AI/images_OBJ041/OBJ041_036.jpg,images_OBJ041,40,OBJ041_036.jpg
/content/data/IE7615 Deep Learning for AI/images_OBJ068/OBJ068_029.jpg,images_OBJ068,67,OBJ068_029.jpg
/content/data/IE7615 Deep Learning for AI/images_OBJ069/OBJ069_067.jpg,images_OBJ069,68,OBJ069_067.jpg
/content/data/IE7615 Deep Learning for AI/images_OBJ059/OBJ059_073.jpg,images_OBJ059,58,OBJ059_073.jpg
/content/data/IE7615 Deep Learning for AI/images_OBJ009/OBJ009_087.jpg,images_OBJ009,8,OBJ009_087.jpg
/content/data/IE7615 Deep Learning for AI/images_OBJ035/OBJ035_068.jpg,images_OBJ035,34,OBJ035_068.jpg
/content/data/IE7615 Deep Learning for AI/images_OBJ070/OBJ070_082.jpg,images_OBJ070,69,OBJ070_082.jpg
/content/data/IE7615 Deep Learning for AI/images_OBJ066/OBJ066_062.jpg,images_OBJ066,65,OBJ066_062.jpg
/content/data/IE7615 Deep Learning for AI/images_OBJ007/OBJ007_026.jpg,images_OBJ007,6,OBJ007_026.jpg
/content/data/IE7615 Deep Learning for AI/images_OBJ040/OBJ040_038.JPG,images_OBJ040,39,OBJ040_038.JPG
/content/data/IE7615 Deep Learning for AI/images_OBJ069/OBJ069_054.jpg,images_OBJ069,68,OBJ069_054.jpg
/content/data/IE7615 Deep Learning for AI/images_OBJ006/OBJ006_045.jpg,images_OBJ006,5,OBJ006_045.jpg
/content/data/IE7615 Deep Learning for AI/images_OBJ029/OBJ029_053.jpg,images_OBJ029,28,OBJ029_053.jpg
/content/data/IE7615 Deep Learning for AI/images_OBJ004/OBJ004_040.jpg,images_OBJ004,3,OBJ004_040.jpg
/content/data/IE7615 Deep Learning for AI/images_OBJ003/OBJ003_067.jpg,images_OBJ003,2,OBJ003_067.jpg
/content/data/IE7615 Deep Learning for AI/images_OBJ011/OBJ011_076.jpg,images_OBJ011,10,OBJ011_076.jpg
/content/data/IE7615 Deep Learning for AI/images_OBJ043/OBJ043_077.jpg,images_OBJ043,42,OBJ043_077.jpg
/content/data/IE7615 Deep Learning for AI/images_OBJ001/OBJ001_031.jpg,images_OBJ001,0,OBJ001_031.jpg
/content/data/IE7615 Deep Learning for AI/images_OBJ059/OBJ059_061.jpg,images_OBJ059,58,OBJ059_061.jpg
/content/data/IE7615 Deep Learning for AI/images_OBJ016/OBJ016_021.jpg,images_OBJ016,15,OBJ016_021.jpg
/content/data/IE7615 Deep Learning for AI/images_OBJ002/OBJ002_050.jpg,images_OBJ002,1,OBJ002_050.jpg
/content/data/IE7615 Deep Learning for AI/images_OBJ035/OBJ035_055.jpg,images_OBJ035,34,OBJ035_055.jpg
/content/data/IE7615 Deep Learning for AI/images_OBJ020/OBJ020_025.jpg,images_OBJ020,19,OBJ020_025.jpg
/content/data/IE7615 Deep Learning for AI/images_OBJ030/OBJ030_078.jpg,images_OBJ030,29,OBJ030_078.jpg
/content/data/IE7615 Deep Learning for AI/images_OBJ012/OBJ012_070.jpg,images_OBJ012,11,OBJ012_070.jpg
/content/data/IE7615 Deep Learning for AI/images_OBJ042/OBJ042_035.jpg,images_OBJ042,41,OBJ042_035.jpg
/content/data/IE7615 Deep Learning for AI/images_OBJ012/OBJ012_047.jpg,images_OBJ012,11,OBJ012_047.jpg
/content/data/IE7615 Deep Learning for AI/images_OBJ031/OBJ031_054.jpg,images_OBJ031,30,OBJ031_054.jpg
/content/data/IE7615 Deep Learning for AI/images_OBJ032/OBJ032_053.jpg,images_OBJ032,31,OBJ032_053.jpg
/content/data/IE7615 Deep Learning for AI/images_OBJ059/OBJ059_009.jpg,images_OBJ059,58,OBJ059_009.jpg
/content/data/IE7615 Deep Learning for AI/images_OBJ002/OBJ002_014.jpg,images_OBJ002,1,OBJ002_014.jpg
/content/data/IE7615 Deep Learning for AI/images_OBJ014/sunglasses_055.jpeg,images_OBJ014,13,sunglasses_055.jpeg
/content/data/IE7615 Deep Learning for AI/images_OBJ004/OBJ004_068.jpg,images_OBJ004,3,OBJ004_068.jpg
/content/data/IE7615 Deep Learning for AI/images_OBJ026/OBJ026_003.jpg,images_OBJ026,25,OBJ026_003.jpg
/content/data/IE7615 Deep Learning for AI/images_OBJ006/OBJ006_027.jpg,images_OBJ006,5,OBJ006_027.jpg
/content/data/IE7615 Deep Learning for AI/images_OBJ022/OBJ022_026.jpeg,images_OBJ022,21,OBJ022_026.jpeg
/content/data/IE7615 Deep Learning for AI/images_OBJ040/OBJ040_080.JPG,images_OBJ040,39,OBJ040_080.JPG
/content/data/IE7615 Deep Learning for AI/images_OBJ063/OBJ063_094.jpg,images_OBJ063,62,OBJ063_094.jpg
/content/data/IE7615 Deep Learning for AI/images_OBJ019/OBJ019_009.jpg,images_OBJ019,18,OBJ019_009.jpg
/content/data/IE7615 Deep Learning for AI/images_OBJ068/OBJ068_034.jpg,images_OBJ068,67,OBJ068_034.jpg
/content/data/IE7615 Deep Learning for AI/images_OBJ064/OBJ064_084.jpg,images_OBJ064,63,OBJ064_084.jpg
/content/data/IE7615 Deep Learning for AI/images_OBJ047/OBJ047_013.jpg,images_OBJ047,46,OBJ047_013.jpg
/content/data/IE7615 Deep Learning for AI/images_OBJ041/OBJ041_073.jpg,images_OBJ041,40,OBJ041_073.jpg
/content/data/IE7615 Deep Learning for AI/images_OBJ008/OBJ008_064.jpg,images_OBJ008,7,OBJ008_064.jpg
/content/data/IE7615 Deep Learning for AI/images_OBJ020/OBJ020_089.jpg,images_OBJ020,19,OBJ020_089.jpg
/content/data/IE7615 Deep Learning for AI/images_OBJ035/OBJ035_085.jpg,images_OBJ035,34,OBJ035_085.jpg
/content/data/IE7615 Deep Learning for AI/images_OBJ056/OBJ056_034.jpg,images_OBJ056,55,OBJ056_034.jpg
/content/data/IE7615 Deep Learning for AI/images_OBJ013/OBJ013_069.jpg,images_OBJ013,12,OBJ013_069.jpg
/content/data/IE7615 Deep Learning for AI/images_OBJ012/OBJ012_003.jpg,images_OBJ012,11,OBJ012_003.jpg
/content/data/IE7615 Deep Learning for AI/images_OBJ035/OBJ035_042.jpg,images_OBJ035,34,OBJ035_042.jpg
/content/data/IE7615 Deep Learning for AI/images_OBJ069/OBJ069_078.jpg,images_OBJ069,68,OBJ069_078.jpg
/content/data/IE7615 Deep Learning for AI/images_OBJ014/sunglasses_023.jpeg,images_OBJ014,13,sunglasses_023.jpeg
/content/data/IE7615 Deep Learning for AI/images_OBJ017/OBJ017_099.jpg,images_OBJ017,16,OBJ017_099.jpg
/content/data/IE7615 Deep Learning for AI/images_OBJ034/OBJ034_054.jpg,images_OBJ034,33,OBJ034_054.jpg
/content/data/IE7615 Deep Learning for AI/images_OBJ069/OBJ069_085.jpg,images_OBJ069,68,OBJ069_085.jpg
/content/data/IE7615 Deep Learning for AI/images_OBJ024/OBJ024_046.jpg,images_OBJ024,23,OBJ024_046.jpg
/content/data/IE7615 Deep Learning for AI/images_OBJ012/OBJ012_004.jpg,images_OBJ012,11,OBJ012_004.jpg
/content/data/IE7615 Deep Learning for AI/images_OBJ051/OBJ051_096.jpg,images_OBJ051,50,OBJ051_096.jpg
/content/data/IE7615 Deep Learning for AI/images_OBJ041/OBJ041_055.jpg,images_OBJ041,40,OBJ041_055.jpg
/content/data/IE7615 Deep Learning for AI/images_OBJ026/OBJ026_075.jpg,images_OBJ026,25,OBJ026_075.jpg
/content/data/IE7615 Deep Learning for AI/images_OBJ039/OBJ039_050.jpg,images_OBJ039,38,OBJ039_050.jpg
/content/data/IE7615 Deep Learning for AI/images_OBJ045/OBJ045_046.jpg,images_OBJ045,44,OBJ045_046.jpg
/content/data/IE7615 Deep Learning for AI/images_OBJ053/OBJ053_008.jpg,images_OBJ053,52,OBJ053_008.jpg
/content/data/IE7615 Deep Learning for AI/images_OBJ073/OBJ073_072.jpg,images_OBJ073,72,OBJ073_072.jpg
/content/data/IE7615 Deep Learning for AI/images_OBJ036/OBJ036_031.jpg,images_OBJ036,35,OBJ036_031.jpg
/content/data/IE7615 Deep Learning for AI/images_OBJ072/OBJ072_073.jpg,images_OBJ072,71,OBJ072_073.jpg
/content/data/IE7615 Deep Learning for AI/images_OBJ068/OBJ068_003.jpg,images_OBJ068,67,OBJ068_003.jpg
/content/data/IE7615 Deep Learning for AI/images_OBJ012/OBJ012_066.jpg,images_OBJ012,11,OBJ012_066.jpg
/content/data/IE7615 Deep Learning for AI/images_OBJ073/OBJ073_034.jpg,images_OBJ073,72,OBJ073_034.jpg
/content/data/IE7615 Deep Learning for AI/images_OBJ005/OBJ005_049.jpg,images_OBJ005,4,OBJ005_049.jpg
/content/data/IE7615 Deep Learning for AI/images_OBJ047/OBJ047_017.jpg,images_OBJ047,46,OBJ047_017.jpg
/content/data/IE7615 Deep Learning for AI/images_OBJ010/OBJ010_023.jpg,images_OBJ010,9,OBJ010_023.jpg
/content/data/IE7615 Deep Learning for AI/images_OBJ001/OBJ001_043.jpg,images_OBJ001,0,OBJ001_043.jpg
/content/data/IE7615 Deep Learning for AI/images_OBJ034/OBJ034_019.jpg,images_OBJ034,33,OBJ034_019.jpg
/content/data/IE7615 Deep Learning for AI/images_OBJ044/OBJ044_031.jpg,images_OBJ044,43,OBJ044_031.jpg
/content/data/IE7615 Deep Learning for AI/images_OBJ049/OBJ049_014.jpg,images_OBJ049,48,OBJ049_014.jpg
/content/data/IE7615 Deep Learning for AI/images_OBJ065/OBJ065_003.jpg,images_OBJ065,64,OBJ065_003.jpg
/content/data/IE7615 Deep Learning for AI/images_OBJ013/OBJ013_016.jpg,images_OBJ013,12,OBJ013_016.jpg
/content/data/IE7615 Deep Learning for AI/images_OBJ045/OBJ045_049.jpg,images_OBJ045,44,OBJ045_049.jpg
/content/data/IE7615 Deep Learning for AI/images_OBJ070/OBJ070_019.jpg,images_OBJ070,69,OBJ070_019.jpg
/content/data/IE7615 Deep Learning for AI/images_OBJ013/OBJ013_035.jpg,images_OBJ013,12,OBJ013_035.jpg
/content/data/IE7615 Deep Learning for AI/images_OBJ058/OBJ058_052.jpg,images_OBJ058,57,OBJ058_052.jpg
/content/data/IE7615 Deep Learning for AI/images_OBJ014/sunglasses_079.jpeg,images_OBJ014,13,sunglasses_079.jpeg
/content/data/IE7615 Deep Learning for AI/images_OBJ058/OBJ058_071.jpg,images_OBJ058,57,OBJ058_071.jpg
/content/data/IE7615 Deep Learning for AI/images_OBJ046/OBJ046_066.jpg,images_OBJ046,45,OBJ046_066.jpg
/content/data/IE7615 Deep Learning for AI/images_OBJ015/OBJ015_074.jpg,images_OBJ015,14,OBJ015_074.jpg
/content/data/IE7615 Deep Learning for AI/images_OBJ030/OBJ030_074.jpg,images_OBJ030,29,OBJ030_074.jpg
/content/data/IE7615 Deep Learning for AI/images_OBJ072/OBJ072_020.jpg,images_OBJ072,71,OBJ072_020.jpg
/content/data/IE7615 Deep Learning for AI/images_OBJ049/OBJ049_044.jpg,images_OBJ049,48,OBJ049_044.jpg
/content/data/IE7615 Deep Learning for AI/images_OBJ009/OBJ009_016.jpg,images_OBJ009,8,OBJ009_016.jpg
/content/data/IE7615 Deep Learning for AI/images_OBJ050/OBJ050_088.jpg,images_OBJ050,49,OBJ050_088.jpg
/content/data/IE7615 Deep Learning for AI/images_OBJ033/OBJ033_067.jpg,images_OBJ033,32,OBJ033_067.jpg
/content/data/IE7615 Deep Learning for AI/images_OBJ006/OBJ006_064.jpg,images_OBJ006,5,OBJ006_064.jpg
/content/data/IE7615 Deep Learning for AI/images_OBJ056/OBJ056_088.jpg,images_OBJ056,55,OBJ056_088.jpg
/content/data/IE7615 Deep Learning for AI/images_OBJ043/OBJ043_060.jpg,images_OBJ043,42,OBJ043_060.jpg
/content/data/IE7615 Deep Learning for AI/images_OBJ054/OBJ054_032.jpg,images_OBJ054,53,OBJ054_032.jpg
/content/data/IE7615 Deep Learning for AI/images_OBJ072/OBJ072_049.jpg,images_OBJ072,71,OBJ072_049.jpg
/content/data/IE7615 Deep Learning for AI/images_OBJ009/OBJ009_080.jpg,images_OBJ009,8,OBJ009_080.jpg
/content/data/IE7615 Deep Learning for AI/images_OBJ045/OBJ045_032.jpg,images_OBJ045,44,OBJ045_032.jpg
/content/data/IE7615 Deep Learning for AI/images_OBJ007/OBJ007_003.jpg,images_OBJ007,6,OBJ007_003.jpg
/content/data/IE7615 Deep Learning for AI/images_OBJ025/OBJ025_072.jpg,images_OBJ025,24,OBJ025_072.jpg
/content/data/IE7615 Deep Learning for AI/images_OBJ068/OBJ068_018.jpg,images_OBJ068,67,OBJ068_018.jpg
/content/data/IE7615 Deep Learning for AI/images_OBJ051/OBJ051_060.jpg,images_OBJ051,50,OBJ051_060.jpg
/content/data/IE7615 Deep Learning for AI/images_OBJ014/sunglasses_088.jpeg,images_OBJ014,13,sunglasses_088.jpeg
/content/data/IE7615 Deep Learning for AI/images_OBJ018/OBJ018_078.jpg,images_OBJ018,17,OBJ018_078.jpg
/content/data/IE7615 Deep Learning for AI/images_OBJ068/OBJ068_057.jpg,images_OBJ068,67,OBJ068_057.jpg
/content/data/IE7615 Deep Learning for AI/images_OBJ073/OBJ073_014.jpg,images_OBJ073,72,OBJ073_014.jpg
/content/data/IE7615 Deep Learning for AI/images_OBJ051/OBJ051_076.jpg,images_OBJ051,50,OBJ051_076.jpg
/content/data/IE7615 Deep Learning for AI/images_OBJ016/OBJ016_082.jpg,images_OBJ016,15,OBJ016_082.jpg
/content/data/IE7615 Deep Learning for AI/images_OBJ051/OBJ051_013.jpg,images_OBJ051,50,OBJ051_013.jpg
/content/data/IE7615 Deep Learning for AI/images_OBJ026/OBJ026_082.jpg,images_OBJ026,25,OBJ026_082.jpg
/content/data/IE7615 Deep Learning for AI/images_OBJ008/OBJ008_068.jpg,images_OBJ008,7,OBJ008_068.jpg
/content/data/IE7615 Deep Learning for AI/images_OBJ068/OBJ068_073.jpg,images_OBJ068,67,OBJ068_073.jpg
/content/data/IE7615 Deep Learning for AI/images_OBJ022/OBJ022_095.jpeg,images_OBJ022,21,OBJ022_095.jpeg
/content/data/IE7615 Deep Learning for AI/images_OBJ065/OBJ065_031.jpg,images_OBJ065,64,OBJ065_031.jpg
/content/data/IE7615 Deep Learning for AI/images_OBJ003/OBJ003_086.jpg,images_OBJ003,2,OBJ003_086.jpg
/content/data/IE7615 Deep Learning for AI/images_OBJ048/OBJ048_085.jpg,images_OBJ048,47,OBJ048_085.jpg
/content/data/IE7615 Deep Learning for AI/images_OBJ007/OBJ007_013.jpg,images_OBJ007,6,OBJ007_013.jpg
/content/data/IE7615 Deep Learning for AI/images_OBJ041/OBJ041_061.jpg,images_OBJ041,40,OBJ041_061.jpg
/content/data/IE7615 Deep Learning for AI/images_OBJ013/OBJ013_026.jpg,images_OBJ013,12,OBJ013_026.jpg
/content/data/IE7615 Deep Learning for AI/images_OBJ032/OBJ032_023.jpg,images_OBJ032,31,OBJ032_023.jpg
/content/data/IE7615 Deep Learning for AI/images_OBJ027/OBJ027_075.jpg,images_OBJ027,26,OBJ027_075.jpg
/content/data/IE7615 Deep Learning for AI/images_OBJ069/OBJ069_030.jpg,images_OBJ069,68,OBJ069_030.jpg
/content/data/IE7615 Deep Learning for AI/images_OBJ047/OBJ047_050.jpg,images_OBJ047,46,OBJ047_050.jpg
/content/data/IE7615 Deep Learning for AI/images_OBJ064/OBJ064_013.jpg,images_OBJ064,63,OBJ064_013.jpg
/content/data/IE7615 Deep Learning for AI/images_OBJ065/OBJ065_054.jpg,images_OBJ065,64,OBJ065_054.jpg
/content/data/IE7615 Deep Learning for AI/images_OBJ008/OBJ008_087.jpg,images_OBJ008,7,OBJ008_087.jpg
/content/data/IE7615 Deep Learning for AI/images_OBJ047/OBJ047_084.jpg,images_OBJ047,46,OBJ047_084.jpg
/content/data/IE7615 Deep Learning for AI/images_OBJ005/OBJ005_060.jpg,images_OBJ005,4,OBJ005_060.jpg
/content/data/IE7615 Deep Learning for AI/images_OBJ052/OBJ052_041.jpg,images_OBJ052,51,OBJ052_041.jpg
/content/data/IE7615 Deep Learning for AI/images_OBJ030/OBJ030_058.jpg,images_OBJ030,29,OBJ030_058.jpg
/content/data/IE7615 Deep Learning for AI/images_OBJ004/OBJ004_069.jpg,images_OBJ004,3,OBJ004_069.jpg
/content/data/IE7615 Deep Learning for AI/images_OBJ023/OBJ023_066.JPG,images_OBJ023,22,OBJ023_066.JPG
/content/data/IE7615 Deep Learning for AI/images_OBJ055/OBJ055_055.jpg,images_OBJ055,54,OBJ055_055.jpg
/content/data/IE7615 Deep Learning for AI/images_OBJ041/OBJ041_033.jpg,images_OBJ041,40,OBJ041_033.jpg
/content/data/IE7615 Deep Learning for AI/images_OBJ052/OBJ052_080.jpg,images_OBJ052,51,OBJ052_080.jpg
/content/data/IE7615 Deep Learning for AI/images_OBJ043/OBJ043_014.jpg,images_OBJ043,42,OBJ043_014.jpg
/content/data/IE7615 Deep Learning for AI/images_OBJ002/OBJ002_060.jpg,images_OBJ002,1,OBJ002_060.jpg
