path,label,label_idx
images_OBJ021/OBJ021_060.jpg,images_OBJ021,20
images_OBJ006/OBJ006_069.jpg,images_OBJ006,5
images_OBJ038/OBJ038_057.jpg,images_OBJ038,37
images_OBJ015/OBJ015_041.jpg,images_OBJ015,14
images_OBJ050/OBJ050_bg_004.jpg,images_OBJ050,49
images_OBJ013/OBJ013_010.jpg,images_OBJ013,12
images_OBJ050/OBJ050_036.jpg,images_OBJ050,49
images_OBJ038/OBJ038_083.jpg,images_OBJ038,37
images_OBJ050/OBJ050_003.jpg,images_OBJ050,49
images_OBJ057/OBJ057_063.jpg,images_OBJ057,56
images_OBJ040/OBJ040_079.JPG,images_OBJ040,39
images_OBJ005/OBJ005_081.jpg,images_OBJ005,4
images_OBJ052/OBJ052_010.jpg,images_OBJ052,51
images_OBJ057/OBJ057_006.jpg,images_OBJ057,56
images_OBJ016/OBJ016_078.jpg,images_OBJ016,15
images_OBJ033/OBJ033_042.jpg,images_OBJ033,32
images_OBJ005/OBJ005_051.jpg,images_OBJ005,4
images_OBJ017/OBJ017_042.jpg,images_OBJ017,16
images_OBJ028/OBJ028_038.jpg,images_OBJ028,27
images_OBJ062/OBJ062_017.jpg,images_OBJ062,61
images_OBJ035/OBJ035_034.jpg,images_OBJ035,34
images_OBJ031/OBJ031_065.jpg,images_OBJ031,30
images_OBJ042/OBJ042_070.jpg,images_OBJ042,41
images_OBJ003/OBJ003_056.jpg,images_OBJ003,2
images_OBJ046/OBJ046_bg_001.jpg,images_OBJ046,45
images_OBJ004/OBJ004_010.jpg,images_OBJ004,3
images_OBJ045/OBJ045_069.jpg,images_OBJ045,44
images_OBJ043/OBJ043_088.jpg,images_OBJ043,42
images_OBJ010/OBJ010_010.jpg,images_OBJ010,9
images_OBJ073/OBJ073_048.jpg,images_OBJ073,72
images_OBJ003/OBJ003_091.jpg,images_OBJ003,2
images_OBJ054/OBJ054_062.jpg,images_OBJ054,53
images_OBJ005/OBJ005_038.jpg,images_OBJ005,4
images_OBJ057/OBJ057_057.jpg,images_OBJ057,56
images_OBJ072/OBJ072_021.jpg,images_OBJ072,71
images_OBJ049/OBJ049_057.jpg,images_OBJ049,48
images_OBJ031/OBJ031_017.jpg,images_OBJ031,30
images_OBJ067/OBJ067_0043.jpg,images_OBJ067,66
images_OBJ060/OBJ060_91.JPG,images_OBJ060,59
images_OBJ025/OBJ025_074.jpg,images_OBJ025,24
images_OBJ054/OBJ054_054.jpg,images_OBJ054,53
images_OBJ043/OBJ043_016.jpg,images_OBJ043,42
images_OBJ027/OBJ027_042.jpg,images_OBJ027,26
images_OBJ047/OBJ047_019.jpg,images_OBJ047,46
images_OBJ046/OBJ046_006.jpg,images_OBJ046,45
images_OBJ073/OBJ073_084.jpg,images_OBJ073,72
images_OBJ018/OBJ018_055.jpg,images_OBJ018,17
images_OBJ011/OBJ011_056.jpg,images_OBJ011,10
images_OBJ070/OBJ070_082.jpg,images_OBJ070,69
images_OBJ044/OBJ044_060.jpg,images_OBJ044,43
images_OBJ035/OBJ035_009.jpg,images_OBJ035,34
images_OBJ036/OBJ036_006.jpg,images_OBJ036,35
images_OBJ039/OBJ039_028.jpg,images_OBJ039,38
images_OBJ051/OBJ051_016.jpg,images_OBJ051,50
images_OBJ010/OBJ010_068.jpg,images_OBJ010,9
images_OBJ063/OBJ063_031.jpg,images_OBJ063,62
images_OBJ021/OBJ021_055.jpg,images_OBJ021,20
images_OBJ025/OBJ025_076.jpg,images_OBJ025,24
images_OBJ052/OBJ052_035.jpg,images_OBJ052,51
images_OBJ018/OBJ018_083.jpg,images_OBJ018,17
images_OBJ021/OBJ021_089.jpg,images_OBJ021,20
images_OBJ024/OBJ024_039.jpg,images_OBJ024,23
images_OBJ054/OBJ054_065.jpg,images_OBJ054,53
images_OBJ034/OBJ034_022.jpg,images_OBJ034,33
images_OBJ003/OBJ003_026.jpg,images_OBJ003,2
images_OBJ030/OBJ030_031.jpg,images_OBJ030,29
images_OBJ071/OBJ071_021.jpg,images_OBJ071,70
images_OBJ022/OBJ022_020.jpeg,images_OBJ022,21
images_OBJ010/OBJ010_051.jpg,images_OBJ010,9
images_OBJ008/OBJ008_046.jpg,images_OBJ008,7
images_OBJ031/OBJ031_090.jpg,images_OBJ031,30
images_OBJ014/sunglasses_bg_004.jpeg,images_OBJ014,13
images_OBJ020/OBJ020_007.jpg,images_OBJ020,19
images_OBJ065/OBJ065_068.jpg,images_OBJ065,64
images_OBJ029/OBJ029_043.jpg,images_OBJ029,28
images_OBJ003/OBJ003_093.jpg,images_OBJ003,2
images_OBJ065/OBJ065_049.jpg,images_OBJ065,64
images_OBJ021/OBJ021_057.jpg,images_OBJ021,20
images_OBJ053/OBJ053_bg_002.jpg,images_OBJ053,52
images_OBJ041/OBJ041_035.jpg,images_OBJ041,40
images_OBJ025/OBJ025_022.jpg,images_OBJ025,24
images_OBJ010/OBJ010_080.jpg,images_OBJ010,9
images_OBJ043/OBJ043_045.jpg,images_OBJ043,42
images_OBJ040/OBJ040_066.JPG,images_OBJ040,39
images_OBJ065/OBJ065_022.jpg,images_OBJ065,64
images_OBJ049/OBJ049_063.jpg,images_OBJ049,48
images_OBJ044/OBJ044_047.jpg,images_OBJ044,43
images_OBJ008/OBJ008_018.jpg,images_OBJ008,7
images_OBJ006/OBJ006_bg_005.jpg,images_OBJ006,5
images_OBJ014/sunglasses_090.jpeg,images_OBJ014,13
images_OBJ008/OBJ008_020.jpg,images_OBJ008,7
images_OBJ065/OBJ065_052.jpg,images_OBJ065,64
images_OBJ055/OBJ055_052.jpg,images_OBJ055,54
images_OBJ053/OBJ053_041.jpg,images_OBJ053,52
images_OBJ014/sunglasses_060.jpeg,images_OBJ014,13
images_OBJ020/OBJ020_033.jpg,images_OBJ020,19
images_OBJ011/OBJ011_059.jpg,images_OBJ011,10
images_OBJ019/OBJ019_056.jpg,images_OBJ019,18
images_OBJ067/OBJ067_0050.jpg,images_OBJ067,66
images_OBJ009/OBJ009_045.jpg,images_OBJ009,8
images_OBJ002/OBJ002_bg_002.jpg,images_OBJ002,1
images_OBJ038/OBJ038_018.jpg,images_OBJ038,37
images_OBJ019/OBJ019_071.jpg,images_OBJ019,18
images_OBJ045/OBJ045_050.jpg,images_OBJ045,44
images_OBJ051/OBJ051_101.jpg,images_OBJ051,50
images_OBJ018/OBJ018_028.jpg,images_OBJ018,17
images_OBJ050/OBJ050_075.jpg,images_OBJ050,49
images_OBJ015/OBJ015_085.jpg,images_OBJ015,14
images_OBJ027/OBJ027_bg_003.jpg,images_OBJ027,26
images_OBJ052/OBJ052_073.jpg,images_OBJ052,51
images_OBJ038/OBJ038_009.jpg,images_OBJ038,37
images_OBJ061/OBJ061_078.jpg,images_OBJ061,60
images_OBJ062/OBJ062_070.jpg,images_OBJ062,61
images_OBJ066/OBJ066_094.jpg,images_OBJ066,65
images_OBJ051/OBJ051_037.jpg,images_OBJ051,50
images_OBJ068/OBJ068_008.jpg,images_OBJ068,67
images_OBJ036/OBJ036_005.jpg,images_OBJ036,35
images_OBJ047/OBJ047_075.jpg,images_OBJ047,46
images_OBJ004/OBJ004_071.jpg,images_OBJ004,3
images_OBJ060/OBJ060_22.JPG,images_OBJ060,59
images_OBJ070/OBJ070_003.jpg,images_OBJ070,69
images_OBJ069/OBJ069_010.jpg,images_OBJ069,68
images_OBJ028/OBJ028_044.jpg,images_OBJ028,27
images_OBJ025/OBJ025_015.jpg,images_OBJ025,24
images_OBJ046/OBJ046_031.jpg,images_OBJ046,45
images_OBJ063/OBJ063_080.jpg,images_OBJ063,62
images_OBJ041/OBJ041_017.jpg,images_OBJ041,40
images_OBJ018/OBJ018_023.jpg,images_OBJ018,17
images_OBJ069/OBJ069_026.jpg,images_OBJ069,68
images_OBJ032/OBJ032_003.jpg,images_OBJ032,31
images_OBJ056/OBJ056_079.jpg,images_OBJ056,55
images_OBJ067/OBJ067_0022.jpg,images_OBJ067,66
images_OBJ002/OBJ002_064.jpg,images_OBJ002,1
images_OBJ070/OBJ070_010.jpg,images_OBJ070,69
images_OBJ010/OBJ010_074.jpg,images_OBJ010,9
images_OBJ060/OBJ060_6.JPG,images_OBJ060,59
images_OBJ058/OBJ058_013.jpg,images_OBJ058,57
images_OBJ070/OBJ070_009.jpg,images_OBJ070,69
images_OBJ059/OBJ059_087.jpg,images_OBJ059,58
images_OBJ045/OBJ045_bg_002.jpg,images_OBJ045,44
images_OBJ002/OBJ002_011.jpg,images_OBJ002,1
images_OBJ071/OBJ071_083.jpg,images_OBJ071,70
images_OBJ046/OBJ046_075.jpg,images_OBJ046,45
images_OBJ066/OBJ066_068.jpg,images_OBJ066,65
images_OBJ034/OBJ034_005.jpg,images_OBJ034,33
images_OBJ056/OBJ056_017.jpg,images_OBJ056,55
images_OBJ041/OBJ041_085.jpg,images_OBJ041,40
images_OBJ041/OBJ041_073.jpg,images_OBJ041,40
images_OBJ027/OBJ027_015.jpg,images_OBJ027,26
images_OBJ037/OBJ037_057.jpg,images_OBJ037,36
images_OBJ021/OBJ021_033.jpg,images_OBJ021,20
images_OBJ071/OBJ071_089.jpg,images_OBJ071,70
images_OBJ040/OBJ040_087.JPG,images_OBJ040,39
images_OBJ041/OBJ041_018.jpg,images_OBJ041,40
images_OBJ058/OBJ058_084.jpg,images_OBJ058,57
images_OBJ014/sunglasses_004.jpeg,images_OBJ014,13
images_OBJ030/OBJ030_087.jpg,images_OBJ030,29
images_OBJ061/OBJ061_bg_003.jpg,images_OBJ061,60
images_OBJ002/OBJ002_085.jpg,images_OBJ002,1
images_OBJ005/OBJ005_028.jpg,images_OBJ005,4
images_OBJ059/OBJ059_035.jpg,images_OBJ059,58
images_OBJ069/OBJ069_084.jpg,images_OBJ069,68
images_OBJ018/OBJ018_007.jpg,images_OBJ018,17
images_OBJ018/OBJ018_035.jpg,images_OBJ018,17
images_OBJ023/OBJ023_bg_005.JPG,images_OBJ023,22
images_OBJ072/OBJ072_015.jpg,images_OBJ072,71
images_OBJ016/OBJ016_057.jpg,images_OBJ016,15
images_OBJ038/OBJ038_092.jpg,images_OBJ038,37
images_OBJ060/OBJ060_45.JPG,images_OBJ060,59
images_OBJ008/OBJ008_041.jpg,images_OBJ008,7
images_OBJ019/OBJ019_030.jpg,images_OBJ019,18
images_OBJ065/OBJ065_069.jpg,images_OBJ065,64
images_OBJ037/OBJ037_077.jpg,images_OBJ037,36
images_OBJ019/OBJ019_001.jpg,images_OBJ019,18
images_OBJ034/OBJ034_086.jpg,images_OBJ034,33
images_OBJ004/OBJ004_097.jpg,images_OBJ004,3
images_OBJ064/OBJ064_095.jpg,images_OBJ064,63
images_OBJ025/OBJ025_031.jpg,images_OBJ025,24
images_OBJ011/OBJ011_018.jpg,images_OBJ011,10
images_OBJ002/OBJ002_042.jpg,images_OBJ002,1
images_OBJ018/OBJ018_016.jpg,images_OBJ018,17
images_OBJ022/OBJ022_004.jpeg,images_OBJ022,21
images_OBJ033/OBJ033_071.jpg,images_OBJ033,32
images_OBJ028/OBJ028_077.jpg,images_OBJ028,27
images_OBJ018/OBJ018_047.jpg,images_OBJ018,17
images_OBJ009/OBJ009_037.jpg,images_OBJ009,8
images_OBJ051/OBJ051_bg_001.jpg,images_OBJ051,50
images_OBJ030/OBJ030_054.jpg,images_OBJ030,29
images_OBJ006/OBJ006_020.jpg,images_OBJ006,5
images_OBJ063/OBJ063_073.jpg,images_OBJ063,62
images_OBJ045/OBJ045_060.jpg,images_OBJ045,44
images_OBJ020/OBJ020_076.jpg,images_OBJ020,19
images_OBJ066/OBJ066_022.jpg,images_OBJ066,65
images_OBJ019/OBJ019_049.jpg,images_OBJ019,18
images_OBJ014/sunglasses_069.jpeg,images_OBJ014,13
images_OBJ008/OBJ008_009.jpg,images_OBJ008,7
images_OBJ047/OBJ047_069.jpg,images_OBJ047,46
images_OBJ027/OBJ027_055.jpg,images_OBJ027,26
images_OBJ049/OBJ049_004.jpg,images_OBJ049,48
images_OBJ068/OBJ068_085.jpg,images_OBJ068,67
images_OBJ069/OBJ069_005.jpg,images_OBJ069,68
images_OBJ046/OBJ046_057.jpg,images_OBJ046,45
images_OBJ008/OBJ008_071.jpg,images_OBJ008,7
images_OBJ043/OBJ043_079.jpg,images_OBJ043,42
images_OBJ073/OBJ073_002.jpg,images_OBJ073,72
images_OBJ035/OBJ035_010.jpg,images_OBJ035,34
images_OBJ045/OBJ045_027.jpg,images_OBJ045,44
images_OBJ045/OBJ045_019.jpg,images_OBJ045,44
images_OBJ034/OBJ034_028.jpg,images_OBJ034,33
images_OBJ026/OBJ026_085.jpg,images_OBJ026,25
images_OBJ026/OBJ026_089.jpg,images_OBJ026,25
images_OBJ073/OBJ073_003.jpg,images_OBJ073,72
images_OBJ044/OBJ044_028.jpg,images_OBJ044,43
images_OBJ006/OBJ006_015.jpg,images_OBJ006,5
images_OBJ014/sunglasses_011.jpeg,images_OBJ014,13
images_OBJ015/OBJ015_bg_002.jpg,images_OBJ015,14
images_OBJ067/OBJ067_0094.jpg,images_OBJ067,66
images_OBJ065/OBJ065_095.jpg,images_OBJ065,64
images_OBJ040/OBJ040_031.JPG,images_OBJ040,39
images_OBJ063/OBJ063_032.jpg,images_OBJ063,62
images_OBJ055/OBJ055_034.jpg,images_OBJ055,54
images_OBJ004/OBJ004_021.jpg,images_OBJ004,3
images_OBJ006/OBJ006_bg_003.jpg,images_OBJ006,5
images_OBJ053/OBJ053_085.jpg,images_OBJ053,52
images_OBJ052/OBJ052_054.jpg,images_OBJ052,51
images_OBJ008/OBJ008_013.jpg,images_OBJ008,7
images_OBJ033/OBJ033_024.jpg,images_OBJ033,32
images_OBJ005/OBJ005_096.jpg,images_OBJ005,4
images_OBJ032/OBJ032_bg_01.jpg,images_OBJ032,31
images_OBJ044/OBJ044_022.jpg,images_OBJ044,43
images_OBJ016/OBJ016_023.jpg,images_OBJ016,15
images_OBJ013/OBJ013_005.jpg,images_OBJ013,12
images_OBJ062/OBJ062_046.jpg,images_OBJ062,61
images_OBJ025/OBJ025_083.jpg,images_OBJ025,24
images_OBJ035/OBJ035_082.jpg,images_OBJ035,34
images_OBJ001/OBJ001_086.jpg,images_OBJ001,0
images_OBJ014/sunglasses_082.jpeg,images_OBJ014,13
images_OBJ028/OBJ028_033.jpg,images_OBJ028,27
images_OBJ035/OBJ035_084.jpg,images_OBJ035,34
images_OBJ014/sunglasses_009.jpeg,images_OBJ014,13
images_OBJ050/OBJ050_061.jpg,images_OBJ050,49
images_OBJ038/OBJ038_046.jpg,images_OBJ038,37
images_OBJ043/OBJ043_078.jpg,images_OBJ043,42
images_OBJ043/OBJ043_061.jpg,images_OBJ043,42
images_OBJ036/OBJ036_057.jpg,images_OBJ036,35
images_OBJ001/OBJ001_039.jpg,images_OBJ001,0
images_OBJ002/OBJ002_081.jpg,images_OBJ002,1
images_OBJ073/OBJ073_011.jpg,images_OBJ073,72
images_OBJ070/OBJ070_008.jpg,images_OBJ070,69
images_OBJ043/OBJ043_033.jpg,images_OBJ043,42
images_OBJ072/OBJ072_057.jpg,images_OBJ072,71
images_OBJ048/OBJ048_008.jpg,images_OBJ048,47
images_OBJ033/OBJ033_065.jpg,images_OBJ033,32
images_OBJ018/OBJ018_012.jpg,images_OBJ018,17
images_OBJ064/OBJ064_006.jpg,images_OBJ064,63
images_OBJ055/OBJ055_020.jpg,images_OBJ055,54
images_OBJ052/OBJ052_090.jpg,images_OBJ052,51
images_OBJ024/OBJ024_067.jpg,images_OBJ024,23
images_OBJ071/OBJ071_056.jpg,images_OBJ071,70
images_OBJ032/OBJ032_024.jpg,images_OBJ032,31
images_OBJ054/OBJ054_008.jpg,images_OBJ054,53
images_OBJ015/OBJ015_024.jpg,images_OBJ015,14
images_OBJ037/OBJ037_086.jpg,images_OBJ037,36
images_OBJ033/OBJ033_033.jpg,images_OBJ033,32
images_OBJ022/OBJ022_031.jpeg,images_OBJ022,21
images_OBJ051/OBJ051_074.jpg,images_OBJ051,50
images_OBJ032/OBJ032_075.jpg,images_OBJ032,31
images_OBJ001/OBJ001_094.jpg,images_OBJ001,0
images_OBJ005/OBJ005_042.jpg,images_OBJ005,4
images_OBJ045/OBJ045_052.jpg,images_OBJ045,44
images_OBJ054/OBJ054_042.jpg,images_OBJ054,53
images_OBJ041/OBJ041_081.jpg,images_OBJ041,40
images_OBJ065/OBJ065_058.jpg,images_OBJ065,64
images_OBJ019/OBJ019_075.jpg,images_OBJ019,18
images_OBJ035/OBJ035_061.jpg,images_OBJ035,34
images_OBJ001/OBJ001_033.jpg,images_OBJ001,0
images_OBJ042/OBJ042_056.jpg,images_OBJ042,41
images_OBJ020/OBJ020_059.jpg,images_OBJ020,19
images_OBJ057/OBJ057_064.jpg,images_OBJ057,56
images_OBJ010/OBJ010_083.jpg,images_OBJ010,9
images_OBJ038/OBJ038_039.jpg,images_OBJ038,37
images_OBJ042/OBJ042_054.jpg,images_OBJ042,41
images_OBJ046/OBJ046_030.jpg,images_OBJ046,45
images_OBJ002/OBJ002_083.jpg,images_OBJ002,1
images_OBJ004/OBJ004_044.jpg,images_OBJ004,3
images_OBJ043/OBJ043_057.jpg,images_OBJ043,42
images_OBJ001/OBJ001_091.jpg,images_OBJ001,0
images_OBJ039/OBJ039_049.jpg,images_OBJ039,38
images_OBJ069/OBJ069_004.jpg,images_OBJ069,68
images_OBJ034/OBJ034_bg_001.jpg,images_OBJ034,33
images_OBJ041/OBJ041_070.jpg,images_OBJ041,40
images_OBJ050/OBJ050_059.jpg,images_OBJ050,49
images_OBJ005/OBJ005_074.jpg,images_OBJ005,4
images_OBJ025/OBJ025_016.jpg,images_OBJ025,24
images_OBJ040/OBJ040_077.JPG,images_OBJ040,39
images_OBJ044/OBJ044_093.jpg,images_OBJ044,43
images_OBJ034/OBJ034_076.jpg,images_OBJ034,33
images_OBJ010/OBJ010_003.jpg,images_OBJ010,9
images_OBJ003/OBJ003_013.jpg,images_OBJ003,2
images_OBJ015/OBJ015_082.jpg,images_OBJ015,14
images_OBJ049/OBJ049_031.jpg,images_OBJ049,48
images_OBJ060/OBJ060_92.JPG,images_OBJ060,59
images_OBJ059/OBJ059_029.jpg,images_OBJ059,58
images_OBJ010/OBJ010_087.jpg,images_OBJ010,9
images_OBJ016/OBJ016_085.jpg,images_OBJ016,15
images_OBJ007/OBJ007_035.jpg,images_OBJ007,6
images_OBJ017/OBJ017_072.jpg,images_OBJ017,16
images_OBJ032/OBJ032_050.jpg,images_OBJ032,31
images_OBJ033/OBJ033_044.jpg,images_OBJ033,32
images_OBJ044/OBJ044_054.jpg,images_OBJ044,43
images_OBJ017/OBJ017_077.jpg,images_OBJ017,16
images_OBJ062/OBJ062_087.jpg,images_OBJ062,61
images_OBJ037/OBJ037_085.jpg,images_OBJ037,36
images_OBJ001/OBJ001_093.jpg,images_OBJ001,0
images_OBJ007/OBJ007_095.jpg,images_OBJ007,6
images_OBJ017/OBJ017_041.jpg,images_OBJ017,16
images_OBJ024/OBJ024_080.jpg,images_OBJ024,23
images_OBJ019/OBJ019_029.jpg,images_OBJ019,18
images_OBJ036/OBJ036_bg_004.jpg,images_OBJ036,35
images_OBJ061/OBJ061_021.jpg,images_OBJ061,60
images_OBJ029/OBJ029_024.jpg,images_OBJ029,28
images_OBJ048/OBJ048_052.jpg,images_OBJ048,47
images_OBJ029/OBJ029_006.jpg,images_OBJ029,28
images_OBJ048/OBJ048_073.jpg,images_OBJ048,47
images_OBJ068/OBJ068_092.jpg,images_OBJ068,67
images_OBJ051/OBJ051_040.jpg,images_OBJ051,50
images_OBJ009/OBJ009_004.jpg,images_OBJ009,8
images_OBJ042/OBJ042_048.jpg,images_OBJ042,41
images_OBJ014/sunglasses_076.jpeg,images_OBJ014,13
images_OBJ009/OBJ009_075.jpg,images_OBJ009,8
images_OBJ009/OBJ009_059.jpg,images_OBJ009,8
images_OBJ020/OBJ020_068.jpg,images_OBJ020,19
images_OBJ053/OBJ053_006.jpg,images_OBJ053,52
images_OBJ064/OBJ064_011.jpg,images_OBJ064,63
images_OBJ002/OBJ002_069.jpg,images_OBJ002,1
images_OBJ015/OBJ015_071.jpg,images_OBJ015,14
images_OBJ016/OBJ016_009.jpg,images_OBJ016,15
images_OBJ019/OBJ019_bg_004.jpg,images_OBJ019,18
images_OBJ030/OBJ030_039.jpg,images_OBJ030,29
images_OBJ054/OBJ054_bg_002.jpg,images_OBJ054,53
images_OBJ016/OBJ016_008.jpg,images_OBJ016,15
images_OBJ063/OBJ063_054.jpg,images_OBJ063,62
images_OBJ017/OBJ017_088.jpg,images_OBJ017,16
images_OBJ025/OBJ025_006.jpg,images_OBJ025,24
images_OBJ005/OBJ005_040.jpg,images_OBJ005,4
images_OBJ073/OBJ073_045.jpg,images_OBJ073,72
images_OBJ061/OBJ061_088.jpg,images_OBJ061,60
images_OBJ044/OBJ044_014.jpg,images_OBJ044,43
images_OBJ046/OBJ046_034.jpg,images_OBJ046,45
images_OBJ011/OBJ011_037.jpg,images_OBJ011,10
images_OBJ072/OBJ072_025.jpg,images_OBJ072,71
images_OBJ038/OBJ038_079.jpg,images_OBJ038,37
images_OBJ057/OBJ057_039.jpg,images_OBJ057,56
images_OBJ061/OBJ061_028.jpg,images_OBJ061,60
images_OBJ035/OBJ035_046.jpg,images_OBJ035,34
images_OBJ028/OBJ028_010.jpg,images_OBJ028,27
images_OBJ022/OBJ022_063.jpeg,images_OBJ022,21
images_OBJ063/OBJ063_071.jpg,images_OBJ063,62
images_OBJ034/OBJ034_053.jpg,images_OBJ034,33
images_OBJ037/OBJ037_026.jpg,images_OBJ037,36
images_OBJ032/OBJ032_002.jpg,images_OBJ032,31
images_OBJ061/OBJ061_087.jpg,images_OBJ061,60
images_OBJ052/OBJ052_070.jpg,images_OBJ052,51
images_OBJ006/OBJ006_021.jpg,images_OBJ006,5
images_OBJ064/OBJ064_085.jpg,images_OBJ064,63
images_OBJ001/OBJ001_028.jpg,images_OBJ001,0
images_OBJ010/OBJ010_045.jpg,images_OBJ010,9
images_OBJ055/OBJ055_039.jpg,images_OBJ055,54
images_OBJ028/OBJ028_062.jpg,images_OBJ028,27
images_OBJ030/OBJ030_010.jpg,images_OBJ030,29
images_OBJ018/OBJ018_056.jpg,images_OBJ018,17
images_OBJ055/OBJ055_092.jpg,images_OBJ055,54
images_OBJ004/OBJ004_047.jpg,images_OBJ004,3
images_OBJ062/OBJ062_034.jpg,images_OBJ062,61
images_OBJ056/OBJ056_084.jpg,images_OBJ056,55
images_OBJ051/OBJ051_043.jpg,images_OBJ051,50
images_OBJ039/OBJ039_079.jpg,images_OBJ039,38
images_OBJ008/OBJ008_003.jpg,images_OBJ008,7
images_OBJ053/OBJ053_062.jpg,images_OBJ053,52
images_OBJ055/OBJ055_012.jpg,images_OBJ055,54
images_OBJ002/OBJ002_063.jpg,images_OBJ002,1
images_OBJ017/OBJ017_001.jpg,images_OBJ017,16
images_OBJ028/OBJ028_012.jpg,images_OBJ028,27
images_OBJ032/OBJ032_018.jpg,images_OBJ032,31
images_OBJ011/OBJ011_010.jpg,images_OBJ011,10
images_OBJ059/OBJ059_075.jpg,images_OBJ059,58
images_OBJ036/OBJ036_054.jpg,images_OBJ036,35
images_OBJ067/OBJ067_0031.jpg,images_OBJ067,66
images_OBJ055/OBJ055_038.jpg,images_OBJ055,54
images_OBJ067/OBJ067_0063.jpg,images_OBJ067,66
images_OBJ043/OBJ043_068.jpg,images_OBJ043,42
images_OBJ020/OBJ020_018.jpg,images_OBJ020,19
images_OBJ046/OBJ046_081.jpg,images_OBJ046,45
images_OBJ035/OBJ035_024.jpg,images_OBJ035,34
images_OBJ002/OBJ002_061.jpg,images_OBJ002,1
images_OBJ064/OBJ064_064.jpg,images_OBJ064,63
images_OBJ035/OBJ035_022.jpg,images_OBJ035,34
images_OBJ030/OBJ030_070.jpg,images_OBJ030,29
images_OBJ017/OBJ017_071.jpg,images_OBJ017,16
images_OBJ028/OBJ028_069.jpg,images_OBJ028,27
images_OBJ046/OBJ046_014.jpg,images_OBJ046,45
images_OBJ053/OBJ053_057.jpg,images_OBJ053,52
images_OBJ014/sunglasses_bg_007.jpeg,images_OBJ014,13
images_OBJ011/OBJ011_060.jpg,images_OBJ011,10
images_OBJ025/OBJ025_070.jpg,images_OBJ025,24
images_OBJ071/OBJ071_003.jpg,images_OBJ071,70
images_OBJ034/OBJ034_025.jpg,images_OBJ034,33
images_OBJ005/OBJ005_054.jpg,images_OBJ005,4
images_OBJ071/OBJ071_007.jpg,images_OBJ071,70
images_OBJ021/OBJ021_019.jpg,images_OBJ021,20
images_OBJ046/OBJ046_061.jpg,images_OBJ046,45
images_OBJ027/OBJ027_068.jpg,images_OBJ027,26
images_OBJ040/OBJ040_014.JPG,images_OBJ040,39
images_OBJ020/OBJ020_066.jpg,images_OBJ020,19
images_OBJ001/OBJ001_019.jpg,images_OBJ001,0
images_OBJ024/OBJ024_bg_003.jpg,images_OBJ024,23
images_OBJ060/OBJ060_13.JPG,images_OBJ060,59
images_OBJ025/OBJ025_084.jpg,images_OBJ025,24
images_OBJ051/OBJ051_053.jpg,images_OBJ051,50
images_OBJ072/OBJ072_076.jpg,images_OBJ072,71
images_OBJ026/OBJ026_042.jpg,images_OBJ026,25
images_OBJ062/OBJ062_073.jpg,images_OBJ062,61
images_OBJ050/OBJ050_041.jpg,images_OBJ050,49
images_OBJ020/OBJ020_006.jpg,images_OBJ020,19
images_OBJ042/OBJ042_071.jpg,images_OBJ042,41
images_OBJ068/OBJ068_003.jpg,images_OBJ068,67
images_OBJ005/OBJ005_011.jpg,images_OBJ005,4
images_OBJ072/OBJ072_003.jpg,images_OBJ072,71
images_OBJ071/OBJ071_039.jpg,images_OBJ071,70
images_OBJ034/OBJ034_092.jpg,images_OBJ034,33
images_OBJ007/OBJ007_089.jpg,images_OBJ007,6
images_OBJ009/OBJ009_022.jpg,images_OBJ009,8
images_OBJ001/OBJ001_049.jpg,images_OBJ001,0
images_OBJ034/OBJ034_009.jpg,images_OBJ034,33
images_OBJ027/OBJ027_089.jpg,images_OBJ027,26
images_OBJ032/OBJ032_054.jpg,images_OBJ032,31
images_OBJ047/OBJ047_084.jpg,images_OBJ047,46
images_OBJ043/OBJ043_058.jpg,images_OBJ043,42
images_OBJ069/OBJ069_047.jpg,images_OBJ069,68
images_OBJ061/OBJ061_045.jpg,images_OBJ061,60
images_OBJ039/OBJ039_093.jpg,images_OBJ039,38
images_OBJ004/OBJ004_037.jpg,images_OBJ004,3
images_OBJ051/OBJ051_092.jpg,images_OBJ051,50
images_OBJ012/OBJ012_076.jpg,images_OBJ012,11
images_OBJ022/OBJ022_088.jpeg,images_OBJ022,21
images_OBJ030/OBJ030_038.jpg,images_OBJ030,29
images_OBJ022/OBJ022_bg_003.jpeg,images_OBJ022,21
images_OBJ049/OBJ049_046.jpg,images_OBJ049,48
images_OBJ032/OBJ032_020.jpg,images_OBJ032,31
images_OBJ064/OBJ064_bg_003.jpg,images_OBJ064,63
images_OBJ031/OBJ031_001.jpg,images_OBJ031,30
images_OBJ049/OBJ049_016.jpg,images_OBJ049,48
images_OBJ070/OBJ070_bg_002.jpg,images_OBJ070,69
images_OBJ023/OBJ023_bg_002.JPG,images_OBJ023,22
images_OBJ047/OBJ047_085.jpg,images_OBJ047,46
images_OBJ056/OBJ056_060.jpg,images_OBJ056,55
images_OBJ015/OBJ015_087.jpg,images_OBJ015,14
images_OBJ060/OBJ060_2.JPG,images_OBJ060,59
images_OBJ019/OBJ019_063.jpg,images_OBJ019,18
images_OBJ057/OBJ057_085.jpg,images_OBJ057,56
images_OBJ002/OBJ002_014.jpg,images_OBJ002,1
images_OBJ013/OBJ013_047.jpg,images_OBJ013,12
images_OBJ038/OBJ038_038.jpg,images_OBJ038,37
images_OBJ031/OBJ031_061.jpg,images_OBJ031,30
images_OBJ046/OBJ046_020.jpg,images_OBJ046,45
images_OBJ038/OBJ038_013.jpg,images_OBJ038,37
images_OBJ034/OBJ034_007.jpg,images_OBJ034,33
images_OBJ059/OBJ059_001.jpg,images_OBJ059,58
images_OBJ015/OBJ015_028.jpg,images_OBJ015,14
images_OBJ066/OBJ066_033.jpg,images_OBJ066,65
images_OBJ029/OBJ029_054.jpg,images_OBJ029,28
images_OBJ026/OBJ026_087.jpg,images_OBJ026,25
images_OBJ003/OBJ003_007.jpg,images_OBJ003,2
images_OBJ025/OBJ025_053.jpg,images_OBJ025,24
images_OBJ039/OBJ039_022.jpg,images_OBJ039,38
images_OBJ026/OBJ026_069.jpg,images_OBJ026,25
images_OBJ002/OBJ002_066.jpg,images_OBJ002,1
images_OBJ008/OBJ008_072.jpg,images_OBJ008,7
images_OBJ042/OBJ042_026.jpg,images_OBJ042,41
images_OBJ036/OBJ036_022.jpg,images_OBJ036,35
images_OBJ031/OBJ031_031.jpg,images_OBJ031,30
images_OBJ056/OBJ056_086.jpg,images_OBJ056,55
images_OBJ052/OBJ052_047.jpg,images_OBJ052,51
images_OBJ056/OBJ056_001.jpg,images_OBJ056,55
images_OBJ061/OBJ061_086.jpg,images_OBJ061,60
images_OBJ063/OBJ063_004.jpg,images_OBJ063,62
images_OBJ031/OBJ031_015.jpg,images_OBJ031,30
images_OBJ029/OBJ029_084.jpg,images_OBJ029,28
images_OBJ040/OBJ040_063.JPG,images_OBJ040,39
images_OBJ055/OBJ055_075.jpg,images_OBJ055,54
images_OBJ014/sunglasses_038.jpeg,images_OBJ014,13
images_OBJ051/OBJ051_068.jpg,images_OBJ051,50
images_OBJ028/OBJ028_017.jpg,images_OBJ028,27
images_OBJ021/OBJ021_030.jpg,images_OBJ021,20
images_OBJ012/OBJ012_061.jpg,images_OBJ012,11
images_OBJ026/OBJ026_033.jpg,images_OBJ026,25
images_OBJ005/OBJ005_068.jpg,images_OBJ005,4
images_OBJ044/OBJ044_080.jpg,images_OBJ044,43
images_OBJ028/OBJ028_bg_002.jpg,images_OBJ028,27
images_OBJ013/OBJ013_055.jpg,images_OBJ013,12
images_OBJ013/OBJ013_069.jpg,images_OBJ013,12
images_OBJ049/OBJ049_001.jpg,images_OBJ049,48
images_OBJ010/OBJ010_046.jpg,images_OBJ010,9
images_OBJ018/OBJ018_004.jpg,images_OBJ018,17
images_OBJ033/OBJ033_005.jpg,images_OBJ033,32
images_OBJ002/OBJ002_076.jpg,images_OBJ002,1
images_OBJ020/OBJ020_bg_003.jpg,images_OBJ020,19
images_OBJ030/OBJ030_051.jpg,images_OBJ030,29
images_OBJ043/OBJ043_065.jpg,images_OBJ043,42
images_OBJ024/OBJ024_035.jpg,images_OBJ024,23
images_OBJ042/OBJ042_050.jpg,images_OBJ042,41
images_OBJ065/OBJ065_008.jpg,images_OBJ065,64
images_OBJ064/OBJ064_051.jpg,images_OBJ064,63
images_OBJ002/OBJ002_045.jpg,images_OBJ002,1
images_OBJ044/OBJ044_004.jpg,images_OBJ044,43
images_OBJ004/OBJ004_003.jpg,images_OBJ004,3
images_OBJ037/OBJ037_043.jpg,images_OBJ037,36
images_OBJ001/OBJ001_064.jpg,images_OBJ001,0
images_OBJ056/OBJ056_032.jpg,images_OBJ056,55
images_OBJ072/OBJ072_027.jpg,images_OBJ072,71
images_OBJ032/OBJ032_010.jpg,images_OBJ032,31
images_OBJ012/OBJ012_058.jpg,images_OBJ012,11
images_OBJ048/OBJ048_065.jpg,images_OBJ048,47
images_OBJ071/OBJ071_048.jpg,images_OBJ071,70
images_OBJ018/OBJ018_029.jpg,images_OBJ018,17
images_OBJ020/OBJ020_028.jpg,images_OBJ020,19
images_OBJ060/OBJ060_34.JPG,images_OBJ060,59
images_OBJ033/OBJ033_047.jpg,images_OBJ033,32
images_OBJ059/OBJ059_070.jpg,images_OBJ059,58
images_OBJ058/OBJ058_029.jpg,images_OBJ058,57
images_OBJ071/OBJ071_027.jpg,images_OBJ071,70
images_OBJ058/OBJ058_042.jpg,images_OBJ058,57
images_OBJ024/OBJ024_046.jpg,images_OBJ024,23
images_OBJ025/OBJ025_065.jpg,images_OBJ025,24
images_OBJ034/OBJ034_094.jpg,images_OBJ034,33
images_OBJ043/OBJ043_042.jpg,images_OBJ043,42
images_OBJ005/OBJ005_091.jpg,images_OBJ005,4
images_OBJ016/OBJ016_036.jpg,images_OBJ016,15
images_OBJ056/OBJ056_073.jpg,images_OBJ056,55
images_OBJ071/OBJ071_094.jpg,images_OBJ071,70
images_OBJ029/OBJ029_045.jpg,images_OBJ029,28
images_OBJ011/OBJ011_089.jpg,images_OBJ011,10
images_OBJ059/OBJ059_050.jpg,images_OBJ059,58
images_OBJ006/OBJ006_070.jpg,images_OBJ006,5
images_OBJ070/OBJ070_080.jpg,images_OBJ070,69
images_OBJ017/OBJ017_048.jpg,images_OBJ017,16
images_OBJ049/OBJ049_086.jpg,images_OBJ049,48
images_OBJ073/OBJ073_093.jpg,images_OBJ073,72
images_OBJ033/OBJ033_018.jpg,images_OBJ033,32
images_OBJ054/OBJ054_036.jpg,images_OBJ054,53
images_OBJ036/OBJ036_047.jpg,images_OBJ036,35
images_OBJ069/OBJ069_028.jpg,images_OBJ069,68
images_OBJ036/OBJ036_074.jpg,images_OBJ036,35
images_OBJ026/OBJ026_007.jpg,images_OBJ026,25
images_OBJ034/OBJ034_089.jpg,images_OBJ034,33
images_OBJ033/OBJ033_030.jpg,images_OBJ033,32
images_OBJ058/OBJ058_055.jpg,images_OBJ058,57
images_OBJ029/OBJ029_053.jpg,images_OBJ029,28
images_OBJ001/OBJ001_001.jpg,images_OBJ001,0
images_OBJ033/OBJ033_095.jpg,images_OBJ033,32
images_OBJ015/OBJ015_067.jpg,images_OBJ015,14
images_OBJ069/OBJ069_093.jpg,images_OBJ069,68
images_OBJ051/OBJ051_083.jpg,images_OBJ051,50
images_OBJ063/OBJ063_068.jpg,images_OBJ063,62
images_OBJ020/OBJ020_070.jpg,images_OBJ020,19
images_OBJ022/OBJ022_089.jpeg,images_OBJ022,21
images_OBJ073/OBJ073_001.jpg,images_OBJ073,72
images_OBJ037/OBJ037_009.jpg,images_OBJ037,36
images_OBJ022/OBJ022_077.jpeg,images_OBJ022,21
images_OBJ072/OBJ072_064.jpg,images_OBJ072,71
images_OBJ038/OBJ038_062.jpg,images_OBJ038,37
images_OBJ009/OBJ009_080.jpg,images_OBJ009,8
images_OBJ022/OBJ022_086.jpeg,images_OBJ022,21
images_OBJ053/OBJ053_088.jpg,images_OBJ053,52
images_OBJ069/OBJ069_008.jpg,images_OBJ069,68
images_OBJ032/OBJ032_035.jpg,images_OBJ032,31
images_OBJ022/OBJ022_053.jpeg,images_OBJ022,21
images_OBJ055/OBJ055_042.jpg,images_OBJ055,54
images_OBJ040/OBJ040_004.JPG,images_OBJ040,39
images_OBJ002/OBJ002_086.jpg,images_OBJ002,1
images_OBJ034/OBJ034_074.jpg,images_OBJ034,33
images_OBJ016/OBJ016_032.jpg,images_OBJ016,15
images_OBJ024/OBJ024_bg_001.jpg,images_OBJ024,23
images_OBJ020/OBJ020_021.jpg,images_OBJ020,19
images_OBJ048/OBJ048_078.jpg,images_OBJ048,47
images_OBJ068/OBJ068_046.jpg,images_OBJ068,67
images_OBJ046/OBJ046_059.jpg,images_OBJ046,45
images_OBJ001/OBJ001_058.jpg,images_OBJ001,0
images_OBJ014/sunglasses_068.jpeg,images_OBJ014,13
images_OBJ047/OBJ047_072.jpg,images_OBJ047,46
images_OBJ018/OBJ018_019.jpg,images_OBJ018,17
images_OBJ068/OBJ068_056.jpg,images_OBJ068,67
images_OBJ026/OBJ026_bg_002.jpg,images_OBJ026,25
images_OBJ048/OBJ048_072.jpg,images_OBJ048,47
images_OBJ033/OBJ033_bg_001.jpg,images_OBJ033,32
images_OBJ023/OBJ023_045.JPG,images_OBJ023,22
images_OBJ024/OBJ024_071.jpg,images_OBJ024,23
images_OBJ051/OBJ051_018.jpg,images_OBJ051,50
images_OBJ053/OBJ053_048.jpg,images_OBJ053,52
images_OBJ026/OBJ026_050.jpg,images_OBJ026,25
images_OBJ062/OBJ062_042.jpg,images_OBJ062,61
images_OBJ063/OBJ063_035.jpg,images_OBJ063,62
images_OBJ051/OBJ051_104.jpg,images_OBJ051,50
images_OBJ032/OBJ032_070.jpg,images_OBJ032,31
images_OBJ012/OBJ012_046.jpg,images_OBJ012,11
images_OBJ036/OBJ036_024.jpg,images_OBJ036,35
images_OBJ073/OBJ073_040.jpg,images_OBJ073,72
images_OBJ011/OBJ011_050.jpg,images_OBJ011,10
images_OBJ033/OBJ033_017.jpg,images_OBJ033,32
images_OBJ023/OBJ023_077.JPG,images_OBJ023,22
images_OBJ059/OBJ059_005.jpg,images_OBJ059,58
images_OBJ031/OBJ031_060.jpg,images_OBJ031,30
images_OBJ069/OBJ069_032.jpg,images_OBJ069,68
images_OBJ018/OBJ018_071.jpg,images_OBJ018,17
images_OBJ066/OBJ066_060.jpg,images_OBJ066,65
images_OBJ052/OBJ052_044.jpg,images_OBJ052,51
images_OBJ035/OBJ035_008.jpg,images_OBJ035,34
images_OBJ056/OBJ056_011.jpg,images_OBJ056,55
images_OBJ038/OBJ038_069.jpg,images_OBJ038,37
images_OBJ003/OBJ003_071.jpg,images_OBJ003,2
images_OBJ047/OBJ047_071.jpg,images_OBJ047,46
images_OBJ006/OBJ006_089.jpg,images_OBJ006,5
images_OBJ008/OBJ008_054.jpg,images_OBJ008,7
images_OBJ039/OBJ039_086.jpg,images_OBJ039,38
images_OBJ007/OBJ007_001.jpg,images_OBJ007,6
images_OBJ069/OBJ069_064.jpg,images_OBJ069,68
images_OBJ057/OBJ057_068.jpg,images_OBJ057,56
images_OBJ018/OBJ018_088.jpg,images_OBJ018,17
images_OBJ071/OBJ071_052.jpg,images_OBJ071,70
images_OBJ034/OBJ034_031.jpg,images_OBJ034,33
images_OBJ013/OBJ013_036.jpg,images_OBJ013,12
images_OBJ064/OBJ064_001.jpg,images_OBJ064,63
images_OBJ034/OBJ034_093.jpg,images_OBJ034,33
images_OBJ007/OBJ007_075.jpg,images_OBJ007,6
images_OBJ071/OBJ071_093.jpg,images_OBJ071,70
images_OBJ069/OBJ069_015.jpg,images_OBJ069,68
images_OBJ018/OBJ018_060.jpg,images_OBJ018,17
images_OBJ064/OBJ064_087.jpg,images_OBJ064,63
images_OBJ041/OBJ041_031.jpg,images_OBJ041,40
images_OBJ021/OBJ021_081.jpg,images_OBJ021,20
images_OBJ013/OBJ013_078.jpg,images_OBJ013,12
images_OBJ050/OBJ050_015.jpg,images_OBJ050,49
images_OBJ060/OBJ060_70.JPG,images_OBJ060,59
images_OBJ023/OBJ023_040.JPG,images_OBJ023,22
images_OBJ024/OBJ024_066.jpg,images_OBJ024,23
images_OBJ068/OBJ068_013.jpg,images_OBJ068,67
images_OBJ026/OBJ026_076.jpg,images_OBJ026,25
images_OBJ059/OBJ059_036.jpg,images_OBJ059,58
images_OBJ012/OBJ012_021.jpg,images_OBJ012,11
images_OBJ015/OBJ015_072.jpg,images_OBJ015,14
images_OBJ018/OBJ018_052.jpg,images_OBJ018,17
images_OBJ020/OBJ020_012.jpg,images_OBJ020,19
images_OBJ005/OBJ005_073.jpg,images_OBJ005,4
images_OBJ049/OBJ049_078.jpg,images_OBJ049,48
images_OBJ050/OBJ050_085.jpg,images_OBJ050,49
images_OBJ006/OBJ006_072.jpg,images_OBJ006,5
images_OBJ009/OBJ009_049.jpg,images_OBJ009,8
images_OBJ030/OBJ030_044.jpg,images_OBJ030,29
images_OBJ059/OBJ059_069.jpg,images_OBJ059,58
images_OBJ040/OBJ040_081.JPG,images_OBJ040,39
images_OBJ004/OBJ004_098.jpg,images_OBJ004,3
images_OBJ057/OBJ057_058.jpg,images_OBJ057,56
images_OBJ048/OBJ048_047.jpg,images_OBJ048,47
images_OBJ017/OBJ017_095.jpg,images_OBJ017,16
images_OBJ070/OBJ070_042.jpg,images_OBJ070,69
images_OBJ067/OBJ067_0005.jpg,images_OBJ067,66
images_OBJ038/OBJ038_070.jpg,images_OBJ038,37
images_OBJ043/OBJ043_081.jpg,images_OBJ043,42
images_OBJ047/OBJ047_025.jpg,images_OBJ047,46
images_OBJ001/OBJ001_bg_001.jpg,images_OBJ001,0
images_OBJ012/OBJ012_025.jpg,images_OBJ012,11
images_OBJ030/OBJ030_058.jpg,images_OBJ030,29
images_OBJ060/OBJ060_44.JPG,images_OBJ060,59
images_OBJ060/OBJ060_40.JPG,images_OBJ060,59
images_OBJ006/OBJ006_029.jpg,images_OBJ006,5
images_OBJ049/OBJ049_088.jpg,images_OBJ049,48
images_OBJ059/OBJ059_021.jpg,images_OBJ059,58
images_OBJ073/OBJ073_018.jpg,images_OBJ073,72
images_OBJ072/OBJ072_031.jpg,images_OBJ072,71
images_OBJ006/OBJ006_bg_002.jpg,images_OBJ006,5
images_OBJ007/OBJ007_003.jpg,images_OBJ007,6
images_OBJ028/OBJ028_078.jpg,images_OBJ028,27
images_OBJ030/OBJ030_043.jpg,images_OBJ030,29
images_OBJ035/OBJ035_060.jpg,images_OBJ035,34
images_OBJ012/OBJ012_074.jpg,images_OBJ012,11
images_OBJ014/sunglasses_064.jpeg,images_OBJ014,13
images_OBJ015/OBJ015_032.jpg,images_OBJ015,14
images_OBJ069/OBJ069_073.jpg,images_OBJ069,68
images_OBJ001/OBJ001_030.jpg,images_OBJ001,0
images_OBJ055/OBJ055_091.jpg,images_OBJ055,54
images_OBJ070/OBJ070_054.jpg,images_OBJ070,69
images_OBJ038/OBJ038_051.jpg,images_OBJ038,37
images_OBJ055/OBJ055_066.jpg,images_OBJ055,54
images_OBJ048/OBJ048_034.jpg,images_OBJ048,47
images_OBJ021/OBJ021_008.jpg,images_OBJ021,20
images_OBJ069/OBJ069_bg_001.jpg,images_OBJ069,68
images_OBJ072/OBJ072_071.jpg,images_OBJ072,71
images_OBJ047/OBJ047_046.jpg,images_OBJ047,46
images_OBJ004/OBJ004_100.jpg,images_OBJ004,3
images_OBJ071/OBJ071_061.jpg,images_OBJ071,70
images_OBJ032/OBJ032_013.jpg,images_OBJ032,31
images_OBJ045/OBJ045_079.jpg,images_OBJ045,44
images_OBJ039/OBJ039_009.jpg,images_OBJ039,38
images_OBJ014/sunglasses_039.jpeg,images_OBJ014,13
images_OBJ062/OBJ062_003.jpg,images_OBJ062,61
images_OBJ054/OBJ054_066.jpg,images_OBJ054,53
images_OBJ044/OBJ044_049.jpg,images_OBJ044,43
images_OBJ026/OBJ026_054.jpg,images_OBJ026,25
images_OBJ049/OBJ049_076.jpg,images_OBJ049,48
images_OBJ053/OBJ053_034.jpg,images_OBJ053,52
images_OBJ005/OBJ005_030.jpg,images_OBJ005,4
images_OBJ070/OBJ070_016.jpg,images_OBJ070,69
images_OBJ040/OBJ040_022.JPG,images_OBJ040,39
images_OBJ028/OBJ028_071.jpg,images_OBJ028,27
images_OBJ024/OBJ024_001.jpg,images_OBJ024,23
images_OBJ072/OBJ072_059.jpg,images_OBJ072,71
images_OBJ038/OBJ038_088.jpg,images_OBJ038,37
images_OBJ056/OBJ056_059.jpg,images_OBJ056,55
images_OBJ054/OBJ054_094.jpg,images_OBJ054,53
images_OBJ004/OBJ004_018.jpg,images_OBJ004,3
images_OBJ047/OBJ047_012.jpg,images_OBJ047,46
images_OBJ015/OBJ015_057.jpg,images_OBJ015,14
images_OBJ040/OBJ040_040.JPG,images_OBJ040,39
images_OBJ065/OBJ065_065.jpg,images_OBJ065,64
images_OBJ043/OBJ043_008.jpg,images_OBJ043,42
images_OBJ071/OBJ071_009.jpg,images_OBJ071,70
images_OBJ016/OBJ016_037.jpg,images_OBJ016,15
images_OBJ039/OBJ039_045.jpg,images_OBJ039,38
images_OBJ034/OBJ034_040.jpg,images_OBJ034,33
images_OBJ030/OBJ030_073.jpg,images_OBJ030,29
images_OBJ029/OBJ029_033.jpg,images_OBJ029,28
images_OBJ035/OBJ035_049.jpg,images_OBJ035,34
images_OBJ053/OBJ053_047.jpg,images_OBJ053,52
images_OBJ013/OBJ013_091.jpg,images_OBJ013,12
images_OBJ043/OBJ043_047.jpg,images_OBJ043,42
images_OBJ054/OBJ054_033.jpg,images_OBJ054,53
images_OBJ042/OBJ042_093.jpg,images_OBJ042,41
images_OBJ032/OBJ032_005.jpg,images_OBJ032,31
images_OBJ044/OBJ044_072.jpg,images_OBJ044,43
images_OBJ041/OBJ041_009.jpg,images_OBJ041,40
images_OBJ036/OBJ036_076.jpg,images_OBJ036,35
images_OBJ018/OBJ018_072.jpg,images_OBJ018,17
images_OBJ042/OBJ042_053.jpg,images_OBJ042,41
images_OBJ010/OBJ010_bg_005.jpg,images_OBJ010,9
images_OBJ057/OBJ057_023.jpg,images_OBJ057,56
images_OBJ011/OBJ011_051.jpg,images_OBJ011,10
images_OBJ049/OBJ049_092.jpg,images_OBJ049,48
images_OBJ048/OBJ048_005.jpg,images_OBJ048,47
images_OBJ061/OBJ061_035.jpg,images_OBJ061,60
images_OBJ023/OBJ023_20.JPG,images_OBJ023,22
images_OBJ038/OBJ038_032.jpg,images_OBJ038,37
images_OBJ065/OBJ065_037.jpg,images_OBJ065,64
images_OBJ069/OBJ069_079.jpg,images_OBJ069,68
images_OBJ035/OBJ035_065.jpg,images_OBJ035,34
images_OBJ035/OBJ035_bg_002.jpg,images_OBJ035,34
images_OBJ037/OBJ037_053.jpg,images_OBJ037,36
images_OBJ021/OBJ021_062.jpg,images_OBJ021,20
images_OBJ032/OBJ032_011.jpg,images_OBJ032,31
images_OBJ046/OBJ046_078.jpg,images_OBJ046,45
images_OBJ044/OBJ044_002.jpg,images_OBJ044,43
images_OBJ011/OBJ011_061.jpg,images_OBJ011,10
images_OBJ025/OBJ025_020.jpg,images_OBJ025,24
images_OBJ001/OBJ001_003.jpg,images_OBJ001,0
images_OBJ047/OBJ047_007.jpg,images_OBJ047,46
images_OBJ042/OBJ042_033.jpg,images_OBJ042,41
images_OBJ038/OBJ038_095.jpg,images_OBJ038,37
images_OBJ047/OBJ047_094.jpg,images_OBJ047,46
images_OBJ026/OBJ026_071.jpg,images_OBJ026,25
images_OBJ046/OBJ046_084.jpg,images_OBJ046,45
images_OBJ023/OBJ023_072.JPG,images_OBJ023,22
images_OBJ047/OBJ047_bg_004.jpg,images_OBJ047,46
images_OBJ030/OBJ030_bg_004.jpg,images_OBJ030,29
images_OBJ001/OBJ001_042.jpg,images_OBJ001,0
images_OBJ061/OBJ061_076.jpg,images_OBJ061,60
images_OBJ007/OBJ007_050.jpg,images_OBJ007,6
images_OBJ064/OBJ064_059.jpg,images_OBJ064,63
images_OBJ049/OBJ049_007.jpg,images_OBJ049,48
images_OBJ031/OBJ031_021.jpg,images_OBJ031,30
images_OBJ043/OBJ043_080.jpg,images_OBJ043,42
images_OBJ025/OBJ025_062.jpg,images_OBJ025,24
images_OBJ009/OBJ009_020.jpg,images_OBJ009,8
images_OBJ037/OBJ037_071.jpg,images_OBJ037,36
images_OBJ058/OBJ058_049.jpg,images_OBJ058,57
images_OBJ037/OBJ037_095.jpg,images_OBJ037,36
images_OBJ038/OBJ038_066.jpg,images_OBJ038,37
images_OBJ002/OBJ002_067.jpg,images_OBJ002,1
images_OBJ041/OBJ041_079.jpg,images_OBJ041,40
images_OBJ031/OBJ031_037.jpg,images_OBJ031,30
images_OBJ069/OBJ069_003.jpg,images_OBJ069,68
images_OBJ014/sunglasses_018.jpeg,images_OBJ014,13
images_OBJ036/OBJ036_036.jpg,images_OBJ036,35
images_OBJ050/OBJ050_014.jpg,images_OBJ050,49
images_OBJ071/OBJ071_023.jpg,images_OBJ071,70
images_OBJ067/OBJ067_bg_003.jpeg,images_OBJ067,66
images_OBJ060/OBJ060_14.JPG,images_OBJ060,59
images_OBJ005/OBJ005_027.jpg,images_OBJ005,4
images_OBJ062/OBJ062_082.jpg,images_OBJ062,61
images_OBJ003/OBJ003_067.jpg,images_OBJ003,2
images_OBJ034/OBJ034_017.jpg,images_OBJ034,33
images_OBJ010/OBJ010_019.jpg,images_OBJ010,9
images_OBJ020/OBJ020_046.jpg,images_OBJ020,19
images_OBJ028/OBJ028_051.jpg,images_OBJ028,27
images_OBJ026/OBJ026_080.jpg,images_OBJ026,25
images_OBJ066/OBJ066_058.jpg,images_OBJ066,65
images_OBJ066/OBJ066_009.jpg,images_OBJ066,65
images_OBJ065/OBJ065_021.jpg,images_OBJ065,64
images_OBJ058/OBJ058_076.jpg,images_OBJ058,57
images_OBJ048/OBJ048_046.jpg,images_OBJ048,47
images_OBJ010/OBJ010_066.jpg,images_OBJ010,9
images_OBJ037/OBJ037_093.jpg,images_OBJ037,36
images_OBJ038/OBJ038_022.jpg,images_OBJ038,37
images_OBJ056/OBJ056_042.jpg,images_OBJ056,55
images_OBJ069/OBJ069_027.jpg,images_OBJ069,68
images_OBJ006/OBJ006_011.jpg,images_OBJ006,5
images_OBJ026/OBJ026_019.jpg,images_OBJ026,25
images_OBJ028/OBJ028_082.jpg,images_OBJ028,27
images_OBJ014/sunglasses_078.jpeg,images_OBJ014,13
images_OBJ052/OBJ052_075.jpg,images_OBJ052,51
images_OBJ045/OBJ045_015.jpg,images_OBJ045,44
images_OBJ005/OBJ005_063.jpg,images_OBJ005,4
images_OBJ015/OBJ015_078.jpg,images_OBJ015,14
images_OBJ068/OBJ068_074.jpg,images_OBJ068,67
images_OBJ015/OBJ015_002.jpg,images_OBJ015,14
images_OBJ032/OBJ032_043.jpg,images_OBJ032,31
images_OBJ018/OBJ018_057.jpg,images_OBJ018,17
images_OBJ011/OBJ011_bg_004.jpg,images_OBJ011,10
images_OBJ058/OBJ058_054.jpg,images_OBJ058,57
images_OBJ040/OBJ040_091.JPG,images_OBJ040,39
images_OBJ033/OBJ033_092.jpg,images_OBJ033,32
images_OBJ017/OBJ017_082.jpg,images_OBJ017,16
images_OBJ063/OBJ063_002.jpg,images_OBJ063,62
images_OBJ063/OBJ063_020.jpg,images_OBJ063,62
images_OBJ065/OBJ065_067.jpg,images_OBJ065,64
images_OBJ065/OBJ065_019.jpg,images_OBJ065,64
images_OBJ041/OBJ041_001.jpg,images_OBJ041,40
images_OBJ039/OBJ039_058.jpg,images_OBJ039,38
images_OBJ070/OBJ070_081.jpg,images_OBJ070,69
images_OBJ030/OBJ030_037.jpg,images_OBJ030,29
images_OBJ026/OBJ026_070.jpg,images_OBJ026,25
images_OBJ038/OBJ038_bg_003.jpg,images_OBJ038,37
images_OBJ053/OBJ053_011.jpg,images_OBJ053,52
images_OBJ053/OBJ053_080.jpg,images_OBJ053,52
images_OBJ063/OBJ063_089.jpg,images_OBJ063,62
images_OBJ070/OBJ070_083.jpg,images_OBJ070,69
images_OBJ068/OBJ068_093.jpg,images_OBJ068,67
images_OBJ045/OBJ045_038.jpg,images_OBJ045,44
images_OBJ017/OBJ017_bg_006.jpg,images_OBJ017,16
images_OBJ073/OBJ073_088.jpg,images_OBJ073,72
images_OBJ020/OBJ020_074.jpg,images_OBJ020,19
images_OBJ034/OBJ034_058.jpg,images_OBJ034,33
images_OBJ060/OBJ060_94.JPG,images_OBJ060,59
images_OBJ014/sunglasses_037.jpeg,images_OBJ014,13
images_OBJ006/OBJ006_037.jpg,images_OBJ006,5
images_OBJ070/OBJ070_001.jpg,images_OBJ070,69
images_OBJ052/OBJ052_025.jpg,images_OBJ052,51
images_OBJ036/OBJ036_012.jpg,images_OBJ036,35
images_OBJ008/OBJ008_084.jpg,images_OBJ008,7
images_OBJ009/OBJ009_063.jpg,images_OBJ009,8
images_OBJ065/OBJ065_086.jpg,images_OBJ065,64
images_OBJ004/OBJ004_034.jpg,images_OBJ004,3
images_OBJ052/OBJ052_027.jpg,images_OBJ052,51
images_OBJ054/OBJ054_085.jpg,images_OBJ054,53
images_OBJ067/OBJ067_0002.jpg,images_OBJ067,66
images_OBJ022/OBJ022_047.jpeg,images_OBJ022,21
images_OBJ065/OBJ065_075.jpg,images_OBJ065,64
images_OBJ073/OBJ073_007.jpg,images_OBJ073,72
images_OBJ049/OBJ049_002.jpg,images_OBJ049,48
images_OBJ034/OBJ034_091.jpg,images_OBJ034,33
images_OBJ007/OBJ007_044.jpg,images_OBJ007,6
images_OBJ011/OBJ011_082.jpg,images_OBJ011,10
images_OBJ016/OBJ016_091.jpg,images_OBJ016,15
images_OBJ013/OBJ013_072.jpg,images_OBJ013,12
images_OBJ046/OBJ046_094.jpg,images_OBJ046,45
images_OBJ057/OBJ057_011.jpg,images_OBJ057,56
images_OBJ061/OBJ061_026.jpg,images_OBJ061,60
images_OBJ055/OBJ055_bg_005.jpg,images_OBJ055,54
images_OBJ025/OBJ025_055.jpg,images_OBJ025,24
images_OBJ027/OBJ027_067.jpg,images_OBJ027,26
images_OBJ055/OBJ055_001.jpg,images_OBJ055,54
images_OBJ067/OBJ067_0034.jpg,images_OBJ067,66
images_OBJ022/OBJ022_040.jpeg,images_OBJ022,21
images_OBJ058/OBJ058_004.jpg,images_OBJ058,57
images_OBJ018/OBJ018_005.jpg,images_OBJ018,17
images_OBJ036/OBJ036_048.jpg,images_OBJ036,35
images_OBJ062/OBJ062_041.jpg,images_OBJ062,61
images_OBJ049/OBJ049_042.jpg,images_OBJ049,48
images_OBJ013/OBJ013_BG001.jpg,images_OBJ013,12
images_OBJ009/OBJ009_061.jpg,images_OBJ009,8
images_OBJ049/OBJ049_021.jpg,images_OBJ049,48
images_OBJ003/OBJ003_078.jpg,images_OBJ003,2
images_OBJ037/OBJ037_044.jpg,images_OBJ037,36
images_OBJ048/OBJ048_036.jpg,images_OBJ048,47
images_OBJ022/OBJ022_057.jpeg,images_OBJ022,21
images_OBJ063/OBJ063_012.jpg,images_OBJ063,62
images_OBJ019/OBJ019_023.jpg,images_OBJ019,18
images_OBJ054/OBJ054_038.jpg,images_OBJ054,53
images_OBJ072/OBJ072_014.jpg,images_OBJ072,71
images_OBJ072/OBJ072_039.jpg,images_OBJ072,71
images_OBJ018/OBJ018_050.jpg,images_OBJ018,17
images_OBJ015/OBJ015_034.jpg,images_OBJ015,14
images_OBJ070/OBJ070_027.jpg,images_OBJ070,69
images_OBJ068/OBJ068_048.jpg,images_OBJ068,67
images_OBJ069/OBJ069_071.jpg,images_OBJ069,68
images_OBJ014/sunglasses_036.jpeg,images_OBJ014,13
images_OBJ048/OBJ048_002.jpg,images_OBJ048,47
images_OBJ015/OBJ015_029.jpg,images_OBJ015,14
images_OBJ070/OBJ070_046.jpg,images_OBJ070,69
images_OBJ020/OBJ020_014.jpg,images_OBJ020,19
images_OBJ017/OBJ017_031.jpg,images_OBJ017,16
images_OBJ002/OBJ002_047.jpg,images_OBJ002,1
images_OBJ015/OBJ015_075.jpg,images_OBJ015,14
images_OBJ015/OBJ015_092.jpg,images_OBJ015,14
images_OBJ022/OBJ022_bg_002.jpeg,images_OBJ022,21
images_OBJ023/OBJ023_027.JPG,images_OBJ023,22
images_OBJ030/OBJ030_023.jpg,images_OBJ030,29
images_OBJ014/sunglasses_054.jpeg,images_OBJ014,13
images_OBJ051/OBJ051_103.jpg,images_OBJ051,50
images_OBJ033/OBJ033_012.jpg,images_OBJ033,32
images_OBJ016/OBJ016_090.jpg,images_OBJ016,15
images_OBJ039/OBJ039_037.jpg,images_OBJ039,38
images_OBJ023/OBJ023_082.JPG,images_OBJ023,22
images_OBJ019/OBJ019_054.jpg,images_OBJ019,18
images_OBJ039/OBJ039_095.jpg,images_OBJ039,38
images_OBJ004/OBJ004_011.jpg,images_OBJ004,3
images_OBJ059/OBJ059_046.jpg,images_OBJ059,58
images_OBJ017/OBJ017_017.jpg,images_OBJ017,16
images_OBJ033/OBJ033_013.jpg,images_OBJ033,32
images_OBJ057/OBJ057_025.jpg,images_OBJ057,56
images_OBJ033/OBJ033_057.jpg,images_OBJ033,32
images_OBJ043/OBJ043_014.jpg,images_OBJ043,42
images_OBJ024/OBJ024_024.jpg,images_OBJ024,23
images_OBJ008/OBJ008_044.jpg,images_OBJ008,7
images_OBJ010/OBJ010_037.jpg,images_OBJ010,9
images_OBJ029/OBJ029_013.jpg,images_OBJ029,28
images_OBJ025/OBJ025_003.jpg,images_OBJ025,24
images_OBJ013/OBJ013_076.jpg,images_OBJ013,12
images_OBJ021/OBJ021_001.jpg,images_OBJ021,20
images_OBJ006/OBJ006_028.jpg,images_OBJ006,5
images_OBJ068/OBJ068_025.jpg,images_OBJ068,67
images_OBJ028/OBJ028_053.jpg,images_OBJ028,27
images_OBJ009/OBJ009_082.jpg,images_OBJ009,8
images_OBJ054/OBJ054_061.jpg,images_OBJ054,53
images_OBJ001/OBJ001_071.jpg,images_OBJ001,0
images_OBJ071/OBJ071_026.jpg,images_OBJ071,70
images_OBJ051/OBJ051_033.jpg,images_OBJ051,50
images_OBJ034/OBJ034_020.jpg,images_OBJ034,33
images_OBJ038/OBJ038_030.jpg,images_OBJ038,37
images_OBJ033/OBJ033_021.jpg,images_OBJ033,32
images_OBJ045/OBJ045_053.jpg,images_OBJ045,44
images_OBJ026/OBJ026_036.jpg,images_OBJ026,25
images_OBJ042/OBJ042_052.jpg,images_OBJ042,41
images_OBJ041/OBJ041_082.jpg,images_OBJ041,40
images_OBJ014/sunglasses_bg_001.jpeg,images_OBJ014,13
images_OBJ006/OBJ006_067.jpg,images_OBJ006,5
images_OBJ053/OBJ053_082.jpg,images_OBJ053,52
images_OBJ033/OBJ033_bg_003.jpg,images_OBJ033,32
images_OBJ005/OBJ005_066.jpg,images_OBJ005,4
images_OBJ069/OBJ069_013.jpg,images_OBJ069,68
images_OBJ027/OBJ027_bg_002.jpg,images_OBJ027,26
images_OBJ045/OBJ045_021.jpg,images_OBJ045,44
images_OBJ066/OBJ066_081.jpg,images_OBJ066,65
images_OBJ005/OBJ005_075.jpg,images_OBJ005,4
images_OBJ038/OBJ038_bg_002.jpg,images_OBJ038,37
images_OBJ056/OBJ056_050.jpg,images_OBJ056,55
images_OBJ061/OBJ061_081.jpg,images_OBJ061,60
images_OBJ045/OBJ045_081.jpg,images_OBJ045,44
images_OBJ032/OBJ032_058.jpg,images_OBJ032,31
images_OBJ032/OBJ032_031.jpg,images_OBJ032,31
images_OBJ017/OBJ017_021.jpg,images_OBJ017,16
images_OBJ020/OBJ020_036.jpg,images_OBJ020,19
images_OBJ004/OBJ004_035.jpg,images_OBJ004,3
images_OBJ056/OBJ056_051.jpg,images_OBJ056,55
images_OBJ050/OBJ050_076.jpg,images_OBJ050,49
images_OBJ024/OBJ024_048.jpg,images_OBJ024,23
images_OBJ032/OBJ032_084.jpg,images_OBJ032,31
images_OBJ032/OBJ032_049.jpg,images_OBJ032,31
images_OBJ068/OBJ068_017.jpg,images_OBJ068,67
images_OBJ046/OBJ046_077.jpg,images_OBJ046,45
images_OBJ064/OBJ064_090.jpg,images_OBJ064,63
images_OBJ067/OBJ067_0059.jpg,images_OBJ067,66
images_OBJ005/OBJ005_029.jpg,images_OBJ005,4
images_OBJ073/OBJ073_029.jpg,images_OBJ073,72
images_OBJ059/OBJ059_077.jpg,images_OBJ059,58
images_OBJ055/OBJ055_031.jpg,images_OBJ055,54
images_OBJ039/OBJ039_056.jpg,images_OBJ039,38
images_OBJ049/OBJ049_052.jpg,images_OBJ049,48
images_OBJ046/OBJ046_083.jpg,images_OBJ046,45
images_OBJ012/OBJ012_079.jpg,images_OBJ012,11
images_OBJ041/OBJ041_090.jpg,images_OBJ041,40
images_OBJ012/OBJ012_084.jpg,images_OBJ012,11
images_OBJ034/OBJ034_041.jpg,images_OBJ034,33
images_OBJ014/sunglasses_029.jpeg,images_OBJ014,13
images_OBJ001/OBJ001_067.jpg,images_OBJ001,0
images_OBJ008/OBJ008_055.jpg,images_OBJ008,7
images_OBJ048/OBJ048_066.jpg,images_OBJ048,47
images_OBJ046/OBJ046_037.jpg,images_OBJ046,45
images_OBJ037/OBJ037_003.jpg,images_OBJ037,36
images_OBJ055/OBJ055_040.jpg,images_OBJ055,54
images_OBJ062/OBJ062_021.jpg,images_OBJ062,61
images_OBJ036/OBJ036_043.jpg,images_OBJ036,35
images_OBJ012/OBJ012_031.jpg,images_OBJ012,11
images_OBJ036/OBJ036_033.jpg,images_OBJ036,35
images_OBJ003/OBJ003_028.jpg,images_OBJ003,2
images_OBJ042/OBJ042_092.jpg,images_OBJ042,41
images_OBJ056/OBJ056_088.jpg,images_OBJ056,55
images_OBJ058/OBJ058_075.jpg,images_OBJ058,57
images_OBJ029/OBJ029_081.jpg,images_OBJ029,28
images_OBJ052/OBJ052_095.jpg,images_OBJ052,51
images_OBJ003/OBJ003_087.jpg,images_OBJ003,2
images_OBJ055/OBJ055_044.jpg,images_OBJ055,54
images_OBJ026/OBJ026_bg_001.jpg,images_OBJ026,25
images_OBJ044/OBJ044_081.jpg,images_OBJ044,43
images_OBJ068/OBJ068_021.jpg,images_OBJ068,67
images_OBJ027/OBJ027_002.jpg,images_OBJ027,26
images_OBJ054/OBJ054_045.jpg,images_OBJ054,53
images_OBJ031/OBJ031_008.jpg,images_OBJ031,30
images_OBJ059/OBJ059_014.jpg,images_OBJ059,58
images_OBJ008/OBJ008_045.jpg,images_OBJ008,7
images_OBJ007/OBJ007_019.jpg,images_OBJ007,6
images_OBJ030/OBJ030_049.jpg,images_OBJ030,29
images_OBJ053/OBJ053_bg_004.jpg,images_OBJ053,52
images_OBJ013/OBJ013_053.jpg,images_OBJ013,12
images_OBJ067/OBJ067_0076.jpg,images_OBJ067,66
images_OBJ045/OBJ045_078.jpg,images_OBJ045,44
images_OBJ019/OBJ019_086.jpg,images_OBJ019,18
images_OBJ020/OBJ020_049.jpg,images_OBJ020,19
images_OBJ073/OBJ073_034.jpg,images_OBJ073,72
images_OBJ065/OBJ065_066.jpg,images_OBJ065,64
images_OBJ027/OBJ027_025.jpg,images_OBJ027,26
images_OBJ014/sunglasses_073.jpeg,images_OBJ014,13
images_OBJ061/OBJ061_094.jpg,images_OBJ061,60
images_OBJ045/OBJ045_012.jpg,images_OBJ045,44
images_OBJ072/OBJ072_085.jpg,images_OBJ072,71
images_OBJ025/OBJ025_025.jpg,images_OBJ025,24
images_OBJ055/OBJ055_043.jpg,images_OBJ055,54
images_OBJ038/OBJ038_045.jpg,images_OBJ038,37
images_OBJ055/OBJ055_094.jpg,images_OBJ055,54
images_OBJ038/OBJ038_031.jpg,images_OBJ038,37
images_OBJ073/OBJ073_047.jpg,images_OBJ073,72
images_OBJ042/OBJ042_028.jpg,images_OBJ042,41
images_OBJ019/OBJ019_052.jpg,images_OBJ019,18
images_OBJ065/OBJ065_070.jpg,images_OBJ065,64
images_OBJ007/OBJ007_082.jpg,images_OBJ007,6
images_OBJ050/OBJ050_072.jpg,images_OBJ050,49
images_OBJ009/OBJ009_001.jpg,images_OBJ009,8
images_OBJ037/OBJ037_079.jpg,images_OBJ037,36
images_OBJ004/OBJ004_029.jpg,images_OBJ004,3
images_OBJ009/OBJ009_024.jpg,images_OBJ009,8
images_OBJ066/OBJ066_083.jpg,images_OBJ066,65
images_OBJ010/OBJ010_036.jpg,images_OBJ010,9
images_OBJ003/OBJ003_044.jpg,images_OBJ003,2
images_OBJ045/OBJ045_072.jpg,images_OBJ045,44
images_OBJ052/OBJ052_094.jpg,images_OBJ052,51
images_OBJ057/OBJ057_095.jpg,images_OBJ057,56
images_OBJ020/OBJ020_073.jpg,images_OBJ020,19
images_OBJ020/OBJ020_bg_002.jpg,images_OBJ020,19
images_OBJ014/sunglasses_024.jpeg,images_OBJ014,13
images_OBJ067/OBJ067_0015.jpg,images_OBJ067,66
images_OBJ071/OBJ071_017.jpg,images_OBJ071,70
images_OBJ012/OBJ012_027.jpg,images_OBJ012,11
images_OBJ046/OBJ046_bg_005.jpg,images_OBJ046,45
images_OBJ028/OBJ028_018.jpg,images_OBJ028,27
images_OBJ024/OBJ024_bg_004.jpg,images_OBJ024,23
images_OBJ006/OBJ006_077.jpg,images_OBJ006,5
images_OBJ043/OBJ043_028.jpg,images_OBJ043,42
images_OBJ013/OBJ013_068.jpg,images_OBJ013,12
images_OBJ009/OBJ009_005.jpg,images_OBJ009,8
images_OBJ012/OBJ012_006.jpg,images_OBJ012,11
images_OBJ053/OBJ053_bg_005.jpg,images_OBJ053,52
images_OBJ015/OBJ015_013.jpg,images_OBJ015,14
images_OBJ016/OBJ016_088.jpg,images_OBJ016,15
images_OBJ022/OBJ022_027.jpeg,images_OBJ022,21
images_OBJ013/OBJ013_049.jpg,images_OBJ013,12
images_OBJ032/OBJ032_026.jpg,images_OBJ032,31
images_OBJ004/OBJ004_059.jpg,images_OBJ004,3
images_OBJ053/OBJ053_046.jpg,images_OBJ053,52
images_OBJ011/OBJ011_079.jpg,images_OBJ011,10
images_OBJ062/OBJ062_020.jpg,images_OBJ062,61
images_OBJ009/OBJ009_029.jpg,images_OBJ009,8
images_OBJ047/OBJ047_045.jpg,images_OBJ047,46
images_OBJ051/OBJ051_055.jpg,images_OBJ051,50
images_OBJ038/OBJ038_064.jpg,images_OBJ038,37
images_OBJ006/OBJ006_041.jpg,images_OBJ006,5
images_OBJ049/OBJ049_097.jpg,images_OBJ049,48
images_OBJ047/OBJ047_093.jpg,images_OBJ047,46
images_OBJ059/OBJ059_bg_001.jpg,images_OBJ059,58
images_OBJ050/OBJ050_047.jpg,images_OBJ050,49
images_OBJ042/OBJ042_039.jpg,images_OBJ042,41
images_OBJ043/OBJ043_040.jpg,images_OBJ043,42
images_OBJ071/OBJ071_043.jpg,images_OBJ071,70
images_OBJ071/OBJ071_066.jpg,images_OBJ071,70
images_OBJ045/OBJ045_065.jpg,images_OBJ045,44
images_OBJ043/OBJ043_021.jpg,images_OBJ043,42
images_OBJ070/OBJ070_019.jpg,images_OBJ070,69
images_OBJ009/OBJ009_bg_011.jpg,images_OBJ009,8
images_OBJ068/OBJ068_090.jpg,images_OBJ068,67
images_OBJ066/OBJ066_066.jpg,images_OBJ066,65
images_OBJ054/OBJ054_023.jpg,images_OBJ054,53
images_OBJ072/OBJ072_095.jpg,images_OBJ072,71
images_OBJ029/OBJ029_093.jpg,images_OBJ029,28
images_OBJ052/OBJ052_031.jpg,images_OBJ052,51
images_OBJ047/OBJ047_018.jpg,images_OBJ047,46
images_OBJ073/OBJ073_036.jpg,images_OBJ073,72
images_OBJ058/OBJ058_011.jpg,images_OBJ058,57
images_OBJ033/OBJ033_032.jpg,images_OBJ033,32
images_OBJ031/OBJ031_007.jpg,images_OBJ031,30
images_OBJ011/OBJ011_024.jpg,images_OBJ011,10
images_OBJ039/OBJ039_059.jpg,images_OBJ039,38
images_OBJ053/OBJ053_045.jpg,images_OBJ053,52
images_OBJ023/OBJ023_063.JPG,images_OBJ023,22
images_OBJ058/OBJ058_009.jpg,images_OBJ058,57
images_OBJ028/OBJ028_032(1).jpg,images_OBJ028,27
images_OBJ072/OBJ072_062.jpg,images_OBJ072,71
images_OBJ024/OBJ024_057.jpg,images_OBJ024,23
images_OBJ041/OBJ041_084.jpg,images_OBJ041,40
images_OBJ038/OBJ038_014.jpg,images_OBJ038,37
images_OBJ007/OBJ007_072.jpg,images_OBJ007,6
images_OBJ057/OBJ057_073.jpg,images_OBJ057,56
images_OBJ050/OBJ050_034.jpg,images_OBJ050,49
images_OBJ022/OBJ022_080.jpeg,images_OBJ022,21
images_OBJ045/OBJ045_077.jpg,images_OBJ045,44
images_OBJ021/OBJ021_053.jpg,images_OBJ021,20
images_OBJ028/OBJ028_029.jpg,images_OBJ028,27
images_OBJ063/OBJ063_029.jpg,images_OBJ063,62
images_OBJ027/OBJ027_040.jpg,images_OBJ027,26
images_OBJ039/OBJ039_035.jpg,images_OBJ039,38
images_OBJ017/OBJ017_043.jpg,images_OBJ017,16
images_OBJ033/OBJ033_020.jpg,images_OBJ033,32
images_OBJ042/OBJ042_038.jpg,images_OBJ042,41
images_OBJ058/OBJ058_026.jpg,images_OBJ058,57
images_OBJ054/OBJ054_012.jpg,images_OBJ054,53
images_OBJ029/OBJ029_029.jpg,images_OBJ029,28
images_OBJ037/OBJ037_019.jpg,images_OBJ037,36
images_OBJ029/OBJ029_034.jpg,images_OBJ029,28
images_OBJ004/OBJ004_087.jpg,images_OBJ004,3
images_OBJ051/OBJ051_066.jpg,images_OBJ051,50
images_OBJ070/OBJ070_025.jpg,images_OBJ070,69
images_OBJ027/OBJ027_048.jpg,images_OBJ027,26
images_OBJ008/OBJ008_053.jpg,images_OBJ008,7
images_OBJ051/OBJ051_003.jpg,images_OBJ051,50
images_OBJ044/OBJ044_052.jpg,images_OBJ044,43
images_OBJ059/OBJ059_006.jpg,images_OBJ059,58
images_OBJ030/OBJ030_008.jpg,images_OBJ030,29
images_OBJ012/OBJ012_035.jpg,images_OBJ012,11
images_OBJ013/OBJ013_031.jpg,images_OBJ013,12
images_OBJ006/OBJ006_073.jpg,images_OBJ006,5
images_OBJ005/OBJ005_088.jpg,images_OBJ005,4
images_OBJ029/OBJ029_015.jpg,images_OBJ029,28
images_OBJ030/OBJ030_018.jpg,images_OBJ030,29
images_OBJ017/OBJ017_024.jpg,images_OBJ017,16
images_OBJ062/OBJ062_053.jpg,images_OBJ062,61
images_OBJ013/OBJ013_032.jpg,images_OBJ013,12
images_OBJ025/OBJ025_080.jpg,images_OBJ025,24
images_OBJ001/OBJ001_055.jpg,images_OBJ001,0
images_OBJ023/OBJ023_021.JPG,images_OBJ023,22
images_OBJ073/OBJ073_bg_02.jpg,images_OBJ073,72
images_OBJ052/OBJ052_009.jpg,images_OBJ052,51
images_OBJ055/OBJ055_058.jpg,images_OBJ055,54
images_OBJ003/OBJ003_065.jpg,images_OBJ003,2
images_OBJ043/OBJ043_003.jpg,images_OBJ043,42
images_OBJ045/OBJ045_026.jpg,images_OBJ045,44
images_OBJ003/OBJ003_070.jpg,images_OBJ003,2
images_OBJ050/OBJ050_081.jpg,images_OBJ050,49
images_OBJ051/OBJ051_056.jpg,images_OBJ051,50
images_OBJ063/OBJ063_008.jpg,images_OBJ063,62
images_OBJ010/OBJ010_042.jpg,images_OBJ010,9
images_OBJ030/OBJ030_091.jpg,images_OBJ030,29
images_OBJ017/OBJ017_057.jpg,images_OBJ017,16
images_OBJ050/OBJ050_012.jpg,images_OBJ050,49
images_OBJ031/OBJ031_005.jpg,images_OBJ031,30
images_OBJ025/OBJ025_081.jpg,images_OBJ025,24
images_OBJ044/OBJ044_090.jpg,images_OBJ044,43
images_OBJ069/OBJ069_076.jpg,images_OBJ069,68
images_OBJ038/OBJ038_089.jpg,images_OBJ038,37
images_OBJ012/OBJ012_081.jpg,images_OBJ012,11
images_OBJ003/OBJ003_053.jpg,images_OBJ003,2
images_OBJ061/OBJ061_046.jpg,images_OBJ061,60
images_OBJ013/OBJ013_028.jpg,images_OBJ013,12
images_OBJ031/OBJ031_066.jpg,images_OBJ031,30
images_OBJ071/OBJ071_037.jpg,images_OBJ071,70
images_OBJ058/OBJ058_027.jpg,images_OBJ058,57
images_OBJ062/OBJ062_011.jpg,images_OBJ062,61
images_OBJ049/OBJ049_074.jpg,images_OBJ049,48
images_OBJ027/OBJ027_059.jpg,images_OBJ027,26
images_OBJ059/OBJ059_033.jpg,images_OBJ059,58
images_OBJ002/OBJ002_025.jpg,images_OBJ002,1
images_OBJ004/OBJ004_095.jpg,images_OBJ004,3
images_OBJ037/OBJ037_007.jpg,images_OBJ037,36
images_OBJ050/OBJ050_068.jpg,images_OBJ050,49
images_OBJ019/OBJ019_092.jpg,images_OBJ019,18
images_OBJ054/OBJ054_076.jpg,images_OBJ054,53
images_OBJ060/OBJ060_41.JPG,images_OBJ060,59
images_OBJ044/OBJ044_026.jpg,images_OBJ044,43
images_OBJ026/OBJ026_028.jpg,images_OBJ026,25
images_OBJ027/OBJ027_072.jpg,images_OBJ027,26
images_OBJ031/OBJ031_027.jpg,images_OBJ031,30
images_OBJ028/OBJ028_073.jpg,images_OBJ028,27
images_OBJ016/OBJ016_015.jpg,images_OBJ016,15
images_OBJ026/OBJ026_063.jpg,images_OBJ026,25
images_OBJ035/OBJ035_068.jpg,images_OBJ035,34
images_OBJ009/OBJ009_056.jpg,images_OBJ009,8
images_OBJ068/OBJ068_041.jpg,images_OBJ068,67
images_OBJ042/OBJ042_085.jpg,images_OBJ042,41
images_OBJ038/OBJ038_bg_005.jpg,images_OBJ038,37
images_OBJ040/OBJ040_083.JPG,images_OBJ040,39
images_OBJ065/OBJ065_030.jpg,images_OBJ065,64
images_OBJ010/OBJ010_028.jpg,images_OBJ010,9
images_OBJ044/OBJ044_018.jpg,images_OBJ044,43
images_OBJ051/OBJ051_bg_002.jpg,images_OBJ051,50
images_OBJ006/OBJ006_019.jpg,images_OBJ006,5
images_OBJ025/OBJ025_005.jpg,images_OBJ025,24
images_OBJ064/OBJ064_077.jpg,images_OBJ064,63
images_OBJ030/OBJ030_062.jpg,images_OBJ030,29
images_OBJ070/OBJ070_051.jpg,images_OBJ070,69
images_OBJ063/OBJ063_019.jpg,images_OBJ063,62
images_OBJ035/OBJ035_043.jpg,images_OBJ035,34
images_OBJ037/OBJ037_066.jpg,images_OBJ037,36
images_OBJ007/OBJ007_031.jpg,images_OBJ007,6
images_OBJ065/OBJ065_032.jpg,images_OBJ065,64
images_OBJ026/OBJ026_023.jpg,images_OBJ026,25
images_OBJ014/sunglasses_022.jpeg,images_OBJ014,13
images_OBJ018/OBJ018_059.jpg,images_OBJ018,17
images_OBJ033/OBJ033_049.jpg,images_OBJ033,32
images_OBJ059/OBJ059_030.jpg,images_OBJ059,58
images_OBJ050/OBJ050_051.jpg,images_OBJ050,49
images_OBJ042/OBJ042_bg_002.jpg,images_OBJ042,41
images_OBJ044/OBJ044_056.jpg,images_OBJ044,43
images_OBJ070/OBJ070_006.jpg,images_OBJ070,69
images_OBJ064/OBJ064_075.jpg,images_OBJ064,63
images_OBJ035/OBJ035_066.jpg,images_OBJ035,34
images_OBJ007/OBJ007_014.jpg,images_OBJ007,6
images_OBJ020/OBJ020_002.jpg,images_OBJ020,19
images_OBJ044/OBJ044_089.jpg,images_OBJ044,43
images_OBJ061/OBJ061_bg_004.jpg,images_OBJ061,60
images_OBJ040/OBJ040_021.JPG,images_OBJ040,39
images_OBJ028/OBJ028_042.jpg,images_OBJ028,27
images_OBJ072/OBJ072_091.jpg,images_OBJ072,71
images_OBJ052/OBJ052_089.jpg,images_OBJ052,51
images_OBJ037/OBJ037_052.jpg,images_OBJ037,36
images_OBJ011/OBJ011_bg_003.jpg,images_OBJ011,10
images_OBJ026/OBJ026_041.jpg,images_OBJ026,25
images_OBJ068/OBJ068_063.jpg,images_OBJ068,67
images_OBJ005/OBJ005_008.jpg,images_OBJ005,4
images_OBJ042/OBJ042_090.jpg,images_OBJ042,41
images_OBJ020/OBJ020_019.jpg,images_OBJ020,19
images_OBJ035/OBJ035_031.jpg,images_OBJ035,34
images_OBJ058/OBJ058_048.jpg,images_OBJ058,57
images_OBJ016/OBJ016_083.jpg,images_OBJ016,15
images_OBJ002/OBJ002_041.jpg,images_OBJ002,1
images_OBJ020/OBJ020_015.jpg,images_OBJ020,19
images_OBJ057/OBJ057_041.jpg,images_OBJ057,56
images_OBJ043/OBJ043_037.jpg,images_OBJ043,42
images_OBJ030/OBJ030_055.jpg,images_OBJ030,29
images_OBJ031/OBJ031_049.jpg,images_OBJ031,30
images_OBJ056/OBJ056_024.jpg,images_OBJ056,55
images_OBJ001/OBJ001_082.jpg,images_OBJ001,0
images_OBJ069/OBJ069_031.jpg,images_OBJ069,68
images_OBJ012/OBJ012_010.jpg,images_OBJ012,11
images_OBJ033/OBJ033_043.jpg,images_OBJ033,32
images_OBJ030/OBJ030_047.jpg,images_OBJ030,29
images_OBJ005/OBJ005_025.jpg,images_OBJ005,4
images_OBJ036/OBJ036_068.jpg,images_OBJ036,35
images_OBJ031/OBJ031_075.jpg,images_OBJ031,30
images_OBJ042/OBJ042_024.jpg,images_OBJ042,41
images_OBJ052/OBJ052_022.jpg,images_OBJ052,51
images_OBJ042/OBJ042_086.jpg,images_OBJ042,41
images_OBJ058/OBJ058_030.jpg,images_OBJ058,57
images_OBJ071/OBJ071_055.jpg,images_OBJ071,70
images_OBJ024/OBJ024_055.jpg,images_OBJ024,23
images_OBJ039/OBJ039_065.jpg,images_OBJ039,38
images_OBJ015/OBJ015_047.jpg,images_OBJ015,14
images_OBJ019/OBJ019_070.jpg,images_OBJ019,18
images_OBJ040/OBJ040_055.JPG,images_OBJ040,39
images_OBJ003/OBJ003_089.jpg,images_OBJ003,2
images_OBJ035/OBJ035_095.jpg,images_OBJ035,34
images_OBJ017/OBJ017_059.jpg,images_OBJ017,16
images_OBJ002/OBJ002_029.jpg,images_OBJ002,1
images_OBJ024/OBJ024_076.jpg,images_OBJ024,23
images_OBJ045/OBJ045_007.jpg,images_OBJ045,44
images_OBJ070/OBJ070_056.jpg,images_OBJ070,69
images_OBJ073/OBJ073_bg_04.jpg,images_OBJ073,72
images_OBJ015/OBJ015_095.jpg,images_OBJ015,14
images_OBJ064/OBJ064_082.jpg,images_OBJ064,63
images_OBJ029/OBJ029_088.jpg,images_OBJ029,28
images_OBJ049/OBJ049_027.jpg,images_OBJ049,48
images_OBJ036/OBJ036_062.jpg,images_OBJ036,35
images_OBJ013/OBJ013_065.jpg,images_OBJ013,12
images_OBJ016/OBJ016_046.jpg,images_OBJ016,15
images_OBJ037/OBJ037_036.jpg,images_OBJ037,36
images_OBJ061/OBJ061_020.jpg,images_OBJ061,60
images_OBJ052/OBJ052_024.jpg,images_OBJ052,51
images_OBJ061/OBJ061_092.jpg,images_OBJ061,60
images_OBJ001/OBJ001_bg_003.jpg,images_OBJ001,0
images_OBJ023/OBJ023_093.JPG,images_OBJ023,22
images_OBJ033/OBJ033_025.jpg,images_OBJ033,32
images_OBJ038/OBJ038_010.jpg,images_OBJ038,37
images_OBJ007/OBJ007_056.jpg,images_OBJ007,6
images_OBJ019/OBJ019_046.jpg,images_OBJ019,18
images_OBJ030/OBJ030_086.jpg,images_OBJ030,29
images_OBJ019/OBJ019_bg_002.jpg,images_OBJ019,18
images_OBJ022/OBJ022_052.jpeg,images_OBJ022,21
images_OBJ013/OBJ013_067.jpg,images_OBJ013,12
images_OBJ036/OBJ036_bg_001.jpg,images_OBJ036,35
images_OBJ013/OBJ013_002.jpg,images_OBJ013,12
images_OBJ058/OBJ058_025.jpg,images_OBJ058,57
images_OBJ057/OBJ057_029.jpg,images_OBJ057,56
images_OBJ014/sunglasses_bg_002.jpeg,images_OBJ014,13
images_OBJ070/OBJ070_070.jpg,images_OBJ070,69
images_OBJ044/OBJ044_009.jpg,images_OBJ044,43
images_OBJ065/OBJ065_003.jpg,images_OBJ065,64
images_OBJ007/OBJ007_071.jpg,images_OBJ007,6
images_OBJ025/OBJ025_024.jpg,images_OBJ025,24
images_OBJ056/OBJ056_092.jpg,images_OBJ056,55
images_OBJ002/OBJ002_074.jpg,images_OBJ002,1
images_OBJ024/OBJ024_044.jpg,images_OBJ024,23
images_OBJ055/OBJ055_071.jpg,images_OBJ055,54
images_OBJ013/OBJ013_061.jpg,images_OBJ013,12
images_OBJ051/OBJ051_064.jpg,images_OBJ051,50
images_OBJ054/OBJ054_067.jpg,images_OBJ054,53
images_OBJ055/OBJ055_057.jpg,images_OBJ055,54
images_OBJ021/OBJ021_006.jpg,images_OBJ021,20
images_OBJ039/OBJ039_032.jpg,images_OBJ039,38
images_OBJ021/OBJ021_039.jpg,images_OBJ021,20
images_OBJ012/OBJ012_089.jpg,images_OBJ012,11
images_OBJ044/OBJ044_073.jpg,images_OBJ044,43
images_OBJ059/OBJ059_047.jpg,images_OBJ059,58
images_OBJ065/OBJ065_084.jpg,images_OBJ065,64
images_OBJ025/OBJ025_063.jpg,images_OBJ025,24
images_OBJ027/OBJ027_023.jpg,images_OBJ027,26
images_OBJ058/OBJ058_088.jpg,images_OBJ058,57
images_OBJ048/OBJ048_077.jpg,images_OBJ048,47
images_OBJ021/OBJ021_094.jpg,images_OBJ021,20
images_OBJ051/OBJ051_029.jpg,images_OBJ051,50
images_OBJ062/OBJ062_085.jpg,images_OBJ062,61
images_OBJ041/OBJ041_006.jpg,images_OBJ041,40
images_OBJ041/OBJ041_049.jpg,images_OBJ041,40
images_OBJ027/OBJ027_008.jpg,images_OBJ027,26
images_OBJ053/OBJ053_039.jpg,images_OBJ053,52
images_OBJ011/OBJ011_053.jpg,images_OBJ011,10
images_OBJ009/OBJ009_066.jpg,images_OBJ009,8
images_OBJ008/OBJ008_094.jpg,images_OBJ008,7
images_OBJ010/OBJ010_054.jpg,images_OBJ010,9
images_OBJ068/OBJ068_057.jpg,images_OBJ068,67
images_OBJ016/OBJ016_030.jpg,images_OBJ016,15
images_OBJ046/OBJ046_072.jpg,images_OBJ046,45
images_OBJ027/OBJ027_007.jpg,images_OBJ027,26
images_OBJ004/OBJ004_062.jpg,images_OBJ004,3
images_OBJ058/OBJ058_095.jpg,images_OBJ058,57
images_OBJ004/OBJ004_089.jpg,images_OBJ004,3
images_OBJ042/OBJ042_061.jpg,images_OBJ042,41
images_OBJ030/OBJ030_071.jpg,images_OBJ030,29
images_OBJ029/OBJ029_035.jpg,images_OBJ029,28
images_OBJ071/OBJ071_090.jpg,images_OBJ071,70
images_OBJ066/OBJ066_051.jpg,images_OBJ066,65
images_OBJ067/OBJ067_0039.jpg,images_OBJ067,66
images_OBJ062/OBJ062_035.jpg,images_OBJ062,61
images_OBJ034/OBJ034_048.jpg,images_OBJ034,33
images_OBJ038/OBJ038_040.jpg,images_OBJ038,37
images_OBJ013/OBJ013_063.jpg,images_OBJ013,12
images_OBJ018/OBJ018_090.jpg,images_OBJ018,17
images_OBJ058/OBJ058_074.jpg,images_OBJ058,57
images_OBJ036/OBJ036_025.jpg,images_OBJ036,35
images_OBJ003/OBJ003_094.jpg,images_OBJ003,2
images_OBJ012/OBJ012_077.jpg,images_OBJ012,11
images_OBJ044/OBJ044_066.jpg,images_OBJ044,43
images_OBJ056/OBJ056_040.jpg,images_OBJ056,55
images_OBJ014/sunglasses_033.jpeg,images_OBJ014,13
images_OBJ028/OBJ028_022.jpg,images_OBJ028,27
images_OBJ073/OBJ073_020.jpg,images_OBJ073,72
images_OBJ058/OBJ058_072.jpg,images_OBJ058,57
images_OBJ029/OBJ029_012.jpg,images_OBJ029,28
images_OBJ040/OBJ040_064.JPG,images_OBJ040,39
images_OBJ043/OBJ043_012.jpg,images_OBJ043,42
images_OBJ004/OBJ004_092.jpg,images_OBJ004,3
images_OBJ065/OBJ065_012.jpg,images_OBJ065,64
images_OBJ060/OBJ060_7.JPG,images_OBJ060,59
images_OBJ008/OBJ008_077.jpg,images_OBJ008,7
images_OBJ001/OBJ001_090.jpg,images_OBJ001,0
images_OBJ006/OBJ006_006.jpg,images_OBJ006,5
images_OBJ050/OBJ050_019.jpg,images_OBJ050,49
images_OBJ048/OBJ048_040.jpg,images_OBJ048,47
images_OBJ004/OBJ004_088.jpg,images_OBJ004,3
images_OBJ003/OBJ003_017.jpg,images_OBJ003,2
images_OBJ054/OBJ054_049.jpg,images_OBJ054,53
images_OBJ031/OBJ031_032.jpg,images_OBJ031,30
images_OBJ042/OBJ042_073.jpg,images_OBJ042,41
images_OBJ062/OBJ062_024.jpg,images_OBJ062,61
images_OBJ034/OBJ034_060.jpg,images_OBJ034,33
images_OBJ070/OBJ070_053.jpg,images_OBJ070,69
images_OBJ056/OBJ056_007.jpg,images_OBJ056,55
images_OBJ073/OBJ073_006.jpg,images_OBJ073,72
images_OBJ059/OBJ059_054.jpg,images_OBJ059,58
images_OBJ011/OBJ011_019.jpg,images_OBJ011,10
images_OBJ035/OBJ035_012.jpg,images_OBJ035,34
images_OBJ051/OBJ051_014.jpg,images_OBJ051,50
images_OBJ030/OBJ030_bg_005.jpg,images_OBJ030,29
images_OBJ034/OBJ034_077.jpg,images_OBJ034,33
images_OBJ045/OBJ045_010.jpg,images_OBJ045,44
images_OBJ037/OBJ037_039.jpg,images_OBJ037,36
images_OBJ053/OBJ053_013.jpg,images_OBJ053,52
images_OBJ071/OBJ071_044.jpg,images_OBJ071,70
images_OBJ058/OBJ058_063.jpg,images_OBJ058,57
images_OBJ011/OBJ011_057.jpg,images_OBJ011,10
images_OBJ038/OBJ038_021.jpg,images_OBJ038,37
images_OBJ003/OBJ003_046.jpg,images_OBJ003,2
images_OBJ072/OBJ072_070.jpg,images_OBJ072,71
images_OBJ067/OBJ067_0088.jpg,images_OBJ067,66
images_OBJ007/OBJ007_085.jpg,images_OBJ007,6
images_OBJ037/OBJ037_072.jpg,images_OBJ037,36
images_OBJ029/OBJ029_027.jpg,images_OBJ029,28
images_OBJ057/OBJ057_036.jpg,images_OBJ057,56
images_OBJ061/OBJ061_040.jpg,images_OBJ061,60
images_OBJ004/OBJ004_082.jpg,images_OBJ004,3
images_OBJ010/OBJ010_077.jpg,images_OBJ010,9
images_OBJ028/OBJ028_016.jpg,images_OBJ028,27
images_OBJ063/OBJ063_011.jpg,images_OBJ063,62
images_OBJ048/OBJ048_095.jpg,images_OBJ048,47
images_OBJ013/OBJ013_083.jpg,images_OBJ013,12
images_OBJ010/OBJ010_082.jpg,images_OBJ010,9
images_OBJ066/OBJ066_023.jpg,images_OBJ066,65
images_OBJ073/OBJ073_010.jpg,images_OBJ073,72
images_OBJ068/OBJ068_072.jpg,images_OBJ068,67
images_OBJ007/OBJ007_010.jpg,images_OBJ007,6
images_OBJ064/OBJ064_079.jpg,images_OBJ064,63
images_OBJ051/OBJ051_071.jpg,images_OBJ051,50
images_OBJ042/OBJ042_016.jpg,images_OBJ042,41
images_OBJ026/OBJ026_086.jpg,images_OBJ026,25
images_OBJ022/OBJ022_006.jpeg,images_OBJ022,21
images_OBJ017/OBJ017_023.jpg,images_OBJ017,16
images_OBJ037/OBJ037_018.jpg,images_OBJ037,36
images_OBJ038/OBJ038_078.jpg,images_OBJ038,37
images_OBJ003/OBJ003_062.jpg,images_OBJ003,2
images_OBJ036/OBJ036_090.jpg,images_OBJ036,35
images_OBJ032/OBJ032_059.jpg,images_OBJ032,31
images_OBJ064/OBJ064_072.jpg,images_OBJ064,63
images_OBJ042/OBJ042_035.jpg,images_OBJ042,41
images_OBJ049/OBJ049_085.jpg,images_OBJ049,48
images_OBJ056/OBJ056_041.jpg,images_OBJ056,55
images_OBJ059/OBJ059_065.jpg,images_OBJ059,58
images_OBJ053/OBJ053_066.jpg,images_OBJ053,52
images_OBJ053/OBJ053_015.jpg,images_OBJ053,52
images_OBJ039/OBJ039_094.jpg,images_OBJ039,38
images_OBJ022/OBJ022_055.jpeg,images_OBJ022,21
images_OBJ038/OBJ038_075.jpg,images_OBJ038,37
images_OBJ010/OBJ010_081.jpg,images_OBJ010,9
images_OBJ062/OBJ062_031.jpg,images_OBJ062,61
images_OBJ017/OBJ017_bg_007.jpg,images_OBJ017,16
images_OBJ036/OBJ036_bg_005.jpg,images_OBJ036,35
images_OBJ029/OBJ029_046.jpg,images_OBJ029,28
images_OBJ046/OBJ046_063.jpg,images_OBJ046,45
images_OBJ036/OBJ036_001.jpg,images_OBJ036,35
images_OBJ010/OBJ010_071.jpg,images_OBJ010,9
images_OBJ016/OBJ016_082.jpg,images_OBJ016,15
images_OBJ001/OBJ001_027.jpg,images_OBJ001,0
images_OBJ058/OBJ058_039.jpg,images_OBJ058,57
images_OBJ054/OBJ054_068.jpg,images_OBJ054,53
images_OBJ066/OBJ066_020.jpg,images_OBJ066,65
images_OBJ030/OBJ030_022.jpg,images_OBJ030,29
images_OBJ073/OBJ073_043.jpg,images_OBJ073,72
images_OBJ053/OBJ053_076.jpg,images_OBJ053,52
images_OBJ068/OBJ068_078.jpg,images_OBJ068,67
images_OBJ025/OBJ025_073.jpg,images_OBJ025,24
images_OBJ007/OBJ007_079.jpg,images_OBJ007,6
images_OBJ008/OBJ008_028.jpg,images_OBJ008,7
images_OBJ048/OBJ048_022.jpg,images_OBJ048,47
images_OBJ071/OBJ071_034.jpg,images_OBJ071,70
images_OBJ016/OBJ016_051.jpg,images_OBJ016,15
images_OBJ027/OBJ027_093.jpg,images_OBJ027,26
images_OBJ023/OBJ023_050.JPG,images_OBJ023,22
images_OBJ052/OBJ052_084.jpg,images_OBJ052,51
images_OBJ045/OBJ045_023.jpg,images_OBJ045,44
images_OBJ035/OBJ035_028.jpg,images_OBJ035,34
images_OBJ060/OBJ060_74.JPG,images_OBJ060,59
images_OBJ055/OBJ055_024.jpg,images_OBJ055,54
images_OBJ024/OBJ024_028.jpg,images_OBJ024,23
images_OBJ039/OBJ039_042.jpg,images_OBJ039,38
images_OBJ064/OBJ064_091.jpg,images_OBJ064,63
images_OBJ021/OBJ021_058.jpg,images_OBJ021,20
images_OBJ057/OBJ057_059.jpg,images_OBJ057,56
images_OBJ058/OBJ058_053.jpg,images_OBJ058,57
images_OBJ010/OBJ010_070.jpg,images_OBJ010,9
images_OBJ002/OBJ002_023.jpg,images_OBJ002,1
images_OBJ049/OBJ049_064.jpg,images_OBJ049,48
images_OBJ063/OBJ063_016.jpg,images_OBJ063,62
images_OBJ063/OBJ063_014.jpg,images_OBJ063,62
images_OBJ036/OBJ036_007.jpg,images_OBJ036,35
images_OBJ069/OBJ069_061.jpg,images_OBJ069,68
images_OBJ009/OBJ009_002.jpg,images_OBJ009,8
images_OBJ042/OBJ042_030.jpg,images_OBJ042,41
images_OBJ037/OBJ037_015.jpg,images_OBJ037,36
images_OBJ032/OBJ032_083.jpg,images_OBJ032,31
images_OBJ041/OBJ041_044.jpg,images_OBJ041,40
images_OBJ035/OBJ035_029.jpg,images_OBJ035,34
images_OBJ055/OBJ055_036.jpg,images_OBJ055,54
images_OBJ019/OBJ019_032.jpg,images_OBJ019,18
images_OBJ029/OBJ029_068.jpg,images_OBJ029,28
images_OBJ073/OBJ073_bg_01.jpg,images_OBJ073,72
images_OBJ028/OBJ028_093.jpg,images_OBJ028,27
images_OBJ029/OBJ029_085.jpg,images_OBJ029,28
images_OBJ011/OBJ011_066.jpg,images_OBJ011,10
images_OBJ018/OBJ018_011.jpg,images_OBJ018,17
images_OBJ024/OBJ024_007.jpg,images_OBJ024,23
images_OBJ053/OBJ053_022.jpg,images_OBJ053,52
images_OBJ037/OBJ037_002.jpg,images_OBJ037,36
images_OBJ013/OBJ013_003.jpg,images_OBJ013,12
images_OBJ029/OBJ029_037.jpg,images_OBJ029,28
images_OBJ043/OBJ043_032.jpg,images_OBJ043,42
images_OBJ063/OBJ063_033.jpg,images_OBJ063,62
images_OBJ006/OBJ006_059.jpg,images_OBJ006,5
images_OBJ014/sunglasses_040.jpeg,images_OBJ014,13
images_OBJ054/OBJ054_028.jpg,images_OBJ054,53
images_OBJ008/OBJ008_083.jpg,images_OBJ008,7
images_OBJ007/OBJ007_011.jpg,images_OBJ007,6
images_OBJ064/OBJ064_066.jpg,images_OBJ064,63
images_OBJ048/OBJ048_023.jpg,images_OBJ048,47
images_OBJ046/OBJ046_060.jpg,images_OBJ046,45
images_OBJ022/OBJ022_081.jpeg,images_OBJ022,21
images_OBJ021/OBJ021_014.jpg,images_OBJ021,20
images_OBJ061/OBJ061_013.jpg,images_OBJ061,60
images_OBJ030/OBJ030_072.jpg,images_OBJ030,29
images_OBJ036/OBJ036_075.jpg,images_OBJ036,35
images_OBJ070/OBJ070_bg_004.jpg,images_OBJ070,69
images_OBJ071/OBJ071_025.jpg,images_OBJ071,70
images_OBJ030/OBJ030_080.jpg,images_OBJ030,29
images_OBJ055/OBJ055_006.jpg,images_OBJ055,54
images_OBJ006/OBJ006_002.jpg,images_OBJ006,5
images_OBJ020/OBJ020_013.jpg,images_OBJ020,19
images_OBJ054/OBJ054_027.jpg,images_OBJ054,53
images_OBJ017/OBJ017_010.jpg,images_OBJ017,16
images_OBJ054/OBJ054_009.jpg,images_OBJ054,53
images_OBJ052/OBJ052_059.jpg,images_OBJ052,51
images_OBJ069/OBJ069_069.jpg,images_OBJ069,68
images_OBJ023/OBJ023_011.JPG,images_OBJ023,22
images_OBJ037/OBJ037_005.jpg,images_OBJ037,36
images_OBJ060/OBJ060_bg_4.JPG,images_OBJ060,59
images_OBJ001/OBJ001_073.jpg,images_OBJ001,0
images_OBJ070/OBJ070_072.jpg,images_OBJ070,69
images_OBJ056/OBJ056_bg_002.jpg,images_OBJ056,55
images_OBJ002/OBJ002_056.jpg,images_OBJ002,1
images_OBJ021/OBJ021_080.jpg,images_OBJ021,20
images_OBJ009/OBJ009_052.jpg,images_OBJ009,8
images_OBJ012/OBJ012_071.jpg,images_OBJ012,11
images_OBJ045/OBJ045_075.jpg,images_OBJ045,44
images_OBJ034/OBJ034_071.jpg,images_OBJ034,33
images_OBJ047/OBJ047_bg_002.jpg,images_OBJ047,46
images_OBJ006/OBJ006_048.jpg,images_OBJ006,5
images_OBJ025/OBJ025_078.jpg,images_OBJ025,24
images_OBJ011/OBJ011_036.jpg,images_OBJ011,10
images_OBJ045/OBJ045_002.jpg,images_OBJ045,44
images_OBJ010/OBJ010_067.jpg,images_OBJ010,9
images_OBJ007/OBJ007_041.jpg,images_OBJ007,6
images_OBJ024/OBJ024_075.jpg,images_OBJ024,23
images_OBJ024/OBJ024_094.jpg,images_OBJ024,23
images_OBJ061/OBJ061_083.jpg,images_OBJ061,60
images_OBJ051/OBJ051_078.jpg,images_OBJ051,50
images_OBJ026/OBJ026_048.jpg,images_OBJ026,25
images_OBJ064/OBJ064_032.jpg,images_OBJ064,63
images_OBJ046/OBJ046_050.jpg,images_OBJ046,45
images_OBJ037/OBJ037_073.jpg,images_OBJ037,36
images_OBJ028/OBJ028_055.jpg,images_OBJ028,27
images_OBJ052/OBJ052_051.jpg,images_OBJ052,51
images_OBJ067/OBJ067_0003.jpg,images_OBJ067,66
images_OBJ010/OBJ010_091.jpg,images_OBJ010,9
images_OBJ025/OBJ025_bg_002.jpg,images_OBJ025,24
images_OBJ055/OBJ055_021.jpg,images_OBJ055,54
images_OBJ026/OBJ026_077.jpg,images_OBJ026,25
images_OBJ016/OBJ016_066.jpg,images_OBJ016,15
images_OBJ036/OBJ036_029.jpg,images_OBJ036,35
images_OBJ064/OBJ064_053.jpg,images_OBJ064,63
images_OBJ005/OBJ005_bg_001.jpg,images_OBJ005,4
images_OBJ015/OBJ015_001.jpg,images_OBJ015,14
images_OBJ017/OBJ017_061.jpg,images_OBJ017,16
images_OBJ006/OBJ006_094.jpg,images_OBJ006,5
images_OBJ024/OBJ024_059.jpg,images_OBJ024,23
images_OBJ072/OBJ072_063.jpg,images_OBJ072,71
images_OBJ019/OBJ019_059.jpg,images_OBJ019,18
images_OBJ043/OBJ043_083.jpg,images_OBJ043,42
images_OBJ048/OBJ048_057.jpg,images_OBJ048,47
images_OBJ069/OBJ069_049.jpg,images_OBJ069,68
images_OBJ018/OBJ018_041.jpg,images_OBJ018,17
images_OBJ051/OBJ051_099.jpg,images_OBJ051,50
images_OBJ073/OBJ073_064.jpg,images_OBJ073,72
images_OBJ021/OBJ021_067.jpg,images_OBJ021,20
images_OBJ035/OBJ035_050.jpg,images_OBJ035,34
images_OBJ036/OBJ036_014.jpg,images_OBJ036,35
images_OBJ011/OBJ011_087.jpg,images_OBJ011,10
images_OBJ001/OBJ001_025.jpg,images_OBJ001,0
images_OBJ024/OBJ024_019.jpg,images_OBJ024,23
images_OBJ048/OBJ048_026.jpg,images_OBJ048,47
images_OBJ040/OBJ040_008.JPG,images_OBJ040,39
images_OBJ061/OBJ061_080.jpg,images_OBJ061,60
images_OBJ068/OBJ068_040.jpg,images_OBJ068,67
images_OBJ036/OBJ036_011.jpg,images_OBJ036,35
images_OBJ067/OBJ067_0032.jpg,images_OBJ067,66
images_OBJ043/OBJ043_049.jpg,images_OBJ043,42
images_OBJ003/OBJ003_031.jpg,images_OBJ003,2
images_OBJ056/OBJ056_093.jpg,images_OBJ056,55
images_OBJ001/OBJ001_046.jpg,images_OBJ001,0
images_OBJ068/OBJ068_043.jpg,images_OBJ068,67
images_OBJ038/OBJ038_049.jpg,images_OBJ038,37
images_OBJ050/OBJ050_074.jpg,images_OBJ050,49
images_OBJ066/OBJ066_bg_004.jpg,images_OBJ066,65
images_OBJ039/OBJ039_034.jpg,images_OBJ039,38
images_OBJ018/OBJ018_093.jpg,images_OBJ018,17
images_OBJ032/OBJ032_089.jpg,images_OBJ032,31
images_OBJ049/OBJ049_015.jpg,images_OBJ049,48
images_OBJ024/OBJ024_052.jpg,images_OBJ024,23
images_OBJ033/OBJ033_045.jpg,images_OBJ033,32
images_OBJ008/OBJ008_026.jpg,images_OBJ008,7
images_OBJ041/OBJ041_012.jpg,images_OBJ041,40
images_OBJ070/OBJ070_047.jpg,images_OBJ070,69
images_OBJ018/OBJ018_081.jpg,images_OBJ018,17
images_OBJ025/OBJ025_027.jpg,images_OBJ025,24
images_OBJ059/OBJ059_015.jpg,images_OBJ059,58
images_OBJ073/OBJ073_087.jpg,images_OBJ073,72
images_OBJ051/OBJ051_098.jpg,images_OBJ051,50
images_OBJ064/OBJ064_039.jpg,images_OBJ064,63
images_OBJ068/OBJ068_068.jpg,images_OBJ068,67
images_OBJ035/OBJ035_089.jpg,images_OBJ035,34
images_OBJ004/OBJ004_077.jpg,images_OBJ004,3
images_OBJ063/OBJ063_bg_005.jpg,images_OBJ063,62
images_OBJ049/OBJ049_084.jpg,images_OBJ049,48
images_OBJ060/OBJ060_20.JPG,images_OBJ060,59
images_OBJ065/OBJ065_020.jpg,images_OBJ065,64
images_OBJ014/sunglasses_027.jpeg,images_OBJ014,13
images_OBJ013/OBJ013_BG002.jpg,images_OBJ013,12
images_OBJ003/OBJ003_bg_005.jpg,images_OBJ003,2
images_OBJ001/OBJ001_012.jpg,images_OBJ001,0
images_OBJ001/OBJ001_057.jpg,images_OBJ001,0
images_OBJ063/OBJ063_bg_003.jpg,images_OBJ063,62
images_OBJ020/OBJ020_022.jpg,images_OBJ020,19
images_OBJ057/OBJ057_076.jpg,images_OBJ057,56
images_OBJ017/OBJ017_003.jpg,images_OBJ017,16
images_OBJ012/OBJ012_072.jpg,images_OBJ012,11
images_OBJ045/OBJ045_040.jpg,images_OBJ045,44
images_OBJ029/OBJ029_bg_005.jpg,images_OBJ029,28
images_OBJ032/OBJ032_088.jpg,images_OBJ032,31
images_OBJ025/OBJ025_040.jpg,images_OBJ025,24
images_OBJ048/OBJ048_018.jpg,images_OBJ048,47
images_OBJ060/OBJ060_86.JPG,images_OBJ060,59
images_OBJ069/OBJ069_039.jpg,images_OBJ069,68
images_OBJ057/OBJ057_061.jpg,images_OBJ057,56
images_OBJ057/OBJ057_001.jpg,images_OBJ057,56
images_OBJ064/OBJ064_035.jpg,images_OBJ064,63
images_OBJ034/OBJ034_047.jpg,images_OBJ034,33
images_OBJ012/OBJ012_011.jpg,images_OBJ012,11
images_OBJ047/OBJ047_068.jpg,images_OBJ047,46
images_OBJ019/OBJ019_047.jpg,images_OBJ019,18
images_OBJ064/OBJ064_084.jpg,images_OBJ064,63
images_OBJ037/OBJ037_027.jpg,images_OBJ037,36
images_OBJ056/OBJ056_071.jpg,images_OBJ056,55
images_OBJ064/OBJ064_027.jpg,images_OBJ064,63
images_OBJ007/OBJ007_002.jpg,images_OBJ007,6
images_OBJ020/OBJ020_041.jpg,images_OBJ020,19
images_OBJ070/OBJ070_007.jpg,images_OBJ070,69
images_OBJ008/OBJ008_001.jpg,images_OBJ008,7
images_OBJ036/OBJ036_015.jpg,images_OBJ036,35
images_OBJ021/OBJ021_bg_001.jpg,images_OBJ021,20
images_OBJ066/OBJ066_007.jpg,images_OBJ066,65
images_OBJ060/OBJ060_62.JPG,images_OBJ060,59
images_OBJ059/OBJ059_bg_003.jpg,images_OBJ059,58
images_OBJ022/OBJ022_095.jpeg,images_OBJ022,21
images_OBJ016/OBJ016_026.jpg,images_OBJ016,15
images_OBJ007/OBJ007_040.jpg,images_OBJ007,6
images_OBJ026/OBJ026_066.jpg,images_OBJ026,25
images_OBJ010/OBJ010_032.jpg,images_OBJ010,9
images_OBJ052/OBJ052_057.jpg,images_OBJ052,51
images_OBJ051/OBJ051_105.jpg,images_OBJ051,50
images_OBJ055/OBJ055_013.jpg,images_OBJ055,54
images_OBJ009/OBJ009_027.jpg,images_OBJ009,8
images_OBJ002/OBJ002_039.jpg,images_OBJ002,1
images_OBJ047/OBJ047_074.jpg,images_OBJ047,46
images_OBJ010/OBJ010_058.jpg,images_OBJ010,9
images_OBJ057/OBJ057_056.jpg,images_OBJ057,56
images_OBJ066/OBJ066_057.jpg,images_OBJ066,65
images_OBJ044/OBJ044_027.jpg,images_OBJ044,43
images_OBJ041/OBJ041_008.jpg,images_OBJ041,40
images_OBJ048/OBJ048_063.jpg,images_OBJ048,47
images_OBJ011/OBJ011_069.jpg,images_OBJ011,10
images_OBJ022/OBJ022_064.jpeg,images_OBJ022,21
images_OBJ046/OBJ046_038.jpg,images_OBJ046,45
images_OBJ012/OBJ012_005.jpg,images_OBJ012,11
images_OBJ043/OBJ043_095.jpg,images_OBJ043,42
images_OBJ070/OBJ070_029.jpg,images_OBJ070,69
images_OBJ070/OBJ070_091.jpg,images_OBJ070,69
images_OBJ067/OBJ067_0035.jpg,images_OBJ067,66
images_OBJ012/OBJ012_037.jpg,images_OBJ012,11
images_OBJ069/OBJ069_006.jpg,images_OBJ069,68
images_OBJ005/OBJ005_bg_002.jpg,images_OBJ005,4
images_OBJ063/OBJ063_028.jpg,images_OBJ063,62
images_OBJ041/OBJ041_029.jpg,images_OBJ041,40
images_OBJ023/OBJ023_041.JPG,images_OBJ023,22
images_OBJ005/OBJ005_bg_003.jpg,images_OBJ005,4
images_OBJ036/OBJ036_093.jpg,images_OBJ036,35
images_OBJ071/OBJ071_010.jpg,images_OBJ071,70
images_OBJ048/OBJ048_042.jpg,images_OBJ048,47
images_OBJ030/OBJ030_064.jpg,images_OBJ030,29
images_OBJ049/OBJ049_065.jpg,images_OBJ049,48
images_OBJ003/OBJ003_077.jpg,images_OBJ003,2
images_OBJ046/OBJ046_046.jpg,images_OBJ046,45
images_OBJ053/OBJ053_020.jpg,images_OBJ053,52
images_OBJ028/OBJ028_020.jpg,images_OBJ028,27
images_OBJ007/OBJ007_046.jpg,images_OBJ007,6
images_OBJ008/OBJ008_035.jpg,images_OBJ008,7
images_OBJ043/OBJ043_009.jpg,images_OBJ043,42
images_OBJ046/OBJ046_002.jpg,images_OBJ046,45
images_OBJ029/OBJ029_055.jpg,images_OBJ029,28
images_OBJ037/OBJ037_028.jpg,images_OBJ037,36
images_OBJ015/OBJ015_010.jpg,images_OBJ015,14
images_OBJ060/OBJ060_36.JPG,images_OBJ060,59
images_OBJ052/OBJ052_008.jpg,images_OBJ052,51
images_OBJ031/OBJ031_080.jpg,images_OBJ031,30
images_OBJ003/OBJ003_004.jpg,images_OBJ003,2
images_OBJ019/OBJ019_076.jpg,images_OBJ019,18
images_OBJ003/OBJ003_029.jpg,images_OBJ003,2
images_OBJ031/OBJ031_016.jpg,images_OBJ031,30
images_OBJ007/OBJ007_080.jpg,images_OBJ007,6
images_OBJ040/OBJ040_024.JPG,images_OBJ040,39
images_OBJ057/OBJ057_072.jpg,images_OBJ057,56
images_OBJ061/OBJ061_085.jpg,images_OBJ061,60
images_OBJ023/OBJ023_078.JPG,images_OBJ023,22
images_OBJ018/OBJ018_008.jpg,images_OBJ018,17
images_OBJ034/OBJ034_033.jpg,images_OBJ034,33
images_OBJ014/sunglasses_052.jpeg,images_OBJ014,13
images_OBJ033/OBJ033_067.jpg,images_OBJ033,32
images_OBJ066/OBJ066_055.jpg,images_OBJ066,65
images_OBJ035/OBJ035_079.jpg,images_OBJ035,34
images_OBJ069/OBJ069_083.jpg,images_OBJ069,68
images_OBJ013/OBJ013_085.jpg,images_OBJ013,12
images_OBJ043/OBJ043_013.jpg,images_OBJ043,42
images_OBJ021/OBJ021_016.jpg,images_OBJ021,20
images_OBJ034/OBJ034_056.jpg,images_OBJ034,33
images_OBJ012/OBJ012_002.jpg,images_OBJ012,11
images_OBJ003/OBJ003_057.jpg,images_OBJ003,2
images_OBJ024/OBJ024_015.jpg,images_OBJ024,23
images_OBJ060/OBJ060_68.JPG,images_OBJ060,59
images_OBJ014/sunglasses_093.jpeg,images_OBJ014,13
images_OBJ028/OBJ028_023.jpg,images_OBJ028,27
images_OBJ059/OBJ059_017.jpg,images_OBJ059,58
images_OBJ043/OBJ043_064.jpg,images_OBJ043,42
images_OBJ057/OBJ057_017.jpg,images_OBJ057,56
images_OBJ030/OBJ030_015.jpg,images_OBJ030,29
images_OBJ043/OBJ043_085.jpg,images_OBJ043,42
images_OBJ056/OBJ056_091.jpg,images_OBJ056,55
images_OBJ041/OBJ041_bg_002.jpg,images_OBJ041,40
images_OBJ065/OBJ065_074.jpg,images_OBJ065,64
images_OBJ022/OBJ022_001.jpeg,images_OBJ022,21
images_OBJ062/OBJ062_058.jpg,images_OBJ062,61
images_OBJ054/OBJ054_bg_003.jpg,images_OBJ054,53
images_OBJ050/OBJ050_091.jpg,images_OBJ050,49
images_OBJ030/OBJ030_041.jpg,images_OBJ030,29
images_OBJ017/OBJ017_040.jpg,images_OBJ017,16
images_OBJ021/OBJ021_027.jpg,images_OBJ021,20
images_OBJ051/OBJ051_063.jpg,images_OBJ051,50
images_OBJ011/OBJ011_039.jpg,images_OBJ011,10
images_OBJ068/OBJ068_009.jpg,images_OBJ068,67
images_OBJ036/OBJ036_081.jpg,images_OBJ036,35
images_OBJ037/OBJ037_078.jpg,images_OBJ037,36
images_OBJ038/OBJ038_090.jpg,images_OBJ038,37
images_OBJ011/OBJ011_094.jpg,images_OBJ011,10
images_OBJ009/OBJ009_043.jpg,images_OBJ009,8
images_OBJ028/OBJ028_002.jpg,images_OBJ028,27
images_OBJ045/OBJ045_084.jpg,images_OBJ045,44
images_OBJ052/OBJ052_085.jpg,images_OBJ052,51
images_OBJ050/OBJ050_007.jpg,images_OBJ050,49
images_OBJ073/OBJ073_032.jpg,images_OBJ073,72
images_OBJ031/OBJ031_074.jpg,images_OBJ031,30
images_OBJ047/OBJ047_066.jpg,images_OBJ047,46
images_OBJ019/OBJ019_073.jpg,images_OBJ019,18
images_OBJ038/OBJ038_036.jpg,images_OBJ038,37
images_OBJ062/OBJ062_077.jpg,images_OBJ062,61
images_OBJ017/OBJ017_094.jpg,images_OBJ017,16
images_OBJ019/OBJ019_011.jpg,images_OBJ019,18
images_OBJ031/OBJ031_044.jpg,images_OBJ031,30
images_OBJ072/OBJ072_092.jpg,images_OBJ072,71
images_OBJ030/OBJ030_076.jpg,images_OBJ030,29
images_OBJ069/OBJ069_086.jpg,images_OBJ069,68
images_OBJ015/OBJ015_077.jpg,images_OBJ015,14
images_OBJ019/OBJ019_087.jpg,images_OBJ019,18
images_OBJ049/OBJ049_014.jpg,images_OBJ049,48
images_OBJ040/OBJ040_072.JPG,images_OBJ040,39
images_OBJ069/OBJ069_030.jpg,images_OBJ069,68
images_OBJ047/OBJ047_043.jpg,images_OBJ047,46
images_OBJ061/OBJ061_093.jpg,images_OBJ061,60
images_OBJ035/OBJ035_039.jpg,images_OBJ035,34
images_OBJ037/OBJ037_062.jpg,images_OBJ037,36
images_OBJ071/OBJ071_016.jpg,images_OBJ071,70
images_OBJ044/OBJ044_017.jpg,images_OBJ044,43
images_OBJ054/OBJ054_029.jpg,images_OBJ054,53
images_OBJ009/OBJ009_bg_002.jpg,images_OBJ009,8
images_OBJ056/OBJ056_044.jpg,images_OBJ056,55
images_OBJ022/OBJ022_014.jpeg,images_OBJ022,21
images_OBJ013/OBJ013_046.jpg,images_OBJ013,12
images_OBJ069/OBJ069_bg_002.jpg,images_OBJ069,68
images_OBJ050/OBJ050_070.jpg,images_OBJ050,49
images_OBJ066/OBJ066_080.jpg,images_OBJ066,65
images_OBJ059/OBJ059_040.jpg,images_OBJ059,58
images_OBJ021/OBJ021_035.jpg,images_OBJ021,20
images_OBJ002/OBJ002_071.jpg,images_OBJ002,1
images_OBJ012/OBJ012_012.jpg,images_OBJ012,11
images_OBJ024/OBJ024_042.jpg,images_OBJ024,23
images_OBJ024/OBJ024_083.jpg,images_OBJ024,23
images_OBJ064/OBJ064_017.jpg,images_OBJ064,63
images_OBJ007/OBJ007_bg_005.jpg,images_OBJ007,6
images_OBJ029/OBJ029_036.jpg,images_OBJ029,28
images_OBJ061/OBJ061_005.jpg,images_OBJ061,60
images_OBJ027/OBJ027_047.jpg,images_OBJ027,26
images_OBJ002/OBJ002_078.jpg,images_OBJ002,1
images_OBJ049/OBJ049_068.jpg,images_OBJ049,48
images_OBJ032/OBJ032_019.jpg,images_OBJ032,31
images_OBJ065/OBJ065_081.jpg,images_OBJ065,64
images_OBJ053/OBJ053_001.jpg,images_OBJ053,52
images_OBJ052/OBJ052_062.jpg,images_OBJ052,51
images_OBJ048/OBJ048_041.jpg,images_OBJ048,47
images_OBJ060/OBJ060_65.JPG,images_OBJ060,59
images_OBJ003/OBJ003_011.jpg,images_OBJ003,2
images_OBJ005/OBJ005_022.jpg,images_OBJ005,4
images_OBJ067/OBJ067_0024.jpg,images_OBJ067,66
images_OBJ017/OBJ017_050.jpg,images_OBJ017,16
images_OBJ055/OBJ055_029.jpg,images_OBJ055,54
images_OBJ013/OBJ013_048.jpg,images_OBJ013,12
images_OBJ048/OBJ048_079.jpg,images_OBJ048,47
images_OBJ041/OBJ041_071.jpg,images_OBJ041,40
images_OBJ059/OBJ059_061.jpg,images_OBJ059,58
images_OBJ021/OBJ021_042.jpg,images_OBJ021,20
images_OBJ060/OBJ060_19.JPG,images_OBJ060,59
images_OBJ062/OBJ062_022.jpg,images_OBJ062,61
images_OBJ038/OBJ038_048.jpg,images_OBJ038,37
images_OBJ028/OBJ028_088.jpg,images_OBJ028,27
images_OBJ041/OBJ041_048.jpg,images_OBJ041,40
images_OBJ029/OBJ029_073.jpg,images_OBJ029,28
images_OBJ036/OBJ036_002.jpg,images_OBJ036,35
images_OBJ032/OBJ032_041.jpg,images_OBJ032,31
images_OBJ003/OBJ003_064.jpg,images_OBJ003,2
images_OBJ018/OBJ018_042.jpg,images_OBJ018,17
images_OBJ040/OBJ040_069.JPG,images_OBJ040,39
images_OBJ069/OBJ069_053.jpg,images_OBJ069,68
images_OBJ011/OBJ011_041.jpg,images_OBJ011,10
images_OBJ047/OBJ047_048.jpg,images_OBJ047,46
images_OBJ009/OBJ009_014.jpg,images_OBJ009,8
images_OBJ039/OBJ039_011.jpg,images_OBJ039,38
images_OBJ022/OBJ022_045.jpeg,images_OBJ022,21
images_OBJ072/OBJ072_029.jpg,images_OBJ072,71
images_OBJ046/OBJ046_069.jpg,images_OBJ046,45
images_OBJ032/OBJ032_030.jpg,images_OBJ032,31
images_OBJ035/OBJ035_038.jpg,images_OBJ035,34
images_OBJ053/OBJ053_044.jpg,images_OBJ053,52
images_OBJ020/OBJ020_037.jpg,images_OBJ020,19
images_OBJ006/OBJ006_025.jpg,images_OBJ006,5
images_OBJ047/OBJ047_bg_005.jpg,images_OBJ047,46
images_OBJ003/OBJ003_bg_002.jpg,images_OBJ003,2
images_OBJ044/OBJ044_032.jpg,images_OBJ044,43
images_OBJ067/OBJ067_0086.jpg,images_OBJ067,66
images_OBJ068/OBJ068_bg_002.jpg,images_OBJ068,67
images_OBJ029/OBJ029_041.jpg,images_OBJ029,28
images_OBJ050/OBJ050_090.jpg,images_OBJ050,49
images_OBJ009/OBJ009_069.jpg,images_OBJ009,8
images_OBJ032/OBJ032_074.jpg,images_OBJ032,31
images_OBJ053/OBJ053_043.jpg,images_OBJ053,52
images_OBJ072/OBJ072_086.jpg,images_OBJ072,71
images_OBJ016/OBJ016_049.jpg,images_OBJ016,15
images_OBJ031/OBJ031_068.jpg,images_OBJ031,30
images_OBJ065/OBJ065_014.jpg,images_OBJ065,64
images_OBJ072/OBJ072_088.jpg,images_OBJ072,71
images_OBJ033/OBJ033_062.jpg,images_OBJ033,32
images_OBJ004/OBJ004_054.jpg,images_OBJ004,3
images_OBJ012/OBJ012_023.jpg,images_OBJ012,11
images_OBJ031/OBJ031_033.jpg,images_OBJ031,30
images_OBJ046/OBJ046_023.jpg,images_OBJ046,45
images_OBJ054/OBJ054_041.jpg,images_OBJ054,53
images_OBJ019/OBJ019_004.jpg,images_OBJ019,18
images_OBJ023/OBJ023_057.JPG,images_OBJ023,22
images_OBJ063/OBJ063_086.jpg,images_OBJ063,62
images_OBJ072/OBJ072_001.jpg,images_OBJ072,71
images_OBJ001/OBJ001_029.jpg,images_OBJ001,0
images_OBJ039/OBJ039_023.jpg,images_OBJ039,38
images_OBJ022/OBJ022_003.jpeg,images_OBJ022,21
images_OBJ061/OBJ061_069.jpg,images_OBJ061,60
images_OBJ031/OBJ031_bg_005.jpg,images_OBJ031,30
images_OBJ034/OBJ034_079.jpg,images_OBJ034,33
images_OBJ052/OBJ052_050.jpg,images_OBJ052,51
images_OBJ031/OBJ031_056.jpg,images_OBJ031,30
images_OBJ017/OBJ017_bg_003.jpg,images_OBJ017,16
images_OBJ002/OBJ002_095.jpg,images_OBJ002,1
images_OBJ020/OBJ020_058.jpg,images_OBJ020,19
images_OBJ004/OBJ004_061.jpg,images_OBJ004,3
images_OBJ047/OBJ047_033.jpg,images_OBJ047,46
images_OBJ062/OBJ062_029.jpg,images_OBJ062,61
images_OBJ041/OBJ041_042.jpg,images_OBJ041,40
images_OBJ064/OBJ064_049.jpg,images_OBJ064,63
images_OBJ024/OBJ024_038.jpg,images_OBJ024,23
images_OBJ028/OBJ028_089.jpg,images_OBJ028,27
images_OBJ071/OBJ071_bg_005.jpg,images_OBJ071,70
images_OBJ005/OBJ005_013.jpg,images_OBJ005,4
images_OBJ050/OBJ050_079.jpg,images_OBJ050,49
images_OBJ011/OBJ011_058.jpg,images_OBJ011,10
images_OBJ017/OBJ017_019.jpg,images_OBJ017,16
images_OBJ037/OBJ037_020.jpg,images_OBJ037,36
images_OBJ072/OBJ072_045.jpg,images_OBJ072,71
images_OBJ044/OBJ044_085.jpg,images_OBJ044,43
images_OBJ040/OBJ040_094.JPG,images_OBJ040,39
images_OBJ028/OBJ028_059.jpg,images_OBJ028,27
images_OBJ064/OBJ064_094.jpg,images_OBJ064,63
images_OBJ038/OBJ038_056.jpg,images_OBJ038,37
images_OBJ025/OBJ025_071.jpg,images_OBJ025,24
images_OBJ060/OBJ060_49.JPG,images_OBJ060,59
images_OBJ048/OBJ048_009.jpg,images_OBJ048,47
images_OBJ037/OBJ037_082.jpg,images_OBJ037,36
images_OBJ018/OBJ018_018.jpg,images_OBJ018,17
images_OBJ050/OBJ050_001.jpg,images_OBJ050,49
images_OBJ010/OBJ010_004.jpg,images_OBJ010,9
images_OBJ063/OBJ063_049.jpg,images_OBJ063,62
images_OBJ008/OBJ008_008.jpg,images_OBJ008,7
images_OBJ026/OBJ026_065.jpg,images_OBJ026,25
images_OBJ027/OBJ027_006.jpg,images_OBJ027,26
images_OBJ033/OBJ033_069.jpg,images_OBJ033,32
images_OBJ045/OBJ045_066.jpg,images_OBJ045,44
images_OBJ071/OBJ071_075.jpg,images_OBJ071,70
images_OBJ056/OBJ056_038.jpg,images_OBJ056,55
images_OBJ045/OBJ045_056.jpg,images_OBJ045,44
images_OBJ033/OBJ033_054.jpg,images_OBJ033,32
images_OBJ030/OBJ030_035.jpg,images_OBJ030,29
images_OBJ048/OBJ048_085.jpg,images_OBJ048,47
images_OBJ063/OBJ063_058.jpg,images_OBJ063,62
images_OBJ032/OBJ032_073.jpg,images_OBJ032,31
images_OBJ060/OBJ060_53.JPG,images_OBJ060,59
images_OBJ041/OBJ041_066.jpg,images_OBJ041,40
images_OBJ046/OBJ046_064.jpg,images_OBJ046,45
images_OBJ065/OBJ065_031.jpg,images_OBJ065,64
images_OBJ023/OBJ023_047.JPG,images_OBJ023,22
images_OBJ050/OBJ050_025.jpg,images_OBJ050,49
images_OBJ048/OBJ048_bg_001.jpg,images_OBJ048,47
images_OBJ062/OBJ062_004.jpg,images_OBJ062,61
images_OBJ062/OBJ062_012.jpg,images_OBJ062,61
images_OBJ024/OBJ024_085.jpg,images_OBJ024,23
images_OBJ046/OBJ046_076.jpg,images_OBJ046,45
images_OBJ054/OBJ054_091.jpg,images_OBJ054,53
images_OBJ064/OBJ064_023.jpg,images_OBJ064,63
images_OBJ063/OBJ063_078.jpg,images_OBJ063,62
images_OBJ011/OBJ011_044.jpg,images_OBJ011,10
images_OBJ072/OBJ072_002.jpg,images_OBJ072,71
images_OBJ068/OBJ068_088.jpg,images_OBJ068,67
images_OBJ039/OBJ039_082.jpg,images_OBJ039,38
images_OBJ021/OBJ021_074.jpg,images_OBJ021,20
images_OBJ054/OBJ054_082.jpg,images_OBJ054,53
images_OBJ018/OBJ018_053.jpg,images_OBJ018,17
images_OBJ048/OBJ048_081.jpg,images_OBJ048,47
images_OBJ059/OBJ059_041.jpg,images_OBJ059,58
images_OBJ026/OBJ026_091.jpg,images_OBJ026,25
images_OBJ032/OBJ032_064.jpg,images_OBJ032,31
images_OBJ044/OBJ044_020.jpg,images_OBJ044,43
images_OBJ039/OBJ039_080.jpg,images_OBJ039,38
images_OBJ026/OBJ026_016.jpg,images_OBJ026,25
images_OBJ010/OBJ010_026.jpg,images_OBJ010,9
images_OBJ038/OBJ038_077.jpg,images_OBJ038,37
images_OBJ070/OBJ070_077.jpg,images_OBJ070,69
images_OBJ065/OBJ065_091.jpg,images_OBJ065,64
images_OBJ027/OBJ027_064.jpg,images_OBJ027,26
images_OBJ072/OBJ072_038.jpg,images_OBJ072,71
images_OBJ055/OBJ055_bg_003.jpg,images_OBJ055,54
images_OBJ062/OBJ062_039.jpg,images_OBJ062,61
images_OBJ073/OBJ073_081.jpg,images_OBJ073,72
images_OBJ031/OBJ031_004.jpg,images_OBJ031,30
images_OBJ072/OBJ072_043.jpg,images_OBJ072,71
images_OBJ012/OBJ012_014.jpg,images_OBJ012,11
images_OBJ028/OBJ028_bg_004.jpg,images_OBJ028,27
images_OBJ062/OBJ062_015.jpg,images_OBJ062,61
images_OBJ063/OBJ063_066.jpg,images_OBJ063,62
images_OBJ033/OBJ033_064.jpg,images_OBJ033,32
images_OBJ064/OBJ064_038.jpg,images_OBJ064,63
images_OBJ052/OBJ052_067.jpg,images_OBJ052,51
images_OBJ037/OBJ037_042.jpg,images_OBJ037,36
images_OBJ007/OBJ007_bg_003.jpg,images_OBJ007,6
images_OBJ011/OBJ011_027.jpg,images_OBJ011,10
images_OBJ057/OBJ057_093.jpg,images_OBJ057,56
images_OBJ024/OBJ024_054.jpg,images_OBJ024,23
images_OBJ021/OBJ021_090.jpg,images_OBJ021,20
images_OBJ016/OBJ016_011.jpg,images_OBJ016,15
images_OBJ007/OBJ007_067.jpg,images_OBJ007,6
images_OBJ047/OBJ047_034.jpg,images_OBJ047,46
images_OBJ059/OBJ059_011.jpg,images_OBJ059,58
images_OBJ018/OBJ018_014.jpg,images_OBJ018,17
images_OBJ014/sunglasses_063.jpeg,images_OBJ014,13
images_OBJ034/OBJ034_043.jpg,images_OBJ034,33
images_OBJ017/OBJ017_065.jpg,images_OBJ017,16
images_OBJ055/OBJ055_056.jpg,images_OBJ055,54
images_OBJ071/OBJ071_054.jpg,images_OBJ071,70
images_OBJ016/OBJ016_031.jpg,images_OBJ016,15
images_OBJ013/OBJ013_BG005.jpg,images_OBJ013,12
images_OBJ010/OBJ010_018.jpg,images_OBJ010,9
images_OBJ047/OBJ047_026.jpg,images_OBJ047,46
images_OBJ010/OBJ010_088.jpg,images_OBJ010,9
images_OBJ025/OBJ025_089.jpg,images_OBJ025,24
images_OBJ042/OBJ042_012.jpg,images_OBJ042,41
images_OBJ065/OBJ065_076.jpg,images_OBJ065,64
images_OBJ015/OBJ015_020.jpg,images_OBJ015,14
images_OBJ060/OBJ060_61.JPG,images_OBJ060,59
images_OBJ041/OBJ041_040.jpg,images_OBJ041,40
images_OBJ067/OBJ067_0073.jpg,images_OBJ067,66
images_OBJ021/OBJ021_011.jpg,images_OBJ021,20
images_OBJ005/OBJ005_046.jpg,images_OBJ005,4
images_OBJ030/OBJ030_090.jpg,images_OBJ030,29
images_OBJ071/OBJ071_064.jpg,images_OBJ071,70
images_OBJ038/OBJ038_080.jpg,images_OBJ038,37
images_OBJ026/OBJ026_083.jpg,images_OBJ026,25
images_OBJ051/OBJ051_075.jpg,images_OBJ051,50
images_OBJ068/OBJ068_047.jpg,images_OBJ068,67
images_OBJ069/OBJ069_078.jpg,images_OBJ069,68
images_OBJ029/OBJ029_031.jpg,images_OBJ029,28
images_OBJ063/OBJ063_034.jpg,images_OBJ063,62
images_OBJ052/OBJ052_007.jpg,images_OBJ052,51
images_OBJ052/OBJ052_021.jpg,images_OBJ052,51
images_OBJ043/OBJ043_004.jpg,images_OBJ043,42
images_OBJ015/OBJ015_046.jpg,images_OBJ015,14
images_OBJ017/OBJ017_066.jpg,images_OBJ017,16
images_OBJ067/OBJ067_bg_005.jpeg,images_OBJ067,66
images_OBJ028/OBJ028_026.jpg,images_OBJ028,27
images_OBJ067/OBJ067_0019.jpg,images_OBJ067,66
images_OBJ055/OBJ055_046.jpg,images_OBJ055,54
images_OBJ066/OBJ066_041.jpg,images_OBJ066,65
images_OBJ059/OBJ059_037.jpg,images_OBJ059,58
images_OBJ004/OBJ004_080.jpg,images_OBJ004,3
images_OBJ051/OBJ051_061.jpg,images_OBJ051,50
images_OBJ053/OBJ053_087.jpg,images_OBJ053,52
images_OBJ001/OBJ001_032.jpg,images_OBJ001,0
images_OBJ019/OBJ019_013.jpg,images_OBJ019,18
images_OBJ055/OBJ055_064.jpg,images_OBJ055,54
images_OBJ058/OBJ058_086.jpg,images_OBJ058,57
images_OBJ071/OBJ071_071.jpg,images_OBJ071,70
images_OBJ060/OBJ060_75.JPG,images_OBJ060,59
images_OBJ002/OBJ002_020.jpg,images_OBJ002,1
images_OBJ021/OBJ021_031.jpg,images_OBJ021,20
images_OBJ016/OBJ016_022.jpg,images_OBJ016,15
images_OBJ027/OBJ027_011.jpg,images_OBJ027,26
images_OBJ007/OBJ007_015.jpg,images_OBJ007,6
images_OBJ050/OBJ050_052.jpg,images_OBJ050,49
images_OBJ027/OBJ027_012.jpg,images_OBJ027,26
images_OBJ048/OBJ048_010.jpg,images_OBJ048,47
images_OBJ073/OBJ073_065.jpg,images_OBJ073,72
images_OBJ060/OBJ060_17.JPG,images_OBJ060,59
images_OBJ065/OBJ065_033.jpg,images_OBJ065,64
images_OBJ073/OBJ073_062.jpg,images_OBJ073,72
images_OBJ065/OBJ065_038.jpg,images_OBJ065,64
images_OBJ015/OBJ015_bg_004.jpg,images_OBJ015,14
images_OBJ040/OBJ040_019.JPG,images_OBJ040,39
images_OBJ032/OBJ032_044.jpg,images_OBJ032,31
images_OBJ018/OBJ018_075.jpg,images_OBJ018,17
images_OBJ014/sunglasses_053.jpeg,images_OBJ014,13
images_OBJ050/OBJ050_092.jpg,images_OBJ050,49
images_OBJ015/OBJ015_069.jpg,images_OBJ015,14
images_OBJ052/OBJ052_002.jpg,images_OBJ052,51
images_OBJ023/OBJ023_074.JPG,images_OBJ023,22
images_OBJ040/OBJ040_015.JPG,images_OBJ040,39
images_OBJ045/OBJ045_064.jpg,images_OBJ045,44
images_OBJ037/OBJ037_064.jpg,images_OBJ037,36
images_OBJ016/OBJ016_003.jpg,images_OBJ016,15
images_OBJ030/OBJ030_056.jpg,images_OBJ030,29
images_OBJ066/OBJ066_049.jpg,images_OBJ066,65
images_OBJ024/OBJ024_014.jpg,images_OBJ024,23
images_OBJ001/OBJ001_031.jpg,images_OBJ001,0
images_OBJ069/OBJ069_059.jpg,images_OBJ069,68
images_OBJ062/OBJ062_002.jpg,images_OBJ062,61
images_OBJ009/OBJ009_033.jpg,images_OBJ009,8
images_OBJ042/OBJ042_003.jpg,images_OBJ042,41
images_OBJ034/OBJ034_010.jpg,images_OBJ034,33
images_OBJ007/OBJ07_033.jpg,images_OBJ007,6
images_OBJ067/OBJ067_0078.jpg,images_OBJ067,66
images_OBJ071/OBJ071_bg_004.jpg,images_OBJ071,70
images_OBJ030/OBJ030_033.jpg,images_OBJ030,29
images_OBJ041/OBJ041_034.jpg,images_OBJ041,40
images_OBJ002/OBJ002_068.jpg,images_OBJ002,1
images_OBJ051/OBJ051_102.jpg,images_OBJ051,50
images_OBJ025/OBJ025_077.jpg,images_OBJ025,24
images_OBJ046/OBJ046_001.jpg,images_OBJ046,45
images_OBJ004/OBJ004_022.jpg,images_OBJ004,3
images_OBJ019/OBJ019_083.jpg,images_OBJ019,18
images_OBJ070/OBJ070_061.jpg,images_OBJ070,69
images_OBJ039/OBJ039_012.jpg,images_OBJ039,38
images_OBJ063/OBJ063_081.jpg,images_OBJ063,62
images_OBJ050/OBJ050_078.jpg,images_OBJ050,49
images_OBJ063/OBJ063_036.jpg,images_OBJ063,62
images_OBJ003/OBJ003_006.jpg,images_OBJ003,2
images_OBJ073/OBJ073_050.jpg,images_OBJ073,72
images_OBJ050/OBJ050_058.jpg,images_OBJ050,49
images_OBJ067/OBJ067_0017.jpg,images_OBJ067,66
images_OBJ006/OBJ006_079.jpg,images_OBJ006,5
images_OBJ058/OBJ058_064.jpg,images_OBJ058,57
images_OBJ013/OBJ013_094.jpg,images_OBJ013,12
images_OBJ034/OBJ034_072.jpg,images_OBJ034,33
images_OBJ011/OBJ011_068.jpg,images_OBJ011,10
images_OBJ066/OBJ066_044.jpg,images_OBJ066,65
images_OBJ054/OBJ054_002.jpg,images_OBJ054,53
images_OBJ006/OBJ006_044.jpg,images_OBJ006,5
images_OBJ037/OBJ037_bg_001.jpg,images_OBJ037,36
images_OBJ018/OBJ018_045.jpg,images_OBJ018,17
images_OBJ031/OBJ031_036.jpg,images_OBJ031,30
images_OBJ068/OBJ068_014.jpg,images_OBJ068,67
images_OBJ022/OBJ022_060.jpeg,images_OBJ022,21
images_OBJ040/OBJ040_030.JPG,images_OBJ040,39
images_OBJ010/OBJ010_055.jpg,images_OBJ010,9
images_OBJ054/OBJ054_053.jpg,images_OBJ054,53
images_OBJ059/OBJ059_018.jpg,images_OBJ059,58
images_OBJ062/OBJ062_007.jpg,images_OBJ062,61
images_OBJ001/OBJ001_059.jpg,images_OBJ001,0
images_OBJ022/OBJ022_028.jpeg,images_OBJ022,21
images_OBJ070/OBJ070_031.jpg,images_OBJ070,69
images_OBJ016/OBJ016_039.jpg,images_OBJ016,15
images_OBJ018/OBJ018_082.jpg,images_OBJ018,17
images_OBJ020/OBJ020_048.jpg,images_OBJ020,19
images_OBJ025/OBJ025_054.jpg,images_OBJ025,24
images_OBJ061/OBJ061_090.jpg,images_OBJ061,60
images_OBJ060/OBJ060_16.JPG,images_OBJ060,59
images_OBJ026/OBJ026_067.jpg,images_OBJ026,25
images_OBJ048/OBJ048_080.jpg,images_OBJ048,47
images_OBJ017/OBJ017_044.jpg,images_OBJ017,16
images_OBJ016/OBJ016_068.jpg,images_OBJ016,15
images_OBJ009/OBJ009_071.jpg,images_OBJ009,8
images_OBJ035/OBJ035_016.jpg,images_OBJ035,34
images_OBJ054/OBJ054_bg_004.jpg,images_OBJ054,53
images_OBJ056/OBJ056_057.jpg,images_OBJ056,55
images_OBJ014/sunglasses_028.jpeg,images_OBJ014,13
images_OBJ002/OBJ002_049.jpg,images_OBJ002,1
images_OBJ061/OBJ061_017.jpg,images_OBJ061,60
images_OBJ069/OBJ069_037.jpg,images_OBJ069,68
images_OBJ017/OBJ017_060.jpg,images_OBJ017,16
images_OBJ011/OBJ011_033.jpg,images_OBJ011,10
images_OBJ052/OBJ052_053.jpg,images_OBJ052,51
images_OBJ073/OBJ073_004.jpg,images_OBJ073,72
images_OBJ007/OBJ007_058.jpg,images_OBJ007,6
images_OBJ066/OBJ066_bg_003.jpg,images_OBJ066,65
images_OBJ023/OBJ023_048.JPG,images_OBJ023,22
images_OBJ042/OBJ042_067.jpg,images_OBJ042,41
images_OBJ043/OBJ043_017.jpg,images_OBJ043,42
images_OBJ046/OBJ046_048.jpg,images_OBJ046,45
images_OBJ009/OBJ009_076.jpg,images_OBJ009,8
images_OBJ007/OBJ007_083.jpg,images_OBJ007,6
images_OBJ008/OBJ008_006.jpg,images_OBJ008,7
images_OBJ028/OBJ028_bg_003.jpg,images_OBJ028,27
images_OBJ072/OBJ072_077.jpg,images_OBJ072,71
images_OBJ048/OBJ048_006.jpg,images_OBJ048,47
images_OBJ070/OBJ070_050.jpg,images_OBJ070,69
images_OBJ023/OBJ023_029.JPG,images_OBJ023,22
images_OBJ033/OBJ033_079.jpg,images_OBJ033,32
images_OBJ007/OBJ007_076.jpg,images_OBJ007,6
images_OBJ066/OBJ066_018.jpg,images_OBJ066,65
images_OBJ052/OBJ052_039.jpg,images_OBJ052,51
images_OBJ044/OBJ044_043.jpg,images_OBJ044,43
images_OBJ002/OBJ002_057.jpg,images_OBJ002,1
images_OBJ025/OBJ025_061.jpg,images_OBJ025,24
images_OBJ061/OBJ061_073.jpg,images_OBJ061,60
images_OBJ032/OBJ032_077.jpg,images_OBJ032,31
images_OBJ049/OBJ049_019.jpg,images_OBJ049,48
images_OBJ040/OBJ040_095.JPG,images_OBJ040,39
images_OBJ001/OBJ001_bg_002.jpg,images_OBJ001,0
images_OBJ070/OBJ070_087.jpg,images_OBJ070,69
images_OBJ045/OBJ045_090.jpg,images_OBJ045,44
images_OBJ043/OBJ043_060.jpg,images_OBJ043,42
images_OBJ003/OBJ003_bg_003.jpg,images_OBJ003,2
images_OBJ030/OBJ030_077.jpg,images_OBJ030,29
images_OBJ028/OBJ028_061.jpg,images_OBJ028,27
images_OBJ062/OBJ062_033.jpg,images_OBJ062,61
images_OBJ027/OBJ027_bg_001.jpg,images_OBJ027,26
images_OBJ063/OBJ063_010.jpg,images_OBJ063,62
images_OBJ072/OBJ072_061.jpg,images_OBJ072,71
images_OBJ048/OBJ048_033.jpg,images_OBJ048,47
images_OBJ050/OBJ050_071.jpg,images_OBJ050,49
images_OBJ017/OBJ017_100.jpg,images_OBJ017,16
images_OBJ064/OBJ064_048.jpg,images_OBJ064,63
images_OBJ056/OBJ056_048.jpg,images_OBJ056,55
images_OBJ041/OBJ041_007.jpg,images_OBJ041,40
images_OBJ007/OBJ007_bg_004.jpg,images_OBJ007,6
images_OBJ013/OBJ013_050.jpg,images_OBJ013,12
images_OBJ022/OBJ022_094.jpeg,images_OBJ022,21
images_OBJ045/OBJ045_045.jpg,images_OBJ045,44
images_OBJ045/OBJ045_016.jpg,images_OBJ045,44
images_OBJ070/OBJ070_020.jpg,images_OBJ070,69
images_OBJ026/OBJ026_037.jpg,images_OBJ026,25
images_OBJ006/OBJ006_033.jpg,images_OBJ006,5
images_OBJ051/OBJ051_021.jpg,images_OBJ051,50
images_OBJ071/OBJ071_088.jpg,images_OBJ071,70
images_OBJ003/OBJ003_030.jpg,images_OBJ003,2
images_OBJ016/OBJ016_005.jpg,images_OBJ016,15
images_OBJ032/OBJ032_033.jpg,images_OBJ032,31
images_OBJ033/OBJ033_023.jpg,images_OBJ033,32
images_OBJ008/OBJ008_088.jpg,images_OBJ008,7
images_OBJ023/OBJ023_059.JPG,images_OBJ023,22
images_OBJ007/OBJ007_022.jpg,images_OBJ007,6
images_OBJ008/OBJ008_037.jpg,images_OBJ008,7
images_OBJ039/OBJ039_041.jpg,images_OBJ039,38
images_OBJ031/OBJ031_092.jpg,images_OBJ031,30
images_OBJ048/OBJ048_025.jpg,images_OBJ048,47
images_OBJ072/OBJ072_079.jpg,images_OBJ072,71
images_OBJ041/OBJ041_052.jpg,images_OBJ041,40
images_OBJ009/OBJ009_032.jpg,images_OBJ009,8
images_OBJ058/OBJ058_017.jpg,images_OBJ058,57
images_OBJ025/OBJ025_067.jpg,images_OBJ025,24
images_OBJ067/OBJ067_0077.jpg,images_OBJ067,66
images_OBJ032/OBJ032_042.jpg,images_OBJ032,31
images_OBJ030/OBJ030_094.jpg,images_OBJ030,29
images_OBJ062/OBJ062_094.jpg,images_OBJ062,61
images_OBJ044/OBJ044_064.jpg,images_OBJ044,43
images_OBJ069/OBJ069_066.jpg,images_OBJ069,68
images_OBJ011/OBJ011_bg_001.jpg,images_OBJ011,10
images_OBJ034/OBJ034_052.jpg,images_OBJ034,33
images_OBJ050/OBJ050_039.jpg,images_OBJ050,49
images_OBJ017/OBJ017_092.jpg,images_OBJ017,16
images_OBJ020/OBJ020_063.jpg,images_OBJ020,19
images_OBJ001/OBJ001_005.jpg,images_OBJ001,0
images_OBJ023/OBJ023_054.JPG,images_OBJ023,22
images_OBJ071/OBJ071_060.jpg,images_OBJ071,70
images_OBJ073/OBJ073_073.jpg,images_OBJ073,72
images_OBJ029/OBJ029_094.jpg,images_OBJ029,28
images_OBJ016/OBJ016_043.jpg,images_OBJ016,15
images_OBJ053/OBJ053_078.jpg,images_OBJ053,52
images_OBJ066/OBJ066_091.jpg,images_OBJ066,65
images_OBJ066/OBJ066_072.jpg,images_OBJ066,65
images_OBJ046/OBJ046_bg_003.jpg,images_OBJ046,45
images_OBJ017/OBJ017_012.jpg,images_OBJ017,16
images_OBJ050/OBJ050_016.jpg,images_OBJ050,49
images_OBJ062/OBJ062_080.jpg,images_OBJ062,61
images_OBJ061/OBJ061_067.jpg,images_OBJ061,60
images_OBJ009/OBJ009_bg_009.jpg,images_OBJ009,8
images_OBJ047/OBJ047_027.jpg,images_OBJ047,46
images_OBJ026/OBJ026_003.jpg,images_OBJ026,25
images_OBJ063/OBJ063_056.jpg,images_OBJ063,62
images_OBJ012/OBJ012_073.jpg,images_OBJ012,11
images_OBJ024/OBJ024_053.jpg,images_OBJ024,23
images_OBJ032/OBJ032_069.jpg,images_OBJ032,31
images_OBJ036/OBJ036_045.jpg,images_OBJ036,35
images_OBJ058/OBJ058_002.jpg,images_OBJ058,57
images_OBJ033/OBJ033_058.jpg,images_OBJ033,32
images_OBJ029/OBJ029_047.jpg,images_OBJ029,28
images_OBJ001/OBJ001_007.jpg,images_OBJ001,0
images_OBJ017/OBJ017_063.jpg,images_OBJ017,16
images_OBJ070/OBJ070_064.jpg,images_OBJ070,69
images_OBJ006/OBJ006_049.jpg,images_OBJ006,5
images_OBJ011/OBJ011_084.jpg,images_OBJ011,10
images_OBJ034/OBJ034_055.jpg,images_OBJ034,33
images_OBJ057/OBJ057_052.jpg,images_OBJ057,56
images_OBJ023/OBJ023_030.JPG,images_OBJ023,22
images_OBJ056/OBJ056_089.jpg,images_OBJ056,55
images_OBJ027/OBJ027_063.jpg,images_OBJ027,26
images_OBJ064/OBJ064_050.jpg,images_OBJ064,63
images_OBJ029/OBJ029_092.jpg,images_OBJ029,28
images_OBJ066/OBJ066_052.jpg,images_OBJ066,65
images_OBJ001/OBJ001_076.jpg,images_OBJ001,0
images_OBJ063/OBJ063_053.jpg,images_OBJ063,62
images_OBJ058/OBJ058_065.jpg,images_OBJ058,57
images_OBJ015/OBJ015_036.jpg,images_OBJ015,14
images_OBJ060/OBJ060_90.JPG,images_OBJ060,59
images_OBJ044/OBJ044_094.jpg,images_OBJ044,43
images_OBJ073/OBJ073_013.jpg,images_OBJ073,72
images_OBJ042/OBJ042_078.jpg,images_OBJ042,41
images_OBJ021/OBJ021_038.jpg,images_OBJ021,20
images_OBJ038/OBJ038_015.jpg,images_OBJ038,37
images_OBJ034/OBJ034_038.jpg,images_OBJ034,33
images_OBJ013/OBJ013_BG006.jpg,images_OBJ013,12
images_OBJ038/OBJ038_082.jpg,images_OBJ038,37
images_OBJ058/OBJ058_001.jpg,images_OBJ058,57
images_OBJ007/OBJ007_090.jpg,images_OBJ007,6
images_OBJ060/OBJ060_31.JPG,images_OBJ060,59
images_OBJ029/OBJ029_050.jpg,images_OBJ029,28
images_OBJ065/OBJ065_094.jpg,images_OBJ065,64
images_OBJ042/OBJ042_005.jpg,images_OBJ042,41
images_OBJ019/OBJ019_077.jpg,images_OBJ019,18
images_OBJ021/OBJ021_071.jpg,images_OBJ021,20
images_OBJ064/OBJ064_044.jpg,images_OBJ064,63
images_OBJ072/OBJ072_084.jpg,images_OBJ072,71
images_OBJ040/OBJ040_039.JPG,images_OBJ040,39
images_OBJ002/OBJ002_036.jpg,images_OBJ002,1
images_OBJ002/OBJ002_019.jpg,images_OBJ002,1
images_OBJ039/OBJ039_051.jpg,images_OBJ039,38
images_OBJ005/OBJ005_078.jpg,images_OBJ005,4
images_OBJ052/OBJ052_011.jpg,images_OBJ052,51
images_OBJ010/OBJ010_048.jpg,images_OBJ010,9
images_OBJ035/OBJ035_071.jpg,images_OBJ035,34
images_OBJ023/OBJ023_049.JPG,images_OBJ023,22
images_OBJ026/OBJ026_095.jpg,images_OBJ026,25
images_OBJ031/OBJ031_088.jpg,images_OBJ031,30
images_OBJ013/OBJ013_019.jpg,images_OBJ013,12
images_OBJ057/OBJ057_020.jpg,images_OBJ057,56
images_OBJ002/OBJ002_bg_005.jpg,images_OBJ002,1
images_OBJ022/OBJ022_024.jpeg,images_OBJ022,21
images_OBJ027/OBJ027_034.jpg,images_OBJ027,26
images_OBJ069/OBJ069_014.jpg,images_OBJ069,68
images_OBJ001/OBJ001_088.jpg,images_OBJ001,0
images_OBJ057/OBJ057_034.jpg,images_OBJ057,56
images_OBJ024/OBJ024_047.jpg,images_OBJ024,23
images_OBJ027/OBJ027_032.jpg,images_OBJ027,26
images_OBJ002/OBJ002_038.jpg,images_OBJ002,1
images_OBJ007/OBJ007_087.jpg,images_OBJ007,6
images_OBJ010/OBJ010_016.jpg,images_OBJ010,9
images_OBJ049/OBJ049_009.jpg,images_OBJ049,48
images_OBJ021/OBJ021_052.jpg,images_OBJ021,20
images_OBJ017/OBJ017_086.jpg,images_OBJ017,16
images_OBJ060/OBJ060_55.JPG,images_OBJ060,59
images_OBJ015/OBJ015_027.jpg,images_OBJ015,14
images_OBJ017/OBJ017_016.jpg,images_OBJ017,16
images_OBJ072/OBJ072_060.jpg,images_OBJ072,71
images_OBJ047/OBJ047_073.jpg,images_OBJ047,46
images_OBJ065/OBJ065_054.jpg,images_OBJ065,64
images_OBJ062/OBJ062_030.jpg,images_OBJ062,61
images_OBJ030/OBJ030_bg_001.jpg,images_OBJ030,29
images_OBJ038/OBJ038_026.jpg,images_OBJ038,37
images_OBJ072/OBJ072_080.jpg,images_OBJ072,71
images_OBJ022/OBJ022_bg_001.jpeg,images_OBJ022,21
images_OBJ063/OBJ063_055.jpg,images_OBJ063,62
images_OBJ040/OBJ040_011.JPG,images_OBJ040,39
images_OBJ067/OBJ067_0036.jpg,images_OBJ067,66
images_OBJ018/OBJ018_bg_005.jpg,images_OBJ018,17
images_OBJ034/OBJ034_013.jpg,images_OBJ034,33
images_OBJ051/OBJ051_039.jpg,images_OBJ051,50
images_OBJ046/OBJ046_074.jpg,images_OBJ046,45
images_OBJ035/OBJ035_074.jpg,images_OBJ035,34
images_OBJ063/OBJ063_027.jpg,images_OBJ063,62
images_OBJ066/OBJ066_043.jpg,images_OBJ066,65
images_OBJ012/OBJ012_082.jpg,images_OBJ012,11
images_OBJ068/OBJ068_024.jpg,images_OBJ068,67
images_OBJ004/OBJ004_019.jpg,images_OBJ004,3
images_OBJ032/OBJ032_036.jpg,images_OBJ032,31
images_OBJ067/OBJ067_0033.jpg,images_OBJ067,66
images_OBJ039/OBJ039_010.jpg,images_OBJ039,38
images_OBJ017/OBJ017_034.jpg,images_OBJ017,16
images_OBJ001/OBJ001_066.jpg,images_OBJ001,0
images_OBJ058/OBJ058_079.jpg,images_OBJ058,57
images_OBJ014/sunglasses_056.jpeg,images_OBJ014,13
images_OBJ039/OBJ039_087.jpg,images_OBJ039,38
images_OBJ023/OBJ023_065.JPG,images_OBJ023,22
images_OBJ065/OBJ065_060.jpg,images_OBJ065,64
images_OBJ073/OBJ073_017.jpg,images_OBJ073,72
images_OBJ051/OBJ051_019.jpg,images_OBJ051,50
images_OBJ023/OBJ023_028.JPG,images_OBJ023,22
images_OBJ049/OBJ049_bg_005.jpg,images_OBJ049,48
images_OBJ006/OBJ006_065.jpg,images_OBJ006,5
images_OBJ020/OBJ020_054.jpg,images_OBJ020,19
images_OBJ053/OBJ053_029.jpg,images_OBJ053,52
images_OBJ029/OBJ029_079.jpg,images_OBJ029,28
images_OBJ035/OBJ035_036.jpg,images_OBJ035,34
images_OBJ047/OBJ047_051.jpg,images_OBJ047,46
images_OBJ005/OBJ005_049.jpg,images_OBJ005,4
images_OBJ024/OBJ024_033.jpg,images_OBJ024,23
images_OBJ066/OBJ066_073.jpg,images_OBJ066,65
images_OBJ007/OBJ007_081.jpg,images_OBJ007,6
images_OBJ010/OBJ010_076.jpg,images_OBJ010,9
images_OBJ057/OBJ057_051.jpg,images_OBJ057,56
images_OBJ024/OBJ024_008.jpg,images_OBJ024,23
images_OBJ013/OBJ013_021.jpg,images_OBJ013,12
images_OBJ045/OBJ045_003.jpg,images_OBJ045,44
images_OBJ025/OBJ025_043.jpg,images_OBJ025,24
images_OBJ061/OBJ061_049.jpg,images_OBJ061,60
images_OBJ047/OBJ047_014.jpg,images_OBJ047,46
images_OBJ065/OBJ065_059.jpg,images_OBJ065,64
images_OBJ063/OBJ063_091.jpg,images_OBJ063,62
images_OBJ016/OBJ016_001.jpg,images_OBJ016,15
images_OBJ037/OBJ037_006.jpg,images_OBJ037,36
images_OBJ069/OBJ069_092.jpg,images_OBJ069,68
images_OBJ006/OBJ006_012.jpg,images_OBJ006,5
images_OBJ021/OBJ021_022.jpg,images_OBJ021,20
images_OBJ064/OBJ064_074.jpg,images_OBJ064,63
images_OBJ006/OBJ006_031.jpg,images_OBJ006,5
images_OBJ060/OBJ060_5.JPG,images_OBJ060,59
images_OBJ057/OBJ057_022.jpg,images_OBJ057,56
images_OBJ041/OBJ041_037.jpg,images_OBJ041,40
images_OBJ009/OBJ009_077.jpg,images_OBJ009,8
images_OBJ036/OBJ036_038.jpg,images_OBJ036,35
images_OBJ035/OBJ035_025.jpg,images_OBJ035,34
images_OBJ008/OBJ008_065.jpg,images_OBJ008,7
images_OBJ011/OBJ011_055.jpg,images_OBJ011,10
images_OBJ041/OBJ041_046.jpg,images_OBJ041,40
images_OBJ045/OBJ045_034.jpg,images_OBJ045,44
images_OBJ016/OBJ016_064.jpg,images_OBJ016,15
images_OBJ051/OBJ051_028.jpg,images_OBJ051,50
images_OBJ034/OBJ034_012.jpg,images_OBJ034,33
images_OBJ068/OBJ068_042.jpg,images_OBJ068,67
images_OBJ035/OBJ035_005.jpg,images_OBJ035,34
images_OBJ066/OBJ066_042.jpg,images_OBJ066,65
images_OBJ021/OBJ021_bg_005.jpg,images_OBJ021,20
images_OBJ069/OBJ069_070.jpg,images_OBJ069,68
images_OBJ060/OBJ060_32.JPG,images_OBJ060,59
images_OBJ045/OBJ045_017.jpg,images_OBJ045,44
images_OBJ013/OBJ013_033.jpg,images_OBJ013,12
images_OBJ025/OBJ025_014.jpg,images_OBJ025,24
images_OBJ047/OBJ047_039.jpg,images_OBJ047,46
images_OBJ044/OBJ044_035.jpg,images_OBJ044,43
images_OBJ073/OBJ073_035.jpg,images_OBJ073,72
images_OBJ071/OBJ071_bg_002.jpg,images_OBJ071,70
images_OBJ041/OBJ041_026.jpg,images_OBJ041,40
images_OBJ032/OBJ032_079.jpg,images_OBJ032,31
images_OBJ045/OBJ045_048.jpg,images_OBJ045,44
images_OBJ045/OBJ045_043.jpg,images_OBJ045,44
images_OBJ001/OBJ001_041.jpg,images_OBJ001,0
images_OBJ049/OBJ049_060.jpg,images_OBJ049,48
images_OBJ003/OBJ003_076.jpg,images_OBJ003,2
images_OBJ053/OBJ053_012.jpg,images_OBJ053,52
images_OBJ045/OBJ045_070.jpg,images_OBJ045,44
images_OBJ023/OBJ023_007.JPG,images_OBJ023,22
images_OBJ023/OBJ023_025.JPG,images_OBJ023,22
images_OBJ003/OBJ003_049.jpg,images_OBJ003,2
images_OBJ056/OBJ056_053.jpg,images_OBJ056,55
images_OBJ006/OBJ006_071.jpg,images_OBJ006,5
images_OBJ029/OBJ029_048.jpg,images_OBJ029,28
images_OBJ054/OBJ054_058.jpg,images_OBJ054,53
images_OBJ038/OBJ038_bg_001.jpg,images_OBJ038,37
images_OBJ026/OBJ026_005.jpg,images_OBJ026,25
images_OBJ017/OBJ017_099.jpg,images_OBJ017,16
images_OBJ008/OBJ008_059.jpg,images_OBJ008,7
images_OBJ028/OBJ028_008.jpg,images_OBJ028,27
images_OBJ043/OBJ043_001.jpg,images_OBJ043,42
images_OBJ003/OBJ003_068.jpg,images_OBJ003,2
images_OBJ032/OBJ032_085.jpg,images_OBJ032,31
images_OBJ002/OBJ002_007.jpg,images_OBJ002,1
images_OBJ072/OBJ072_075.jpg,images_OBJ072,71
images_OBJ024/OBJ024_009.jpg,images_OBJ024,23
images_OBJ053/OBJ053_033.jpg,images_OBJ053,52
images_OBJ042/OBJ042_042.jpg,images_OBJ042,41
images_OBJ040/OBJ040_002.JPG,images_OBJ040,39
images_OBJ066/OBJ066_065.jpg,images_OBJ066,65
images_OBJ066/OBJ066_021.jpg,images_OBJ066,65
images_OBJ046/OBJ046_036.jpg,images_OBJ046,45
images_OBJ018/OBJ018_095.jpg,images_OBJ018,17
images_OBJ037/OBJ037_008.jpg,images_OBJ037,36
images_OBJ060/OBJ060_89.JPG,images_OBJ060,59
images_OBJ024/OBJ024_056.jpg,images_OBJ024,23
images_OBJ063/OBJ063_037.jpg,images_OBJ063,62
images_OBJ002/OBJ002_033.jpg,images_OBJ002,1
images_OBJ027/OBJ027_076.jpg,images_OBJ027,26
images_OBJ028/OBJ028_bg_001.jpg,images_OBJ028,27
images_OBJ033/OBJ033_050.jpg,images_OBJ033,32
images_OBJ004/OBJ004_069.jpg,images_OBJ004,3
images_OBJ048/OBJ048_037.jpg,images_OBJ048,47
images_OBJ039/OBJ039_018.jpg,images_OBJ039,38
images_OBJ040/OBJ040_025.JPG,images_OBJ040,39
images_OBJ038/OBJ038_087.jpg,images_OBJ038,37
images_OBJ037/OBJ037_040.jpg,images_OBJ037,36
images_OBJ038/OBJ038_063.jpg,images_OBJ038,37
images_OBJ054/OBJ054_030.jpg,images_OBJ054,53
images_OBJ069/OBJ069_042.jpg,images_OBJ069,68
images_OBJ011/OBJ011_021.jpg,images_OBJ011,10
images_OBJ014/sunglasses_016.jpeg,images_OBJ014,13
images_OBJ005/OBJ005_057.jpg,images_OBJ005,4
images_OBJ059/OBJ059_094.jpg,images_OBJ059,58
images_OBJ070/OBJ070_062.jpg,images_OBJ070,69
images_OBJ047/OBJ047_047.jpg,images_OBJ047,46
images_OBJ058/OBJ058_051.jpg,images_OBJ058,57
images_OBJ027/OBJ027_078.jpg,images_OBJ027,26
images_OBJ042/OBJ042_081.jpg,images_OBJ042,41
images_OBJ030/OBJ030_079.jpg,images_OBJ030,29
images_OBJ005/OBJ005_020.jpg,images_OBJ005,4
images_OBJ053/OBJ053_090.jpg,images_OBJ053,52
images_OBJ036/OBJ036_080.jpg,images_OBJ036,35
images_OBJ066/OBJ066_026.jpg,images_OBJ066,65
images_OBJ068/OBJ068_066.jpg,images_OBJ068,67
images_OBJ026/OBJ026_060.jpg,images_OBJ026,25
images_OBJ025/OBJ025_018.jpg,images_OBJ025,24
images_OBJ005/OBJ005_015.jpg,images_OBJ005,4
images_OBJ063/OBJ063_017.jpg,images_OBJ063,62
images_OBJ055/OBJ055_008.jpg,images_OBJ055,54
images_OBJ025/OBJ025_044.jpg,images_OBJ025,24
images_OBJ064/OBJ064_076.jpg,images_OBJ064,63
images_OBJ019/OBJ019_025.jpg,images_OBJ019,18
images_OBJ045/OBJ045_093.jpg,images_OBJ045,44
images_OBJ020/OBJ020_072.jpg,images_OBJ020,19
images_OBJ025/OBJ025_004.jpg,images_OBJ025,24
images_OBJ066/OBJ066_005.jpg,images_OBJ066,65
images_OBJ024/OBJ024_030.jpg,images_OBJ024,23
images_OBJ024/OBJ024_029.jpg,images_OBJ024,23
images_OBJ049/OBJ049_bg_006.jpg,images_OBJ049,48
images_OBJ067/OBJ067_0011.jpg,images_OBJ067,66
images_OBJ017/OBJ017_074.jpg,images_OBJ017,16
images_OBJ008/OBJ008_057.jpg,images_OBJ008,7
images_OBJ042/OBJ042_014.jpg,images_OBJ042,41
images_OBJ043/OBJ043_031.jpg,images_OBJ043,42
images_OBJ064/OBJ064_043.jpg,images_OBJ064,63
images_OBJ049/OBJ049_005.jpg,images_OBJ049,48
images_OBJ061/OBJ061_071.jpg,images_OBJ061,60
images_OBJ018/OBJ018_034.jpg,images_OBJ018,17
images_OBJ038/OBJ038_004.jpg,images_OBJ038,37
images_OBJ066/OBJ066_016.jpg,images_OBJ066,65
images_OBJ055/OBJ055_048.jpg,images_OBJ055,54
images_OBJ012/OBJ012_020.jpg,images_OBJ012,11
images_OBJ070/OBJ070_023.jpg,images_OBJ070,69
images_OBJ071/OBJ071_022.jpg,images_OBJ071,70
images_OBJ066/OBJ066_019.jpg,images_OBJ066,65
images_OBJ062/OBJ062_047.jpg,images_OBJ062,61
images_OBJ015/OBJ015_031.jpg,images_OBJ015,14
images_OBJ034/OBJ034_003.jpg,images_OBJ034,33
images_OBJ054/OBJ054_001.jpg,images_OBJ054,53
images_OBJ063/OBJ063_092.jpg,images_OBJ063,62
images_OBJ049/OBJ049_095.jpg,images_OBJ049,48
images_OBJ066/OBJ066_070.jpg,images_OBJ066,65
images_OBJ019/OBJ019_064.jpg,images_OBJ019,18
images_OBJ014/sunglasses_041.jpeg,images_OBJ014,13
images_OBJ073/OBJ073_bg_03.jpg,images_OBJ073,72
images_OBJ044/OBJ044_037.jpg,images_OBJ044,43
images_OBJ007/OBJ007_030.jpg,images_OBJ007,6
images_OBJ069/OBJ069_052.jpg,images_OBJ069,68
images_OBJ047/OBJ047_024.jpg,images_OBJ047,46
images_OBJ060/OBJ060_30.JPG,images_OBJ060,59
images_OBJ019/OBJ019_090.jpg,images_OBJ019,18
images_OBJ039/OBJ039_040.jpg,images_OBJ039,38
images_OBJ025/OBJ025_066.jpg,images_OBJ025,24
images_OBJ071/OBJ071_020.jpg,images_OBJ071,70
images_OBJ012/OBJ012_017.jpg,images_OBJ012,11
images_OBJ068/OBJ068_053.jpg,images_OBJ068,67
images_OBJ041/OBJ041_083.jpg,images_OBJ041,40
images_OBJ034/OBJ034_070.jpg,images_OBJ034,33
images_OBJ039/OBJ039_001.jpg,images_OBJ039,38
images_OBJ018/OBJ018_009.jpg,images_OBJ018,17
images_OBJ027/OBJ027_036.jpg,images_OBJ027,26
images_OBJ013/OBJ013_077.jpg,images_OBJ013,12
images_OBJ056/OBJ056_087.jpg,images_OBJ056,55
images_OBJ025/OBJ025_007.jpg,images_OBJ025,24
images_OBJ051/OBJ051_094.jpg,images_OBJ051,50
images_OBJ041/OBJ041_bg_004.jpg,images_OBJ041,40
images_OBJ060/OBJ060_51.JPG,images_OBJ060,59
images_OBJ067/OBJ067_0069.jpg,images_OBJ067,66
images_OBJ046/OBJ046_089.jpg,images_OBJ046,45
images_OBJ041/OBJ041_093.jpg,images_OBJ041,40
images_OBJ042/OBJ042_008.jpg,images_OBJ042,41
images_OBJ013/OBJ013_008.jpg,images_OBJ013,12
images_OBJ007/OBJ007_088.jpg,images_OBJ007,6
images_OBJ004/OBJ004_028.jpg,images_OBJ004,3
images_OBJ047/OBJ047_004.jpg,images_OBJ047,46
images_OBJ043/OBJ043_093.jpg,images_OBJ043,42
images_OBJ041/OBJ041_011.jpg,images_OBJ041,40
images_OBJ002/OBJ002_022.jpg,images_OBJ002,1
images_OBJ045/OBJ045_092.jpg,images_OBJ045,44
images_OBJ007/OBJ007_021.jpg,images_OBJ007,6
images_OBJ054/OBJ054_057.jpg,images_OBJ054,53
images_OBJ011/OBJ011_083.jpg,images_OBJ011,10
images_OBJ006/OBJ006_036.jpg,images_OBJ006,5
images_OBJ018/OBJ018_013.jpg,images_OBJ018,17
images_OBJ016/OBJ016_002.jpg,images_OBJ016,15
images_OBJ005/OBJ005_061.jpg,images_OBJ005,4
images_OBJ037/OBJ037_032.jpg,images_OBJ037,36
images_OBJ055/OBJ055_016.jpg,images_OBJ055,54
images_OBJ011/OBJ011_009.jpg,images_OBJ011,10
images_OBJ039/OBJ039_085.jpg,images_OBJ039,38
images_OBJ046/OBJ046_021.jpg,images_OBJ046,45
images_OBJ052/OBJ052_012.jpg,images_OBJ052,51
images_OBJ003/OBJ003_050.jpg,images_OBJ003,2
images_OBJ068/OBJ068_015.jpg,images_OBJ068,67
images_OBJ027/OBJ027_005.jpg,images_OBJ027,26
images_OBJ062/OBJ062_090.jpg,images_OBJ062,61
images_OBJ010/OBJ010_059.jpg,images_OBJ010,9
images_OBJ045/OBJ045_089.jpg,images_OBJ045,44
images_OBJ027/OBJ027_039.jpg,images_OBJ027,26
images_OBJ047/OBJ047_079.jpg,images_OBJ047,46
images_OBJ026/OBJ026_088.jpg,images_OBJ026,25
images_OBJ073/OBJ073_070.jpg,images_OBJ073,72
images_OBJ034/OBJ034_024.jpg,images_OBJ034,33
images_OBJ018/OBJ018_003.jpg,images_OBJ018,17
images_OBJ031/OBJ031_024.jpg,images_OBJ031,30
images_OBJ057/OBJ057_010.jpg,images_OBJ057,56
images_OBJ035/OBJ035_085.jpg,images_OBJ035,34
images_OBJ001/OBJ001_052.jpg,images_OBJ001,0
images_OBJ068/OBJ068_065.jpg,images_OBJ068,67
images_OBJ073/OBJ073_072.jpg,images_OBJ073,72
images_OBJ048/OBJ048_055.jpg,images_OBJ048,47
images_OBJ061/OBJ061_034.jpg,images_OBJ061,60
images_OBJ009/OBJ009_092.jpg,images_OBJ009,8
images_OBJ004/OBJ004_058.jpg,images_OBJ004,3
images_OBJ022/OBJ022_025.jpeg,images_OBJ022,21
images_OBJ018/OBJ018_036.jpg,images_OBJ018,17
images_OBJ069/OBJ069_087.jpg,images_OBJ069,68
images_OBJ007/OBJ007_007.jpg,images_OBJ007,6
images_OBJ021/OBJ021_010.jpg,images_OBJ021,20
images_OBJ028/OBJ028_011.jpg,images_OBJ028,27
images_OBJ027/OBJ027_052.jpg,images_OBJ027,26
images_OBJ005/OBJ005_060.jpg,images_OBJ005,4
images_OBJ002/OBJ002_034.jpg,images_OBJ002,1
images_OBJ049/OBJ049_062.jpg,images_OBJ049,48
images_OBJ049/OBJ049_041.jpg,images_OBJ049,48
images_OBJ041/OBJ041_019.jpg,images_OBJ041,40
images_OBJ045/OBJ045_031.jpg,images_OBJ045,44
images_OBJ044/OBJ044_bg_004.jpg,images_OBJ044,43
images_OBJ026/OBJ026_064.jpg,images_OBJ026,25
images_OBJ070/OBJ070_034.jpg,images_OBJ070,69
images_OBJ058/OBJ058_040.jpg,images_OBJ058,57
images_OBJ027/OBJ027_069.jpg,images_OBJ027,26
images_OBJ025/OBJ025_051.jpg,images_OBJ025,24
images_OBJ066/OBJ066_028.jpg,images_OBJ066,65
images_OBJ045/OBJ045_044.jpg,images_OBJ045,44
images_OBJ067/OBJ067_0072.jpg,images_OBJ067,66
images_OBJ058/OBJ058_094.jpg,images_OBJ058,57
images_OBJ069/OBJ069_067.jpg,images_OBJ069,68
images_OBJ041/OBJ041_bg_001.jpg,images_OBJ041,40
images_OBJ063/OBJ063_013.jpg,images_OBJ063,62
images_OBJ071/OBJ071_046.jpg,images_OBJ071,70
images_OBJ053/OBJ053_004.jpg,images_OBJ053,52
images_OBJ041/OBJ041_028.jpg,images_OBJ041,40
images_OBJ062/OBJ062_075.jpg,images_OBJ062,61
images_OBJ053/OBJ053_017.jpg,images_OBJ053,52
images_OBJ014/sunglasses_050.jpeg,images_OBJ014,13
images_OBJ055/OBJ055_017.jpg,images_OBJ055,54
images_OBJ072/OBJ072_083.jpg,images_OBJ072,71
images_OBJ026/OBJ026_075.jpg,images_OBJ026,25
images_OBJ046/OBJ046_052.jpg,images_OBJ046,45
images_OBJ071/OBJ071_033.jpg,images_OBJ071,70
images_OBJ042/OBJ042_037.jpg,images_OBJ042,41
images_OBJ021/OBJ021_bg_003.jpg,images_OBJ021,20
images_OBJ020/OBJ020_042.jpg,images_OBJ020,19
images_OBJ052/OBJ052_bg_004.jpg,images_OBJ052,51
images_OBJ052/OBJ052_081.jpg,images_OBJ052,51
images_OBJ050/OBJ050_037.jpg,images_OBJ050,49
images_OBJ070/OBJ070_038.jpg,images_OBJ070,69
images_OBJ032/OBJ032_021.jpg,images_OBJ032,31
images_OBJ001/OBJ001_085.jpg,images_OBJ001,0
images_OBJ050/OBJ050_033.jpg,images_OBJ050,49
images_OBJ053/OBJ053_031.jpg,images_OBJ053,52
images_OBJ021/OBJ021_059.jpg,images_OBJ021,20
images_OBJ020/OBJ020_071.jpg,images_OBJ020,19
images_OBJ015/OBJ015_058.jpg,images_OBJ015,14
images_OBJ012/OBJ012_036.jpg,images_OBJ012,11
images_OBJ011/OBJ011_046.jpg,images_OBJ011,10
images_OBJ056/OBJ056_058.jpg,images_OBJ056,55
images_OBJ050/OBJ050_032.jpg,images_OBJ050,49
images_OBJ018/OBJ018_073.jpg,images_OBJ018,17
images_OBJ035/OBJ035_014.jpg,images_OBJ035,34
images_OBJ011/OBJ011_032.jpg,images_OBJ011,10
images_OBJ072/OBJ072_bg_05.jpg,images_OBJ072,71
images_OBJ065/OBJ065_009.jpg,images_OBJ065,64
images_OBJ062/OBJ062_069.jpg,images_OBJ062,61
images_OBJ057/OBJ057_003.jpg,images_OBJ057,56
images_OBJ031/OBJ031_020.jpg,images_OBJ031,30
images_OBJ065/OBJ065_041.jpg,images_OBJ065,64
images_OBJ072/OBJ072_032.jpg,images_OBJ072,71
images_OBJ013/OBJ013_045.jpg,images_OBJ013,12
images_OBJ038/OBJ038_005.jpg,images_OBJ038,37
images_OBJ068/OBJ068_029.jpg,images_OBJ068,67
images_OBJ008/OBJ008_033.jpg,images_OBJ008,7
images_OBJ025/OBJ025_087.jpg,images_OBJ025,24
images_OBJ035/OBJ035_006.jpg,images_OBJ035,34
images_OBJ031/OBJ031_bg_001.jpg,images_OBJ031,30
images_OBJ019/OBJ019_093.jpg,images_OBJ019,18
images_OBJ002/OBJ002_040.jpg,images_OBJ002,1
images_OBJ017/OBJ017_056.jpg,images_OBJ017,16
images_OBJ067/OBJ067_0062.jpg,images_OBJ067,66
images_OBJ065/OBJ065_093.jpg,images_OBJ065,64
images_OBJ007/OBJ007_049.jpg,images_OBJ007,6
images_OBJ017/OBJ017_038.jpg,images_OBJ017,16
images_OBJ013/OBJ013_015.jpg,images_OBJ013,12
images_OBJ018/OBJ018_039.jpg,images_OBJ018,17
images_OBJ021/OBJ021_003.jpg,images_OBJ021,20
images_OBJ049/OBJ049_bg_003.jpg,images_OBJ049,48
images_OBJ004/OBJ004_004.jpg,images_OBJ004,3
images_OBJ068/OBJ068_069.jpg,images_OBJ068,67
images_OBJ020/OBJ020_016.jpg,images_OBJ020,19
images_OBJ005/OBJ005_045.jpg,images_OBJ005,4
images_OBJ058/OBJ058_003.jpg,images_OBJ058,57
images_OBJ036/OBJ036_051.jpg,images_OBJ036,35
images_OBJ054/OBJ054_060.jpg,images_OBJ054,53
images_OBJ058/OBJ058_005.jpg,images_OBJ058,57
images_OBJ003/OBJ003_055.jpg,images_OBJ003,2
images_OBJ063/OBJ063_067.jpg,images_OBJ063,62
images_OBJ006/OBJ006_060.jpg,images_OBJ006,5
images_OBJ012/OBJ012_067.jpg,images_OBJ012,11
images_OBJ027/OBJ027_086.jpg,images_OBJ027,26
images_OBJ070/OBJ070_089.jpg,images_OBJ070,69
images_OBJ005/OBJ005_037.jpg,images_OBJ005,4
images_OBJ051/OBJ051_080.jpg,images_OBJ051,50
images_OBJ067/OBJ067_0083.jpg,images_OBJ067,66
images_OBJ050/OBJ050_045.jpg,images_OBJ050,49
images_OBJ020/OBJ020_051.jpg,images_OBJ020,19
images_OBJ016/OBJ016_073.jpg,images_OBJ016,15
images_OBJ039/OBJ039_066.jpg,images_OBJ039,38
images_OBJ034/OBJ034_062.jpg,images_OBJ034,33
images_OBJ002/OBJ002_079.jpg,images_OBJ002,1
images_OBJ019/OBJ019_028.jpg,images_OBJ019,18
images_OBJ054/OBJ054_021.jpg,images_OBJ054,53
images_OBJ044/OBJ044_053.jpg,images_OBJ044,43
images_OBJ062/OBJ062_067.jpg,images_OBJ062,61
images_OBJ004/OBJ004_006.jpg,images_OBJ004,3
images_OBJ067/OBJ067_0045.jpg,images_OBJ067,66
images_OBJ023/OBJ023_081.JPG,images_OBJ023,22
images_OBJ065/OBJ065_053.jpg,images_OBJ065,64
images_OBJ029/OBJ029_028.jpg,images_OBJ029,28
images_OBJ022/OBJ022_012.jpeg,images_OBJ022,21
images_OBJ059/OBJ059_081.jpg,images_OBJ059,58
images_OBJ052/OBJ052_077.jpg,images_OBJ052,51
images_OBJ040/OBJ040_016.JPG,images_OBJ040,39
images_OBJ035/OBJ035_056.jpg,images_OBJ035,34
images_OBJ020/OBJ020_011.jpg,images_OBJ020,19
images_OBJ060/OBJ060_93.JPG,images_OBJ060,59
images_OBJ003/OBJ003_073.jpg,images_OBJ003,2
images_OBJ020/OBJ020_087.jpg,images_OBJ020,19
images_OBJ026/OBJ026_009.jpg,images_OBJ026,25
images_OBJ010/OBJ010_057.jpg,images_OBJ010,9
images_OBJ006/OBJ006_080.jpg,images_OBJ006,5
images_OBJ049/OBJ049_039.jpg,images_OBJ049,48
images_OBJ064/OBJ064_028.jpg,images_OBJ064,63
images_OBJ028/OBJ028_013.jpg,images_OBJ028,27
images_OBJ009/OBJ009_031.jpg,images_OBJ009,8
images_OBJ025/OBJ025_033.jpg,images_OBJ025,24
images_OBJ010/OBJ010_053.jpg,images_OBJ010,9
images_OBJ056/OBJ056_003.jpg,images_OBJ056,55
images_OBJ050/OBJ050_029.jpg,images_OBJ050,49
images_OBJ054/OBJ054_093.jpg,images_OBJ054,53
images_OBJ014/sunglasses_079.jpeg,images_OBJ014,13
images_OBJ061/OBJ061_036.jpg,images_OBJ061,60
images_OBJ030/OBJ030_083.jpg,images_OBJ030,29
images_OBJ036/OBJ036_052.jpg,images_OBJ036,35
images_OBJ034/OBJ034_054.jpg,images_OBJ034,33
images_OBJ069/OBJ069_046.jpg,images_OBJ069,68
images_OBJ017/OBJ017_049.jpg,images_OBJ017,16
images_OBJ001/OBJ001_023.jpg,images_OBJ001,0
images_OBJ031/OBJ031_009.jpg,images_OBJ031,30
images_OBJ067/OBJ067_0082.jpg,images_OBJ067,66
images_OBJ051/OBJ051_005.jpg,images_OBJ051,50
images_OBJ028/OBJ028_043.jpg,images_OBJ028,27
images_OBJ062/OBJ062_071.jpg,images_OBJ062,61
images_OBJ031/OBJ031_077.jpg,images_OBJ031,30
images_OBJ022/OBJ022_076.jpeg,images_OBJ022,21
images_OBJ061/OBJ061_051.jpg,images_OBJ061,60
images_OBJ035/OBJ035_069.jpg,images_OBJ035,34
images_OBJ045/OBJ045_047.jpg,images_OBJ045,44
images_OBJ060/OBJ060_21.JPG,images_OBJ060,59
images_OBJ031/OBJ031_064.jpg,images_OBJ031,30
images_OBJ051/OBJ051_044.jpg,images_OBJ051,50
images_OBJ024/OBJ024_072.jpg,images_OBJ024,23
images_OBJ012/OBJ012_041.jpg,images_OBJ012,11
images_OBJ011/OBJ011_085.jpg,images_OBJ011,10
images_OBJ019/OBJ019_017.jpg,images_OBJ019,18
images_OBJ038/OBJ038_055.jpg,images_OBJ038,37
images_OBJ022/OBJ022_059.jpeg,images_OBJ022,21
images_OBJ050/OBJ050_084.jpg,images_OBJ050,49
images_OBJ001/OBJ001_021.jpg,images_OBJ001,0
images_OBJ038/OBJ038_094.jpg,images_OBJ038,37
images_OBJ059/OBJ059_012.jpg,images_OBJ059,58
images_OBJ065/OBJ065_090.jpg,images_OBJ065,64
images_OBJ025/OBJ025_056.jpg,images_OBJ025,24
images_OBJ061/OBJ061_060.jpg,images_OBJ061,60
images_OBJ070/OBJ070_076.jpg,images_OBJ070,69
images_OBJ068/OBJ068_031.jpg,images_OBJ068,67
images_OBJ017/OBJ017_083.jpg,images_OBJ017,16
images_OBJ039/OBJ039_017.jpg,images_OBJ039,38
images_OBJ043/OBJ043_015.jpg,images_OBJ043,42
images_OBJ039/OBJ039_014.jpg,images_OBJ039,38
images_OBJ017/OBJ017_069.jpg,images_OBJ017,16
images_OBJ033/OBJ033_034.jpg,images_OBJ033,32
images_OBJ004/OBJ004_074.jpg,images_OBJ004,3
images_OBJ044/OBJ044_012.jpg,images_OBJ044,43
images_OBJ001/OBJ001_bg_004.jpg,images_OBJ001,0
images_OBJ043/OBJ043_007.jpg,images_OBJ043,42
images_OBJ027/OBJ027_049.jpg,images_OBJ027,26
images_OBJ031/OBJ031_055.jpg,images_OBJ031,30
images_OBJ048/OBJ048_001.jpg,images_OBJ048,47
images_OBJ026/OBJ026_027.jpg,images_OBJ026,25
images_OBJ001/OBJ001_080.jpg,images_OBJ001,0
images_OBJ010/OBJ010_027.jpg,images_OBJ010,9
images_OBJ027/OBJ027_033.jpg,images_OBJ027,26
images_OBJ058/OBJ058_057.jpg,images_OBJ058,57
images_OBJ059/OBJ059_003.jpg,images_OBJ059,58
images_OBJ014/sunglasses_023.jpeg,images_OBJ014,13
images_OBJ025/OBJ025_037.jpg,images_OBJ025,24
images_OBJ032/OBJ032_087.jpg,images_OBJ032,31
images_OBJ023/OBJ023_044.JPG,images_OBJ023,22
images_OBJ014/sunglasses_046.jpeg,images_OBJ014,13
images_OBJ018/OBJ018_062.jpg,images_OBJ018,17
images_OBJ057/OBJ057_005.jpg,images_OBJ057,56
images_OBJ061/OBJ061_027.jpg,images_OBJ061,60
images_OBJ062/OBJ062_044.jpg,images_OBJ062,61
images_OBJ008/OBJ008_016.jpg,images_OBJ008,7
images_OBJ061/OBJ061_032.jpg,images_OBJ061,60
images_OBJ066/OBJ066_029.jpg,images_OBJ066,65
images_OBJ021/OBJ021_068.jpg,images_OBJ021,20
images_OBJ009/OBJ009_058.jpg,images_OBJ009,8
images_OBJ056/OBJ056_026.jpg,images_OBJ056,55
images_OBJ026/OBJ026_031.jpg,images_OBJ026,25
images_OBJ022/OBJ022_009.jpeg,images_OBJ022,21
images_OBJ038/OBJ038_071.jpg,images_OBJ038,37
images_OBJ071/OBJ071_076.jpg,images_OBJ071,70
images_OBJ042/OBJ042_063.jpg,images_OBJ042,41
images_OBJ072/OBJ072_078.jpg,images_OBJ072,71
images_OBJ067/OBJ067_0013.jpg,images_OBJ067,66
images_OBJ052/OBJ052_071.jpg,images_OBJ052,51
images_OBJ019/OBJ019_031.jpg,images_OBJ019,18
images_OBJ055/OBJ055_033.jpg,images_OBJ055,54
images_OBJ014/sunglasses_034.jpeg,images_OBJ014,13
images_OBJ057/OBJ057_084.jpg,images_OBJ057,56
images_OBJ056/OBJ056_083.jpg,images_OBJ056,55
images_OBJ015/OBJ015_076.jpg,images_OBJ015,14
images_OBJ060/OBJ060_69.JPG,images_OBJ060,59
images_OBJ019/OBJ019_053.jpg,images_OBJ019,18
images_OBJ024/OBJ024_082.jpg,images_OBJ024,23
images_OBJ015/OBJ015_090.jpg,images_OBJ015,14
images_OBJ067/OBJ067_0014.jpg,images_OBJ067,66
images_OBJ043/OBJ043_005.jpg,images_OBJ043,42
images_OBJ018/OBJ018_025.jpg,images_OBJ018,17
images_OBJ040/OBJ040_036.JPG,images_OBJ040,39
images_OBJ036/OBJ036_088.jpg,images_OBJ036,35
images_OBJ010/OBJ010_094.jpg,images_OBJ010,9
images_OBJ009/OBJ009_030.jpg,images_OBJ009,8
images_OBJ011/OBJ011_077.jpg,images_OBJ011,10
images_OBJ049/OBJ049_098.jpg,images_OBJ049,48
images_OBJ054/OBJ054_075.jpg,images_OBJ054,53
images_OBJ032/OBJ032_bg_02.jpg,images_OBJ032,31
images_OBJ043/OBJ043_036.jpg,images_OBJ043,42
images_OBJ064/OBJ064_070.jpg,images_OBJ064,63
images_OBJ066/OBJ066_006.jpg,images_OBJ066,65
images_OBJ013/OBJ013_054.jpg,images_OBJ013,12
images_OBJ003/OBJ003_079.jpg,images_OBJ003,2
images_OBJ045/OBJ045_063.jpg,images_OBJ045,44
images_OBJ040/OBJ040_073.JPG,images_OBJ040,39
images_OBJ043/OBJ043_046.jpg,images_OBJ043,42
images_OBJ052/OBJ052_046.jpg,images_OBJ052,51
images_OBJ038/OBJ038_020.jpg,images_OBJ038,37
images_OBJ004/OBJ004_038.jpg,images_OBJ004,3
images_OBJ070/OBJ070_022.jpg,images_OBJ070,69
images_OBJ044/OBJ044_071.jpg,images_OBJ044,43
images_OBJ025/OBJ025_035.jpg,images_OBJ025,24
images_OBJ031/OBJ031_058.jpg,images_OBJ031,30
images_OBJ037/OBJ037_094.jpg,images_OBJ037,36
images_OBJ045/OBJ045_051.jpg,images_OBJ045,44
images_OBJ035/OBJ035_059.jpg,images_OBJ035,34
images_OBJ064/OBJ064_033.jpg,images_OBJ064,63
images_OBJ056/OBJ056_023.jpg,images_OBJ056,55
images_OBJ002/OBJ002_015.jpg,images_OBJ002,1
images_OBJ071/OBJ071_038.jpg,images_OBJ071,70
images_OBJ063/OBJ063_bg_004.jpg,images_OBJ063,62
images_OBJ003/OBJ003_014.jpg,images_OBJ003,2
images_OBJ039/OBJ039_bg_003.jpg,images_OBJ039,38
images_OBJ064/OBJ064_055.jpg,images_OBJ064,63
images_OBJ013/OBJ013_084.jpg,images_OBJ013,12
images_OBJ007/OBJ007_038.jpg,images_OBJ007,6
images_OBJ033/OBJ033_006.jpg,images_OBJ033,32
images_OBJ026/OBJ026_094.jpg,images_OBJ026,25
images_OBJ048/OBJ048_094.jpg,images_OBJ048,47
images_OBJ002/OBJ002_046.jpg,images_OBJ002,1
images_OBJ042/OBJ042_046.jpg,images_OBJ042,41
images_OBJ013/OBJ013_071.jpg,images_OBJ013,12
images_OBJ072/OBJ072_016.jpg,images_OBJ072,71
images_OBJ039/OBJ039_020.jpg,images_OBJ039,38
images_OBJ064/OBJ064_065.jpg,images_OBJ064,63
images_OBJ011/OBJ011_086.jpg,images_OBJ011,10
images_OBJ016/OBJ016_044.jpg,images_OBJ016,15
images_OBJ034/OBJ034_036.jpg,images_OBJ034,33
images_OBJ054/OBJ054_003.jpg,images_OBJ054,53
images_OBJ042/OBJ042_089.jpg,images_OBJ042,41
images_OBJ029/OBJ029_019.jpg,images_OBJ029,28
images_OBJ027/OBJ027_066.jpg,images_OBJ027,26
images_OBJ040/OBJ040_048.JPG,images_OBJ040,39
images_OBJ056/OBJ056_004.jpg,images_OBJ056,55
images_OBJ008/OBJ008_036.jpg,images_OBJ008,7
images_OBJ024/OBJ024_017.jpg,images_OBJ024,23
images_OBJ048/OBJ048_014.jpg,images_OBJ048,47
images_OBJ022/OBJ022_029.jpeg,images_OBJ022,21
images_OBJ013/OBJ013_079.jpg,images_OBJ013,12
images_OBJ055/OBJ055_054.jpg,images_OBJ055,54
images_OBJ001/OBJ001_079.jpg,images_OBJ001,0
images_OBJ053/OBJ053_014.jpg,images_OBJ053,52
images_OBJ052/OBJ052_065.jpg,images_OBJ052,51
images_OBJ040/OBJ040_bg_004.JPG,images_OBJ040,39
images_OBJ073/OBJ073_014.jpg,images_OBJ073,72
images_OBJ068/OBJ068_038.jpg,images_OBJ068,67
images_OBJ021/OBJ021_009.jpg,images_OBJ021,20
images_OBJ018/OBJ018_027.jpg,images_OBJ018,17
images_OBJ003/OBJ003_045.jpg,images_OBJ003,2
images_OBJ065/OBJ065_061.jpg,images_OBJ065,64
images_OBJ036/OBJ036_044.jpg,images_OBJ036,35
images_OBJ051/OBJ051_073.jpg,images_OBJ051,50
images_OBJ045/OBJ045_088.jpg,images_OBJ045,44
images_OBJ052/OBJ052_045.jpg,images_OBJ052,51
images_OBJ019/OBJ019_033.jpg,images_OBJ019,18
images_OBJ045/OBJ045_bg_004.jpg,images_OBJ045,44
images_OBJ068/OBJ068_004.jpg,images_OBJ068,67
images_OBJ066/OBJ066_063.jpg,images_OBJ066,65
images_OBJ007/OBJ007_052.jpg,images_OBJ007,6
images_OBJ070/OBJ070_095.jpg,images_OBJ070,69
images_OBJ059/OBJ059_bg_004.jpg,images_OBJ059,58
images_OBJ048/OBJ048_089.jpg,images_OBJ048,47
images_OBJ053/OBJ053_026.jpg,images_OBJ053,52
images_OBJ032/OBJ032_095.jpg,images_OBJ032,31
images_OBJ006/OBJ006_bg_001.jpg,images_OBJ006,5
images_OBJ052/OBJ052_082.jpg,images_OBJ052,51
images_OBJ017/OBJ017_068.jpg,images_OBJ017,16
images_OBJ059/OBJ059_048.jpg,images_OBJ059,58
images_OBJ005/OBJ005_064.jpg,images_OBJ005,4
images_OBJ062/OBJ062_bg_005.jpg,images_OBJ062,61
images_OBJ025/OBJ025_068.jpg,images_OBJ025,24
images_OBJ051/OBJ051_027.jpg,images_OBJ051,50
images_OBJ036/OBJ036_092.jpg,images_OBJ036,35
images_OBJ035/OBJ035_037.jpg,images_OBJ035,34
images_OBJ039/OBJ039_004.jpg,images_OBJ039,38
images_OBJ018/OBJ018_058.jpg,images_OBJ018,17
images_OBJ066/OBJ066_011.jpg,images_OBJ066,65
images_OBJ051/OBJ051_097.jpg,images_OBJ051,50
images_OBJ036/OBJ036_073.jpg,images_OBJ036,35
images_OBJ036/OBJ036_071.jpg,images_OBJ036,35
images_OBJ040/OBJ040_046.JPG,images_OBJ040,39
images_OBJ036/OBJ036_072.jpg,images_OBJ036,35
images_OBJ066/OBJ066_004.jpg,images_OBJ066,65
images_OBJ043/OBJ043_018.jpg,images_OBJ043,42
images_OBJ014/sunglasses_067.jpeg,images_OBJ014,13
images_OBJ058/OBJ058_060.jpg,images_OBJ058,57
images_OBJ023/OBJ023_036.JPG,images_OBJ023,22
images_OBJ053/OBJ053_007.jpg,images_OBJ053,52
images_OBJ032/OBJ032_068.jpg,images_OBJ032,31
images_OBJ025/OBJ025_030.jpg,images_OBJ025,24
images_OBJ011/OBJ011_95.jpg,images_OBJ011,10
images_OBJ037/OBJ037_022.jpg,images_OBJ037,36
images_OBJ058/OBJ058_050.jpg,images_OBJ058,57
images_OBJ051/OBJ051_006.jpg,images_OBJ051,50
images_OBJ010/OBJ010_023.jpg,images_OBJ010,9
images_OBJ066/OBJ066_012.jpg,images_OBJ066,65
images_OBJ032/OBJ032_032.jpg,images_OBJ032,31
images_OBJ008/OBJ008_012.jpg,images_OBJ008,7
images_OBJ073/OBJ073_008.jpg,images_OBJ073,72
images_OBJ046/OBJ046_047.jpg,images_OBJ046,45
images_OBJ039/OBJ039_bg_001.jpg,images_OBJ039,38
images_OBJ025/OBJ025_019.jpg,images_OBJ025,24
images_OBJ049/OBJ049_035.jpg,images_OBJ049,48
images_OBJ068/OBJ068_037.jpg,images_OBJ068,67
images_OBJ049/OBJ049_bg_002.jpg,images_OBJ049,48
images_OBJ036/OBJ036_023.jpg,images_OBJ036,35
images_OBJ027/OBJ027_035.jpg,images_OBJ027,26
images_OBJ027/OBJ027_073.jpg,images_OBJ027,26
images_OBJ058/OBJ058_031.jpg,images_OBJ058,57
images_OBJ017/OBJ017_bg_001.jpg,images_OBJ017,16
images_OBJ072/OBJ072_069.jpg,images_OBJ072,71
images_OBJ048/OBJ048_044.jpg,images_OBJ048,47
images_OBJ003/OBJ003_052.jpg,images_OBJ003,2
images_OBJ049/OBJ049_091.jpg,images_OBJ049,48
images_OBJ071/OBJ071_059.jpg,images_OBJ071,70
images_OBJ044/OBJ044_011.jpg,images_OBJ044,43
images_OBJ038/OBJ038_072.jpg,images_OBJ038,37
images_OBJ040/OBJ040_076.JPG,images_OBJ040,39
images_OBJ036/OBJ036_009.jpg,images_OBJ036,35
images_OBJ062/OBJ062_050.jpg,images_OBJ062,61
images_OBJ023/OBJ023_010.JPG,images_OBJ023,22
images_OBJ056/OBJ056_078.jpg,images_OBJ056,55
images_OBJ050/OBJ050_054.jpg,images_OBJ050,49
images_OBJ028/OBJ028_027.jpg,images_OBJ028,27
images_OBJ017/OBJ017_090.jpg,images_OBJ017,16
images_OBJ057/OBJ057_082.jpg,images_OBJ057,56
images_OBJ042/OBJ042_082.jpg,images_OBJ042,41
images_OBJ066/OBJ066_010.jpg,images_OBJ066,65
images_OBJ043/OBJ043_071.jpg,images_OBJ043,42
images_OBJ012/OBJ012_043.jpg,images_OBJ012,11
images_OBJ043/OBJ043_051.jpg,images_OBJ043,42
images_OBJ051/OBJ051_035.jpg,images_OBJ051,50
images_OBJ039/OBJ039_070.jpg,images_OBJ039,38
images_OBJ059/OBJ059_044.jpg,images_OBJ059,58
images_OBJ069/OBJ069_033.jpg,images_OBJ069,68
images_OBJ029/OBJ029_069.jpg,images_OBJ029,28
images_OBJ073/OBJ073_024.jpg,images_OBJ073,72
images_OBJ020/OBJ020_bg_001.jpg,images_OBJ020,19
images_OBJ063/OBJ063_093.jpg,images_OBJ063,62
images_OBJ067/OBJ067_bg_001.jpeg,images_OBJ067,66
images_OBJ069/OBJ069_036.jpg,images_OBJ069,68
images_OBJ007/OBJ007_094.jpg,images_OBJ007,6
images_OBJ009/OBJ009_088.jpg,images_OBJ009,8
images_OBJ026/OBJ026_068.jpg,images_OBJ026,25
images_OBJ030/OBJ030_089.jpg,images_OBJ030,29
images_OBJ043/OBJ043_090.jpg,images_OBJ043,42
images_OBJ023/OBJ023_019.jpg,images_OBJ023,22
images_OBJ005/OBJ005_079.jpg,images_OBJ005,4
images_OBJ055/OBJ055_bg_002.jpg,images_OBJ055,54
images_OBJ042/OBJ042_032.jpg,images_OBJ042,41
images_OBJ023/OBJ023_015.jpg,images_OBJ023,22
images_OBJ001/OBJ001_083.jpg,images_OBJ001,0
images_OBJ045/OBJ045_028.jpg,images_OBJ045,44
images_OBJ014/sunglasses_014.jpeg,images_OBJ014,13
images_OBJ033/OBJ033_026.jpg,images_OBJ033,32
images_OBJ056/OBJ056_068.jpg,images_OBJ056,55
images_OBJ050/OBJ050_005.jpg,images_OBJ050,49
images_OBJ016/OBJ016_025.jpg,images_OBJ016,15
images_OBJ045/OBJ045_024.jpg,images_OBJ045,44
images_OBJ073/OBJ073_060.jpg,images_OBJ073,72
images_OBJ059/OBJ059_074.jpg,images_OBJ059,58
images_OBJ028/OBJ028_068.jpg,images_OBJ028,27
images_OBJ040/OBJ040_bg_001.JPG,images_OBJ040,39
images_OBJ055/OBJ055_026.jpg,images_OBJ055,54
images_OBJ050/OBJ050_063.jpg,images_OBJ050,49
images_OBJ055/OBJ055_080.jpg,images_OBJ055,54
images_OBJ013/OBJ013_027.jpg,images_OBJ013,12
images_OBJ037/OBJ037_045.jpg,images_OBJ037,36
images_OBJ008/OBJ008_060.jpg,images_OBJ008,7
images_OBJ036/OBJ036_004.jpg,images_OBJ036,35
images_OBJ022/OBJ022_071.jpeg,images_OBJ022,21
images_OBJ023/OBJ023_004.JPG,images_OBJ023,22
images_OBJ041/OBJ041_023.jpg,images_OBJ041,40
images_OBJ068/OBJ068_087.jpg,images_OBJ068,67
images_OBJ043/OBJ043_025.jpg,images_OBJ043,42
images_OBJ031/OBJ031_057.jpg,images_OBJ031,30
images_OBJ015/OBJ015_038.jpg,images_OBJ015,14
images_OBJ027/OBJ027_077.jpg,images_OBJ027,26
images_OBJ049/OBJ049_047.jpg,images_OBJ049,48
images_OBJ065/OBJ065_056.jpg,images_OBJ065,64
images_OBJ053/OBJ053_032.jpg,images_OBJ053,52
images_OBJ022/OBJ022_035.jpeg,images_OBJ022,21
images_OBJ059/OBJ059_064.jpg,images_OBJ059,58
images_OBJ040/OBJ040_029.JPG,images_OBJ040,39
images_OBJ008/OBJ008_078.jpg,images_OBJ008,7
images_OBJ012/OBJ012_026.jpg,images_OBJ012,11
images_OBJ009/OBJ009_bg_007.jpg,images_OBJ009,8
images_OBJ017/OBJ017_106.jpg,images_OBJ017,16
images_OBJ022/OBJ022_092.jpeg,images_OBJ022,21
images_OBJ062/OBJ062_010.jpg,images_OBJ062,61
images_OBJ046/OBJ046_068.jpg,images_OBJ046,45
images_OBJ055/OBJ055_028.jpg,images_OBJ055,54
images_OBJ019/OBJ019_085.jpg,images_OBJ019,18
images_OBJ034/OBJ034_039.jpg,images_OBJ034,33
images_OBJ045/OBJ045_094.jpg,images_OBJ045,44
images_OBJ035/OBJ035_011.jpg,images_OBJ035,34
images_OBJ008/OBJ008_027.jpg,images_OBJ008,7
images_OBJ045/OBJ045_011.jpg,images_OBJ045,44
images_OBJ065/OBJ065_062.jpg,images_OBJ065,64
images_OBJ073/OBJ073_083.jpg,images_OBJ073,72
images_OBJ031/OBJ031_085.jpg,images_OBJ031,30
images_OBJ051/OBJ051_010.jpg,images_OBJ051,50
images_OBJ064/OBJ064_062.jpg,images_OBJ064,63
images_OBJ054/OBJ054_025.jpg,images_OBJ054,53
images_OBJ026/OBJ026_043.jpg,images_OBJ026,25
images_OBJ004/OBJ004_072.jpg,images_OBJ004,3
images_OBJ041/OBJ041_060.jpg,images_OBJ041,40
images_OBJ059/OBJ059_055.jpg,images_OBJ059,58
images_OBJ052/OBJ052_014.jpg,images_OBJ052,51
images_OBJ047/OBJ047_031.jpg,images_OBJ047,46
images_OBJ071/OBJ071_080.jpg,images_OBJ071,70
images_OBJ013/OBJ013_088.jpg,images_OBJ013,12
images_OBJ052/OBJ052_061.jpg,images_OBJ052,51
images_OBJ058/OBJ058_019.jpg,images_OBJ058,57
images_OBJ060/OBJ060_26.JPG,images_OBJ060,59
images_OBJ073/OBJ073_027.jpg,images_OBJ073,72
images_OBJ040/OBJ040_062.JPG,images_OBJ040,39
images_OBJ031/OBJ031_079.jpg,images_OBJ031,30
images_OBJ061/OBJ061_008.jpg,images_OBJ061,60
images_OBJ071/OBJ071_014.jpg,images_OBJ071,70
images_OBJ046/OBJ046_095.jpg,images_OBJ046,45
images_OBJ073/OBJ073_046.jpg,images_OBJ073,72
images_OBJ025/OBJ025_bg_004.jpg,images_OBJ025,24
images_OBJ015/OBJ015_004.jpg,images_OBJ015,14
images_OBJ023/OBJ023_064.JPG,images_OBJ023,22
images_OBJ024/OBJ024_021.jpg,images_OBJ024,23
images_OBJ051/OBJ051_070.jpg,images_OBJ051,50
images_OBJ027/OBJ027_043.jpg,images_OBJ027,26
images_OBJ040/OBJ040_056.JPG,images_OBJ040,39
images_OBJ021/OBJ021_063.jpg,images_OBJ021,20
images_OBJ032/OBJ032_060.jpg,images_OBJ032,31
images_OBJ001/OBJ001_020.jpg,images_OBJ001,0
images_OBJ021/OBJ021_004.jpg,images_OBJ021,20
images_OBJ003/OBJ003_074.jpg,images_OBJ003,2
images_OBJ046/OBJ046_013.jpg,images_OBJ046,45
images_OBJ068/OBJ068_094.jpg,images_OBJ068,67
images_OBJ045/OBJ045_004.jpg,images_OBJ045,44
images_OBJ027/OBJ027_001.jpg,images_OBJ027,26
images_OBJ059/OBJ059_067.jpg,images_OBJ059,58
images_OBJ067/OBJ067_0053.jpg,images_OBJ067,66
images_OBJ042/OBJ042_017.jpg,images_OBJ042,41
images_OBJ030/OBJ030_066.jpg,images_OBJ030,29
images_OBJ015/OBJ015_055.jpg,images_OBJ015,14
images_OBJ017/OBJ017_080.jpg,images_OBJ017,16
images_OBJ044/OBJ044_023.jpg,images_OBJ044,43
images_OBJ055/OBJ055_037.jpg,images_OBJ055,54
images_OBJ051/OBJ051_bg_004.jpg,images_OBJ051,50
images_OBJ043/OBJ043_069.jpg,images_OBJ043,42
images_OBJ009/OBJ009_054.jpg,images_OBJ009,8
images_OBJ016/OBJ016_034.jpg,images_OBJ016,15
images_OBJ037/OBJ037_092.jpg,images_OBJ037,36
images_OBJ034/OBJ034_085.jpg,images_OBJ034,33
images_OBJ043/OBJ043_023.jpg,images_OBJ043,42
images_OBJ022/OBJ022_067.jpeg,images_OBJ022,21
images_OBJ024/OBJ024_051.jpg,images_OBJ024,23
images_OBJ072/OBJ072_073.jpg,images_OBJ072,71
images_OBJ007/OBJ007_053.jpg,images_OBJ007,6
images_OBJ029/OBJ029_023.jpg,images_OBJ029,28
images_OBJ024/OBJ024_091.jpg,images_OBJ024,23
images_OBJ010/OBJ010_005.jpg,images_OBJ010,9
images_OBJ071/OBJ071_028.jpg,images_OBJ071,70
images_OBJ068/OBJ068_051.jpg,images_OBJ068,67
images_OBJ012/OBJ012_bg_004.jpg,images_OBJ012,11
images_OBJ066/OBJ066_024.jpg,images_OBJ066,65
images_OBJ071/OBJ071_077.jpg,images_OBJ071,70
images_OBJ073/OBJ073_019.jpg,images_OBJ073,72
images_OBJ037/OBJ037_065.jpg,images_OBJ037,36
images_OBJ018/OBJ018_043.jpg,images_OBJ018,17
images_OBJ022/OBJ022_016.jpeg,images_OBJ022,21
images_OBJ037/OBJ037_067.jpg,images_OBJ037,36
images_OBJ040/OBJ040_060.JPG,images_OBJ040,39
images_OBJ041/OBJ041_005.jpg,images_OBJ041,40
images_OBJ071/OBJ071_018.jpg,images_OBJ071,70
images_OBJ067/OBJ067_0037.jpg,images_OBJ067,66
images_OBJ039/OBJ039_053.jpg,images_OBJ039,38
images_OBJ001/OBJ001_022.jpg,images_OBJ001,0
images_OBJ073/OBJ073_067.jpg,images_OBJ073,72
images_OBJ072/OBJ072_bg_03.jpg,images_OBJ072,71
images_OBJ043/OBJ043_087.jpg,images_OBJ043,42
images_OBJ032/OBJ032_048.jpg,images_OBJ032,31
images_OBJ037/OBJ037_004.jpg,images_OBJ037,36
images_OBJ058/OBJ058_034.jpg,images_OBJ058,57
images_OBJ016/OBJ016_014.jpg,images_OBJ016,15
images_OBJ047/OBJ047_053.jpg,images_OBJ047,46
images_OBJ004/OBJ004_023.jpg,images_OBJ004,3
images_OBJ069/OBJ069_bg_005.jpg,images_OBJ069,68
images_OBJ063/OBJ063_024.jpg,images_OBJ063,62
images_OBJ006/OBJ006_051.jpg,images_OBJ006,5
images_OBJ014/sunglasses_003.jpeg,images_OBJ014,13
images_OBJ053/OBJ053_025.jpg,images_OBJ053,52
images_OBJ060/OBJ060_66.JPG,images_OBJ060,59
images_OBJ048/OBJ048_039.jpg,images_OBJ048,47
images_OBJ057/OBJ057_083.jpg,images_OBJ057,56
images_OBJ020/OBJ020_003.jpg,images_OBJ020,19
images_OBJ032/OBJ032_078.jpg,images_OBJ032,31
images_OBJ029/OBJ029_014.jpg,images_OBJ029,28
images_OBJ007/OBJ007_018.jpg,images_OBJ007,6
images_OBJ070/OBJ070_069.jpg,images_OBJ070,69
images_OBJ013/OBJ013_001.jpg,images_OBJ013,12
images_OBJ052/OBJ052_015.jpg,images_OBJ052,51
images_OBJ070/OBJ070_017.jpg,images_OBJ070,69
images_OBJ036/OBJ036_070.jpg,images_OBJ036,35
images_OBJ057/OBJ057_031.jpg,images_OBJ057,56
images_OBJ054/OBJ054_071.jpg,images_OBJ054,53
images_OBJ009/OBJ009_026.jpg,images_OBJ009,8
images_OBJ070/OBJ070_032.jpg,images_OBJ070,69
images_OBJ010/OBJ010_029.jpg,images_OBJ010,9
images_OBJ061/OBJ061_089.jpg,images_OBJ061,60
images_OBJ062/OBJ062_083.jpg,images_OBJ062,61
images_OBJ053/OBJ053_074.jpg,images_OBJ053,52
images_OBJ070/OBJ070_059.jpg,images_OBJ070,69
images_OBJ003/OBJ003_015.jpg,images_OBJ003,2
images_OBJ032/OBJ032_015.jpg,images_OBJ032,31
images_OBJ030/OBJ030_095.jpg,images_OBJ030,29
images_OBJ056/OBJ056_bg_001.jpg,images_OBJ056,55
images_OBJ059/OBJ059_022.jpg,images_OBJ059,58
images_OBJ008/OBJ008_031.jpg,images_OBJ008,7
images_OBJ003/OBJ003_042.jpg,images_OBJ003,2
images_OBJ028/OBJ028_081.jpg,images_OBJ028,27
images_OBJ062/OBJ062_bg_004.jpg,images_OBJ062,61
images_OBJ014/sunglasses_065.jpeg,images_OBJ014,13
images_OBJ023/OBJ023_055.JPG,images_OBJ023,22
images_OBJ049/OBJ049_082.jpg,images_OBJ049,48
images_OBJ038/OBJ038_067.jpg,images_OBJ038,37
images_OBJ046/OBJ046_009.jpg,images_OBJ046,45
images_OBJ002/OBJ002_005.jpg,images_OBJ002,1
images_OBJ012/OBJ012_039.jpg,images_OBJ012,11
images_OBJ031/OBJ031_076.jpg,images_OBJ031,30
images_OBJ005/OBJ005_005.jpg,images_OBJ005,4
images_OBJ049/OBJ049_087.jpg,images_OBJ049,48
images_OBJ011/OBJ011_007.jpg,images_OBJ011,10
images_OBJ006/OBJ006_024.jpg,images_OBJ006,5
images_OBJ010/OBJ010_007.jpg,images_OBJ010,9
images_OBJ073/OBJ073_021.jpg,images_OBJ073,72
images_OBJ072/OBJ072_089.jpg,images_OBJ072,71
images_OBJ051/OBJ051_008.jpg,images_OBJ051,50
images_OBJ054/OBJ054_bg_005.jpg,images_OBJ054,53
images_OBJ006/OBJ006_032.jpg,images_OBJ006,5
images_OBJ063/OBJ063_061.jpg,images_OBJ063,62
images_OBJ058/OBJ058_090.jpg,images_OBJ058,57
images_OBJ007/OBJ007_063.jpg,images_OBJ007,6
images_OBJ041/OBJ041_056.jpg,images_OBJ041,40
images_OBJ038/OBJ038_002.jpg,images_OBJ038,37
images_OBJ036/OBJ036_042.jpg,images_OBJ036,35
images_OBJ011/OBJ011_016.jpg,images_OBJ011,10
images_OBJ043/OBJ043_bg_004.jpg,images_OBJ043,42
images_OBJ049/OBJ049_053.jpg,images_OBJ049,48
images_OBJ064/OBJ064_078.jpg,images_OBJ064,63
images_OBJ029/OBJ029_061.jpg,images_OBJ029,28
images_OBJ068/OBJ068_080.jpg,images_OBJ068,67
images_OBJ047/OBJ047_023.jpg,images_OBJ047,46
images_OBJ065/OBJ065_001.jpg,images_OBJ065,64
images_OBJ071/OBJ071_024.jpg,images_OBJ071,70
images_OBJ030/OBJ030_067.jpg,images_OBJ030,29
images_OBJ050/OBJ050_073.jpg,images_OBJ050,49
images_OBJ023/OBJ023_009.JPG,images_OBJ023,22
images_OBJ072/OBJ072_051.jpg,images_OBJ072,71
images_OBJ067/OBJ067_0008.jpg,images_OBJ067,66
images_OBJ027/OBJ027_094.jpg,images_OBJ027,26
images_OBJ017/OBJ017_018.jpg,images_OBJ017,16
images_OBJ014/sunglasses_058.jpeg,images_OBJ014,13
images_OBJ038/OBJ038_050.jpg,images_OBJ038,37
images_OBJ034/OBJ034_044.jpg,images_OBJ034,33
images_OBJ060/OBJ060_72.JPG,images_OBJ060,59
images_OBJ052/OBJ052_076.jpg,images_OBJ052,51
images_OBJ056/OBJ056_061.jpg,images_OBJ056,55
images_OBJ049/OBJ049_073.jpg,images_OBJ049,48
images_OBJ036/OBJ036_035.jpg,images_OBJ036,35
images_OBJ053/OBJ053_016.jpg,images_OBJ053,52
images_OBJ052/OBJ052_029.jpg,images_OBJ052,51
images_OBJ021/OBJ021_013.jpg,images_OBJ021,20
images_OBJ050/OBJ050_066.jpg,images_OBJ050,49
images_OBJ027/OBJ027_022.jpg,images_OBJ027,26
images_OBJ043/OBJ043_082.jpg,images_OBJ043,42
images_OBJ001/OBJ001_068.jpg,images_OBJ001,0
images_OBJ065/OBJ065_047.jpg,images_OBJ065,64
images_OBJ013/OBJ013_060.jpg,images_OBJ013,12
images_OBJ019/OBJ019_065.jpg,images_OBJ019,18
images_OBJ024/OBJ024_022.jpg,images_OBJ024,23
images_OBJ045/OBJ045_018.jpg,images_OBJ045,44
images_OBJ012/OBJ012_bg_005.jpeg,images_OBJ012,11
images_OBJ050/OBJ050_008.jpg,images_OBJ050,49
images_OBJ071/OBJ071_015.jpg,images_OBJ071,70
images_OBJ032/OBJ032_093.jpg,images_OBJ032,31
images_OBJ067/OBJ067_0046.jpg,images_OBJ067,66
images_OBJ036/OBJ036_063.jpg,images_OBJ036,35
images_OBJ011/OBJ011_042.jpg,images_OBJ011,10
images_OBJ052/OBJ052_074.jpg,images_OBJ052,51
images_OBJ005/OBJ005_014.jpg,images_OBJ005,4
images_OBJ016/OBJ016_089.jpg,images_OBJ016,15
images_OBJ069/OBJ069_023.jpg,images_OBJ069,68
images_OBJ068/OBJ068_073.jpg,images_OBJ068,67
images_OBJ038/OBJ038_011.jpg,images_OBJ038,37
images_OBJ028/OBJ028_075.jpg,images_OBJ028,27
images_OBJ052/OBJ052_016.jpg,images_OBJ052,51
images_OBJ016/OBJ016_021.jpg,images_OBJ016,15
images_OBJ044/OBJ044_083.jpg,images_OBJ044,43
images_OBJ031/OBJ031_071.jpg,images_OBJ031,30
images_OBJ027/OBJ027_030.jpg,images_OBJ027,26
images_OBJ058/OBJ058_081.jpg,images_OBJ058,57
images_OBJ009/OBJ009_095.jpg,images_OBJ009,8
images_OBJ020/OBJ020_025.jpg,images_OBJ020,19
images_OBJ009/OBJ009_012.jpg,images_OBJ009,8
images_OBJ013/OBJ013_012.jpg,images_OBJ013,12
images_OBJ031/OBJ031_039.jpg,images_OBJ031,30
images_OBJ047/OBJ047_052.jpg,images_OBJ047,46
images_OBJ023/OBJ023_068.JPG,images_OBJ023,22
images_OBJ016/OBJ016_020.jpg,images_OBJ016,15
images_OBJ021/OBJ021_056.jpg,images_OBJ021,20
images_OBJ017/OBJ017_104.jpg,images_OBJ017,16
images_OBJ059/OBJ059_085.jpg,images_OBJ059,58
images_OBJ009/OBJ009_072.jpg,images_OBJ009,8
images_OBJ024/OBJ024_087.jpg,images_OBJ024,23
images_OBJ018/OBJ018_001.jpg,images_OBJ018,17
images_OBJ041/OBJ041_032.jpg,images_OBJ041,40
images_OBJ048/OBJ048_056.jpg,images_OBJ048,47
images_OBJ003/OBJ003_086.jpg,images_OBJ003,2
images_OBJ051/OBJ051_048.jpg,images_OBJ051,50
images_OBJ064/OBJ064_024.jpg,images_OBJ064,63
images_OBJ056/OBJ056_049.jpg,images_OBJ056,55
images_OBJ004/OBJ004_049.jpg,images_OBJ004,3
images_OBJ035/OBJ035_030.jpg,images_OBJ035,34
images_OBJ062/OBJ062_049.jpg,images_OBJ062,61
images_OBJ019/OBJ019_074.jpg,images_OBJ019,18
images_OBJ068/OBJ068_061.jpg,images_OBJ068,67
images_OBJ055/OBJ055_025.jpg,images_OBJ055,54
images_OBJ072/OBJ072_067.jpg,images_OBJ072,71
images_OBJ003/OBJ003_027.jpg,images_OBJ003,2
images_OBJ066/OBJ066_017.jpg,images_OBJ066,65
images_OBJ046/OBJ046_022.jpg,images_OBJ046,45
images_OBJ059/OBJ059_062.jpg,images_OBJ059,58
images_OBJ069/OBJ069_051.jpg,images_OBJ069,68
images_OBJ026/OBJ026_074.jpg,images_OBJ026,25
images_OBJ023/OBJ023_080.JPG,images_OBJ023,22
images_OBJ019/OBJ019_082.jpg,images_OBJ019,18
images_OBJ049/OBJ049_089.jpg,images_OBJ049,48
images_OBJ061/OBJ061_064.jpg,images_OBJ061,60
images_OBJ052/OBJ052_034.jpg,images_OBJ052,51
images_OBJ047/OBJ047_bg_003.jpg,images_OBJ047,46
images_OBJ033/OBJ033_055.jpg,images_OBJ033,32
images_OBJ041/OBJ041_075.jpg,images_OBJ041,40
images_OBJ064/OBJ064_037.jpg,images_OBJ064,63
images_OBJ029/OBJ029_004.jpg,images_OBJ029,28
images_OBJ037/OBJ037_041.jpg,images_OBJ037,36
images_OBJ005/OBJ005_003.jpg,images_OBJ005,4
images_OBJ019/OBJ019_005.jpg,images_OBJ019,18
images_OBJ064/OBJ064_003.jpg,images_OBJ064,63
images_OBJ011/OBJ011_034.jpg,images_OBJ011,10
images_OBJ014/sunglasses_087.jpeg,images_OBJ014,13
images_OBJ004/OBJ004_030.jpg,images_OBJ004,3
images_OBJ050/OBJ050_bg_001.jpg,images_OBJ050,49
images_OBJ032/OBJ032_047.jpg,images_OBJ032,31
images_OBJ030/OBJ030_092.jpg,images_OBJ030,29
images_OBJ042/OBJ042_025.jpg,images_OBJ042,41
images_OBJ054/OBJ054_050.jpg,images_OBJ054,53
images_OBJ046/OBJ046_004.jpg,images_OBJ046,45
images_OBJ013/OBJ013_052.jpg,images_OBJ013,12
images_OBJ056/OBJ056_074.jpg,images_OBJ056,55
images_OBJ007/OBJ007_086.jpg,images_OBJ007,6
images_OBJ035/OBJ035_002.jpg,images_OBJ035,34
images_OBJ058/OBJ058_091.jpg,images_OBJ058,57
images_OBJ002/OBJ002_017.jpg,images_OBJ002,1
images_OBJ066/OBJ066_085.jpg,images_OBJ066,65
images_OBJ055/OBJ055_007.jpg,images_OBJ055,54
images_OBJ033/OBJ033_009.jpg,images_OBJ033,32
images_OBJ062/OBJ062_008.jpg,images_OBJ062,61
images_OBJ067/OBJ067_0080.jpg,images_OBJ067,66
images_OBJ001/OBJ001_075.jpg,images_OBJ001,0
images_OBJ042/OBJ042_072.jpg,images_OBJ042,41
images_OBJ058/OBJ058_028.jpg,images_OBJ058,57
images_OBJ043/OBJ043_bg_005.jpg,images_OBJ043,42
images_OBJ004/OBJ004_055.jpg,images_OBJ004,3
images_OBJ035/OBJ035_020.jpg,images_OBJ035,34
images_OBJ036/OBJ036_058.jpg,images_OBJ036,35
images_OBJ013/OBJ013_011.jpg,images_OBJ013,12
images_OBJ035/OBJ035_058.jpg,images_OBJ035,34
images_OBJ064/OBJ064_045.jpg,images_OBJ064,63
images_OBJ003/OBJ003_085.jpg,images_OBJ003,2
images_OBJ055/OBJ055_078.jpg,images_OBJ055,54
images_OBJ061/OBJ061_012.jpg,images_OBJ061,60
images_OBJ003/OBJ003_088.jpg,images_OBJ003,2
images_OBJ007/OBJ007_004.jpg,images_OBJ007,6
images_OBJ069/OBJ069_012.jpg,images_OBJ069,68
images_OBJ001/OBJ001_017.jpg,images_OBJ001,0
images_OBJ050/OBJ050_077.jpg,images_OBJ050,49
images_OBJ041/OBJ041_088.jpg,images_OBJ041,40
images_OBJ066/OBJ066_086.jpg,images_OBJ066,65
images_OBJ043/OBJ043_077.jpg,images_OBJ043,42
images_OBJ007/OBJ007_060.jpg,images_OBJ007,6
images_OBJ058/OBJ058_008.jpg,images_OBJ058,57
images_OBJ030/OBJ030_029.jpg,images_OBJ030,29
images_OBJ065/OBJ065_064.jpg,images_OBJ065,64
images_OBJ072/OBJ072_035.jpg,images_OBJ072,71
images_OBJ023/OBJ023_042.JPG,images_OBJ023,22
images_OBJ065/OBJ065_035.jpg,images_OBJ065,64
images_OBJ024/OBJ024_088.jpg,images_OBJ024,23
images_OBJ009/OBJ009_055.jpg,images_OBJ009,8
images_OBJ011/OBJ011_072.jpg,images_OBJ011,10
images_OBJ046/OBJ046_018.jpg,images_OBJ046,45
images_OBJ027/OBJ027_082.jpg,images_OBJ027,26
images_OBJ072/OBJ072_028.jpg,images_OBJ072,71
images_OBJ006/OBJ006_064.jpg,images_OBJ006,5
images_OBJ035/OBJ035_067.jpg,images_OBJ035,34
images_OBJ009/OBJ009_050.jpg,images_OBJ009,8
images_OBJ011/OBJ011_081.jpg,images_OBJ011,10
images_OBJ064/OBJ064_bg_004.jpg,images_OBJ064,63
images_OBJ053/OBJ053_038.jpg,images_OBJ053,52
images_OBJ046/OBJ046_086.jpg,images_OBJ046,45
images_OBJ064/OBJ064_036.jpg,images_OBJ064,63
images_OBJ063/OBJ063_088.jpg,images_OBJ063,62
images_OBJ024/OBJ024_016.jpg,images_OBJ024,23
images_OBJ047/OBJ047_022.jpg,images_OBJ047,46
images_OBJ069/OBJ069_001.jpg,images_OBJ069,68
images_OBJ048/OBJ048_060.jpg,images_OBJ048,47
images_OBJ016/OBJ016_012.jpg,images_OBJ016,15
images_OBJ045/OBJ045_087.jpg,images_OBJ045,44
images_OBJ035/OBJ035_040.jpg,images_OBJ035,34
images_OBJ072/OBJ072_055.jpg,images_OBJ072,71
images_OBJ061/OBJ061_061.jpg,images_OBJ061,60
images_OBJ058/OBJ058_037.jpg,images_OBJ058,57
images_OBJ008/OBJ008_080.jpg,images_OBJ008,7
images_OBJ025/OBJ025_092.jpg,images_OBJ025,24
images_OBJ006/OBJ006_004.jpg,images_OBJ006,5
images_OBJ020/OBJ020_091.jpg,images_OBJ020,19
images_OBJ009/OBJ009_053.jpg,images_OBJ009,8
images_OBJ017/OBJ017_020.jpg,images_OBJ017,16
images_OBJ016/OBJ016_016.jpg,images_OBJ016,15
images_OBJ067/OBJ067_0055.jpg,images_OBJ067,66
images_OBJ058/OBJ058_bg_005.jpg,images_OBJ058,57
images_OBJ004/OBJ004_086.jpg,images_OBJ004,3
images_OBJ016/OBJ016_050.jpg,images_OBJ016,15
images_OBJ033/OBJ033_035.jpg,images_OBJ033,32
images_OBJ069/OBJ069_007.jpg,images_OBJ069,68
images_OBJ061/OBJ061_074.jpg,images_OBJ061,60
images_OBJ010/OBJ010_020.jpg,images_OBJ010,9
images_OBJ038/OBJ038_052.jpg,images_OBJ038,37
images_OBJ022/OBJ022_030.jpeg,images_OBJ022,21
images_OBJ017/OBJ017_037.jpg,images_OBJ017,16
images_OBJ011/OBJ011_035.jpg,images_OBJ011,10
images_OBJ024/OBJ024_064.jpg,images_OBJ024,23
images_OBJ008/OBJ008_049.jpg,images_OBJ008,7
images_OBJ015/OBJ015_035.jpg,images_OBJ015,14
images_OBJ025/OBJ025_091.jpg,images_OBJ025,24
images_OBJ027/OBJ027_053.jpg,images_OBJ027,26
images_OBJ062/OBJ062_078.jpg,images_OBJ062,61
images_OBJ008/OBJ008_091.jpg,images_OBJ008,7
images_OBJ046/OBJ046_040.jpg,images_OBJ046,45
images_OBJ022/OBJ022_008.jpeg,images_OBJ022,21
images_OBJ073/OBJ073_074.jpg,images_OBJ073,72
images_OBJ039/OBJ039_071.jpg,images_OBJ039,38
images_OBJ012/OBJ012_060.jpg,images_OBJ012,11
images_OBJ043/OBJ043_011.jpg,images_OBJ043,42
images_OBJ044/OBJ044_078.jpg,images_OBJ044,43
images_OBJ043/OBJ043_086.jpg,images_OBJ043,42
images_OBJ067/OBJ067_0066.jpg,images_OBJ067,66
images_OBJ021/OBJ021_054.jpg,images_OBJ021,20
images_OBJ035/OBJ035_032.jpg,images_OBJ035,34
images_OBJ007/OBJ007_066.jpg,images_OBJ007,6
images_OBJ012/OBJ012_088.jpg,images_OBJ012,11
images_OBJ058/OBJ058_062.jpg,images_OBJ058,57
images_OBJ057/OBJ057_045.jpg,images_OBJ057,56
images_OBJ053/OBJ053_008.jpg,images_OBJ053,52
images_OBJ005/OBJ005_031.jpg,images_OBJ005,4
images_OBJ042/OBJ042_055.jpg,images_OBJ042,41
images_OBJ053/OBJ053_042.jpg,images_OBJ053,52
images_OBJ066/OBJ066_040.jpg,images_OBJ066,65
images_OBJ007/OBJ007_026.jpg,images_OBJ007,6
images_OBJ002/OBJ002_012.jpg,images_OBJ002,1
images_OBJ072/OBJ072_bg_04.jpg,images_OBJ072,71
images_OBJ044/OBJ044_bg_001.jpg,images_OBJ044,43
images_OBJ037/OBJ037_016.jpg,images_OBJ037,36
images_OBJ039/OBJ039_043.jpg,images_OBJ039,38
images_OBJ003/OBJ003_051.jpg,images_OBJ003,2
images_OBJ055/OBJ055_085.jpg,images_OBJ055,54
images_OBJ060/OBJ060_33.JPG,images_OBJ060,59
images_OBJ056/OBJ056_066.jpg,images_OBJ056,55
images_OBJ041/OBJ041_045.jpg,images_OBJ041,40
images_OBJ024/OBJ024_084.jpg,images_OBJ024,23
images_OBJ023/OBJ023_060.JPG,images_OBJ023,22
images_OBJ073/OBJ073_091.jpg,images_OBJ073,72
images_OBJ020/OBJ020_035.jpg,images_OBJ020,19
images_OBJ054/OBJ054_056.jpg,images_OBJ054,53
images_OBJ070/OBJ070_011.jpg,images_OBJ070,69
images_OBJ050/OBJ050_035.jpg,images_OBJ050,49
images_OBJ006/OBJ006_061.jpg,images_OBJ006,5
images_OBJ042/OBJ042_091.jpg,images_OBJ042,41
images_OBJ005/OBJ005_093.jpg,images_OBJ005,4
images_OBJ009/OBJ009_078.jpg,images_OBJ009,8
images_OBJ023/OBJ023_043.JPG,images_OBJ023,22
images_OBJ009/OBJ009_016.jpg,images_OBJ009,8
images_OBJ044/OBJ044_030.jpg,images_OBJ044,43
images_OBJ040/OBJ040_033.JPG,images_OBJ040,39
images_OBJ062/OBJ062_061.jpg,images_OBJ062,61
images_OBJ043/OBJ043_bg_003.jpg,images_OBJ043,42
images_OBJ049/OBJ049_023.jpg,images_OBJ049,48
images_OBJ045/OBJ045_062.jpg,images_OBJ045,44
images_OBJ069/OBJ069_034.jpg,images_OBJ069,68
images_OBJ024/OBJ024_077.jpg,images_OBJ024,23
images_OBJ043/OBJ043_bg_002.jpg,images_OBJ043,42
images_OBJ041/OBJ041_002.jpg,images_OBJ041,40
images_OBJ021/OBJ021_040.jpg,images_OBJ021,20
images_OBJ060/OBJ060_47.JPG,images_OBJ060,59
images_OBJ015/OBJ015_066.jpg,images_OBJ015,14
images_OBJ010/OBJ010_014.jpg,images_OBJ010,9
images_OBJ073/OBJ073_059.jpg,images_OBJ073,72
images_OBJ027/OBJ027_bg_004.jpg,images_OBJ027,26
images_OBJ072/OBJ072_093.jpg,images_OBJ072,71
images_OBJ057/OBJ057_015.jpg,images_OBJ057,56
images_OBJ054/OBJ054_088.jpg,images_OBJ054,53
images_OBJ031/OBJ031_bg_003.jpg,images_OBJ031,30
images_OBJ049/OBJ049_080.jpg,images_OBJ049,48
images_OBJ037/OBJ037_038.jpg,images_OBJ037,36
images_OBJ020/OBJ020_061.jpg,images_OBJ020,19
images_OBJ028/OBJ028_087.jpg,images_OBJ028,27
images_OBJ043/OBJ043_050.jpg,images_OBJ043,42
images_OBJ017/OBJ017_028.jpg,images_OBJ017,16
images_OBJ044/OBJ044_091.jpg,images_OBJ044,43
images_OBJ021/OBJ021_029.jpg,images_OBJ021,20
images_OBJ056/OBJ056_bg_003.jpg,images_OBJ056,55
images_OBJ021/OBJ021_087.jpg,images_OBJ021,20
images_OBJ049/OBJ049_017.jpg,images_OBJ049,48
images_OBJ054/OBJ054_077.jpg,images_OBJ054,53
images_OBJ071/OBJ071_036.jpg,images_OBJ071,70
images_OBJ033/OBJ033_004.jpg,images_OBJ033,32
images_OBJ029/OBJ029_008.jpg,images_OBJ029,28
images_OBJ009/OBJ009_087.jpg,images_OBJ009,8
images_OBJ023/OBJ023_079.JPG,images_OBJ023,22
images_OBJ063/OBJ063_005.jpg,images_OBJ063,62
images_OBJ069/OBJ069_054.jpg,images_OBJ069,68
images_OBJ067/OBJ067_0044.jpg,images_OBJ067,66
images_OBJ026/OBJ026_026.jpg,images_OBJ026,25
images_OBJ068/OBJ068_062.jpg,images_OBJ068,67
images_OBJ001/OBJ001_038.jpg,images_OBJ001,0
images_OBJ054/OBJ054_010.jpg,images_OBJ054,53
images_OBJ049/OBJ049_050.jpg,images_OBJ049,48
images_OBJ030/OBJ030_057.jpg,images_OBJ030,29
images_OBJ060/OBJ060_bg_2.JPG,images_OBJ060,59
images_OBJ069/OBJ069_016.jpg,images_OBJ069,68
images_OBJ067/OBJ067_0089.jpg,images_OBJ067,66
images_OBJ071/OBJ071_058.jpg,images_OBJ071,70
images_OBJ031/OBJ031_089.jpg,images_OBJ031,30
images_OBJ057/OBJ057_094.jpg,images_OBJ057,56
images_OBJ018/OBJ018_051.jpg,images_OBJ018,17
images_OBJ056/OBJ056_090.jpg,images_OBJ056,55
images_OBJ057/OBJ057_090.jpg,images_OBJ057,56
images_OBJ028/OBJ028_019.jpg,images_OBJ028,27
images_OBJ008/OBJ008_042.jpg,images_OBJ008,7
images_OBJ005/OBJ005_056.jpg,images_OBJ005,4
images_OBJ008/OBJ008_022.jpg,images_OBJ008,7
images_OBJ024/OBJ024_026.jpg,images_OBJ024,23
images_OBJ005/OBJ005_047.jpg,images_OBJ005,4
images_OBJ041/OBJ041_055.jpg,images_OBJ041,40
images_OBJ068/OBJ068_067.jpg,images_OBJ068,67
images_OBJ046/OBJ046_070.jpg,images_OBJ046,45
images_OBJ041/OBJ041_095.jpg,images_OBJ041,40
images_OBJ013/OBJ013_BG003.jpg,images_OBJ013,12
images_OBJ067/OBJ067_0006.jpg,images_OBJ067,66
images_OBJ070/OBJ070_018.jpg,images_OBJ070,69
images_OBJ026/OBJ026_006.jpg,images_OBJ026,25
images_OBJ070/OBJ070_057.jpg,images_OBJ070,69
images_OBJ054/OBJ054_bg_001.jpg,images_OBJ054,53
images_OBJ022/OBJ022_054.jpeg,images_OBJ022,21
images_OBJ019/OBJ019_072.jpg,images_OBJ019,18
images_OBJ039/OBJ039_077.jpg,images_OBJ039,38
images_OBJ063/OBJ063_015.jpg,images_OBJ063,62
images_OBJ061/OBJ061_047.jpg,images_OBJ061,60
images_OBJ013/OBJ013_006.jpg,images_OBJ013,12
images_OBJ048/OBJ048_084.jpg,images_OBJ048,47
images_OBJ018/OBJ018_017.jpg,images_OBJ018,17
images_OBJ012/OBJ012_090.jpg,images_OBJ012,11
images_OBJ073/OBJ073_022.jpg,images_OBJ073,72
images_OBJ034/OBJ034_090.jpg,images_OBJ034,33
images_OBJ002/OBJ002_043.jpg,images_OBJ002,1
images_OBJ049/OBJ049_044.jpg,images_OBJ049,48
images_OBJ037/OBJ037_030.jpg,images_OBJ037,36
images_OBJ032/OBJ032_009.jpg,images_OBJ032,31
images_OBJ038/OBJ038_041.jpg,images_OBJ038,37
images_OBJ005/OBJ005_086.jpg,images_OBJ005,4
images_OBJ026/OBJ026_024.jpg,images_OBJ026,25
images_OBJ072/OBJ072_056.jpg,images_OBJ072,71
images_OBJ047/OBJ047_001.jpg,images_OBJ047,46
images_OBJ064/OBJ064_054.jpg,images_OBJ064,63
images_OBJ060/OBJ060_42.JPG,images_OBJ060,59
images_OBJ056/OBJ056_009.jpg,images_OBJ056,55
images_OBJ006/OBJ006_034.jpg,images_OBJ006,5
images_OBJ015/OBJ015_019.jpg,images_OBJ015,14
images_OBJ048/OBJ048_019.jpg,images_OBJ048,47
images_OBJ063/OBJ063_083.jpg,images_OBJ063,62
images_OBJ055/OBJ055_049.jpg,images_OBJ055,54
images_OBJ007/OBJ007_055.jpg,images_OBJ007,6
images_OBJ051/OBJ051_095.jpg,images_OBJ051,50
images_OBJ012/OBJ012_057.jpg,images_OBJ012,11
images_OBJ042/OBJ042_075.jpg,images_OBJ042,41
images_OBJ004/OBJ004_075.jpg,images_OBJ004,3
images_OBJ025/OBJ025_012.jpg,images_OBJ025,24
images_OBJ029/OBJ029_071.jpg,images_OBJ029,28
images_OBJ059/OBJ059_078.jpg,images_OBJ059,58
images_OBJ060/OBJ060_81.JPG,images_OBJ060,59
images_OBJ032/OBJ032_080.jpg,images_OBJ032,31
images_OBJ034/OBJ034_001.jpg,images_OBJ034,33
images_OBJ007/OBJ007_020.jpg,images_OBJ007,6
images_OBJ072/OBJ072_026.jpg,images_OBJ072,71
images_OBJ046/OBJ046_005.jpg,images_OBJ046,45
images_OBJ030/OBJ030_052.jpg,images_OBJ030,29
images_OBJ058/OBJ058_035.jpg,images_OBJ058,57
images_OBJ042/OBJ042_047.jpg,images_OBJ042,41
images_OBJ027/OBJ027_062.jpg,images_OBJ027,26
images_OBJ050/OBJ050_023.jpg,images_OBJ050,49
images_OBJ012/OBJ012_028.jpg,images_OBJ012,11
images_OBJ003/OBJ003_bg_001.jpg,images_OBJ003,2
images_OBJ059/OBJ059_071.jpg,images_OBJ059,58
images_OBJ002/OBJ002_054.jpg,images_OBJ002,1
images_OBJ016/OBJ016_bg_002.jpg,images_OBJ016,15
images_OBJ054/OBJ054_016.jpg,images_OBJ054,53
images_OBJ021/OBJ021_077.jpg,images_OBJ021,20
images_OBJ047/OBJ047_055.jpg,images_OBJ047,46
images_OBJ044/OBJ044_013.jpg,images_OBJ044,43
images_OBJ024/OBJ024_027.jpg,images_OBJ024,23
images_OBJ040/OBJ040_049.JPG,images_OBJ040,39
images_OBJ072/OBJ072_020.jpg,images_OBJ072,71
images_OBJ041/OBJ041_010.jpg,images_OBJ041,40
images_OBJ030/OBJ030_024.jpg,images_OBJ030,29
images_OBJ034/OBJ034_011.jpg,images_OBJ034,33
images_OBJ044/OBJ044_045.jpg,images_OBJ044,43
images_OBJ031/OBJ031_054.jpg,images_OBJ031,30
images_OBJ013/OBJ013_044.jpg,images_OBJ013,12
images_OBJ014/sunglasses_035.jpeg,images_OBJ014,13
images_OBJ033/OBJ033_053.jpg,images_OBJ033,32
images_OBJ015/OBJ015_063.jpg,images_OBJ015,14
images_OBJ028/OBJ028_025.jpg,images_OBJ028,27
images_OBJ045/OBJ045_059.jpg,images_OBJ045,44
images_OBJ056/OBJ056_010.jpg,images_OBJ056,55
images_OBJ066/OBJ066_046.jpg,images_OBJ066,65
images_OBJ016/OBJ016_027.jpg,images_OBJ016,15
images_OBJ028/OBJ028_048.jpg,images_OBJ028,27
images_OBJ049/OBJ049_010.jpg,images_OBJ049,48
images_OBJ003/OBJ003_043.jpg,images_OBJ003,2
images_OBJ064/OBJ064_071.jpg,images_OBJ064,63
images_OBJ062/OBJ062_055.jpg,images_OBJ062,61
images_OBJ001/OBJ001_037.jpg,images_OBJ001,0
images_OBJ062/OBJ062_074.jpg,images_OBJ062,61
images_OBJ073/OBJ073_052.jpg,images_OBJ073,72
images_OBJ060/OBJ060_35.JPG,images_OBJ060,59
images_OBJ050/OBJ050_086.jpg,images_OBJ050,49
images_OBJ022/OBJ022_083.jpeg,images_OBJ022,21
images_OBJ047/OBJ047_020.jpg,images_OBJ047,46
images_OBJ026/OBJ026_057.jpg,images_OBJ026,25
images_OBJ068/OBJ068_082.jpg,images_OBJ068,67
images_OBJ050/OBJ050_067.jpg,images_OBJ050,49
images_OBJ014/sunglasses_048.jpeg,images_OBJ014,13
images_OBJ033/OBJ033_085.jpg,images_OBJ033,32
images_OBJ068/OBJ068_064.jpg,images_OBJ068,67
images_OBJ039/OBJ039_039.jpg,images_OBJ039,38
images_OBJ041/OBJ041_020.jpg,images_OBJ041,40
images_OBJ002/OBJ002_092.jpg,images_OBJ002,1
images_OBJ065/OBJ065_048.jpg,images_OBJ065,64
images_OBJ071/OBJ071_040.jpg,images_OBJ071,70
images_OBJ009/OBJ009_035.jpg,images_OBJ009,8
images_OBJ009/OBJ009_bg_005.jpg,images_OBJ009,8
images_OBJ063/OBJ063_bg_002.jpg,images_OBJ063,62
images_OBJ058/OBJ058_083.jpg,images_OBJ058,57
images_OBJ040/OBJ040_088.JPG,images_OBJ040,39
images_OBJ006/OBJ006_047.jpg,images_OBJ006,5
images_OBJ029/OBJ029_003.jpg,images_OBJ029,28
images_OBJ056/OBJ056_072.jpg,images_OBJ056,55
images_OBJ059/OBJ059_031.jpg,images_OBJ059,58
images_OBJ040/OBJ040_051.JPG,images_OBJ040,39
images_OBJ027/OBJ027_081.jpg,images_OBJ027,26
images_OBJ013/OBJ013_092.jpg,images_OBJ013,12
images_OBJ031/OBJ031_034.jpg,images_OBJ031,30
images_OBJ063/OBJ063_039.jpg,images_OBJ063,62
images_OBJ056/OBJ056_005.jpg,images_OBJ056,55
images_OBJ019/OBJ019_035.jpg,images_OBJ019,18
images_OBJ067/OBJ067_0016.jpg,images_OBJ067,66
images_OBJ003/OBJ003_034.jpg,images_OBJ003,2
images_OBJ033/OBJ033_048.jpg,images_OBJ033,32
images_OBJ062/OBJ062_bg_002.jpg,images_OBJ062,61
images_OBJ047/OBJ047_060.jpg,images_OBJ047,46
images_OBJ002/OBJ002_048.jpg,images_OBJ002,1
images_OBJ050/OBJ050_027.jpg,images_OBJ050,49
images_OBJ055/OBJ055_089.jpg,images_OBJ055,54
images_OBJ064/OBJ064_057.jpg,images_OBJ064,63
images_OBJ008/OBJ008_067.jpg,images_OBJ008,7
images_OBJ068/OBJ068_035.jpg,images_OBJ068,67
images_OBJ067/OBJ067_0010.jpg,images_OBJ067,66
images_OBJ006/OBJ006_063.jpg,images_OBJ006,5
images_OBJ057/OBJ057_087.jpg,images_OBJ057,56
images_OBJ052/OBJ052_004.jpg,images_OBJ052,51
images_OBJ024/OBJ024_070.jpg,images_OBJ024,23
images_OBJ053/OBJ053_009.jpg,images_OBJ053,52
images_OBJ073/OBJ073_051.jpg,images_OBJ073,72
images_OBJ057/OBJ057_014.jpg,images_OBJ057,56
images_OBJ009/OBJ009_085.jpg,images_OBJ009,8
images_OBJ031/OBJ031_013.jpg,images_OBJ031,30
images_OBJ013/OBJ013_089.jpg,images_OBJ013,12
images_OBJ008/OBJ008_024.jpg,images_OBJ008,7
images_OBJ049/OBJ049_061.jpg,images_OBJ049,48
images_OBJ070/OBJ070_039.jpg,images_OBJ070,69
images_OBJ024/OBJ024_069.jpg,images_OBJ024,23
images_OBJ038/OBJ038_068.jpg,images_OBJ038,37
images_OBJ061/OBJ061_063.jpg,images_OBJ061,60
images_OBJ061/OBJ061_056.jpg,images_OBJ061,60
images_OBJ047/OBJ047_091.jpg,images_OBJ047,46
images_OBJ023/OBJ023_026.JPG,images_OBJ023,22
images_OBJ003/OBJ003_059.jpg,images_OBJ003,2
images_OBJ051/OBJ051_067.jpg,images_OBJ051,50
images_OBJ055/OBJ055_010.jpg,images_OBJ055,54
images_OBJ052/OBJ052_030.jpg,images_OBJ052,51
images_OBJ018/OBJ018_010.jpg,images_OBJ018,17
images_OBJ073/OBJ073_066.jpg,images_OBJ073,72
images_OBJ037/OBJ037_046.jpg,images_OBJ037,36
images_OBJ030/OBJ030_007.jpg,images_OBJ030,29
images_OBJ068/OBJ068_020.jpg,images_OBJ068,67
images_OBJ051/OBJ051_079.jpg,images_OBJ051,50
images_OBJ004/OBJ004_073.jpg,images_OBJ004,3
images_OBJ039/OBJ039_073.jpg,images_OBJ039,38
images_OBJ023/OBJ023_058.JPG,images_OBJ023,22
images_OBJ073/OBJ073_039.jpg,images_OBJ073,72
images_OBJ050/OBJ050_050.jpg,images_OBJ050,49
images_OBJ020/OBJ020_090.jpg,images_OBJ020,19
images_OBJ022/OBJ022_051.jpeg,images_OBJ022,21
images_OBJ050/OBJ050_006.jpg,images_OBJ050,49
images_OBJ055/OBJ055_053.jpg,images_OBJ055,54
images_OBJ040/OBJ040_075.JPG,images_OBJ040,39
images_OBJ020/OBJ020_079.jpg,images_OBJ020,19
images_OBJ072/OBJ072_081.jpg,images_OBJ072,71
images_OBJ047/OBJ047_089.jpg,images_OBJ047,46
images_OBJ012/OBJ012_069.jpg,images_OBJ012,11
images_OBJ034/OBJ034_034.jpg,images_OBJ034,33
images_OBJ029/OBJ029_075.jpg,images_OBJ029,28
images_OBJ019/OBJ019_061.jpg,images_OBJ019,18
images_OBJ038/OBJ038_023.jpg,images_OBJ038,37
images_OBJ064/OBJ064_012.jpg,images_OBJ064,63
images_OBJ044/OBJ044_042.jpg,images_OBJ044,43
images_OBJ006/OBJ006_078.jpg,images_OBJ006,5
images_OBJ050/OBJ050_049.jpg,images_OBJ050,49
images_OBJ009/OBJ009_079.jpg,images_OBJ009,8
images_OBJ073/OBJ073_079.jpg,images_OBJ073,72
images_OBJ046/OBJ046_035.jpg,images_OBJ046,45
images_OBJ052/OBJ052_069.jpg,images_OBJ052,51
images_OBJ025/OBJ025_039.jpg,images_OBJ025,24
images_OBJ067/OBJ067_0041.jpg,images_OBJ067,66
images_OBJ001/OBJ001_084.jpg,images_OBJ001,0
images_OBJ052/OBJ052_055.jpg,images_OBJ052,51
images_OBJ068/OBJ068_049.jpg,images_OBJ068,67
images_OBJ006/OBJ006_038.jpg,images_OBJ006,5
images_OBJ069/OBJ069_044.jpg,images_OBJ069,68
images_OBJ030/OBJ030_085.jpg,images_OBJ030,29
images_OBJ002/OBJ002_035.jpg,images_OBJ002,1
images_OBJ020/OBJ020_060.jpg,images_OBJ020,19
images_OBJ027/OBJ027_061.jpg,images_OBJ027,26
images_OBJ048/OBJ048_032.jpg,images_OBJ048,47
images_OBJ057/OBJ057_048.jpg,images_OBJ057,56
images_OBJ061/OBJ061_029.jpg,images_OBJ061,60
images_OBJ055/OBJ055_061.jpg,images_OBJ055,54
images_OBJ006/OBJ006_030.jpg,images_OBJ006,5
images_OBJ028/OBJ028_083.jpg,images_OBJ028,27
images_OBJ033/OBJ033_056.jpg,images_OBJ033,32
images_OBJ026/OBJ026_053.jpg,images_OBJ026,25
images_OBJ015/OBJ015_089.jpg,images_OBJ015,14
images_OBJ038/OBJ038_073.jpg,images_OBJ038,37
images_OBJ068/OBJ068_011.jpg,images_OBJ068,67
images_OBJ015/OBJ015_083.jpg,images_OBJ015,14
images_OBJ053/OBJ053_079.jpg,images_OBJ053,52
images_OBJ010/OBJ010_041.jpg,images_OBJ010,9
images_OBJ042/OBJ042_009.jpg,images_OBJ042,41
images_OBJ048/OBJ048_069.jpg,images_OBJ048,47
images_OBJ015/OBJ015_054.jpg,images_OBJ015,14
images_OBJ025/OBJ025_011.jpg,images_OBJ025,24
images_OBJ035/OBJ035_018.jpg,images_OBJ035,34
images_OBJ017/OBJ017_014.jpg,images_OBJ017,16
images_OBJ025/OBJ025_bg_006.jpg,images_OBJ025,24
images_OBJ048/OBJ048_028.jpg,images_OBJ048,47
images_OBJ023/OBJ023_013.JPG,images_OBJ023,22
images_OBJ007/OBJ007_039.jpg,images_OBJ007,6
images_OBJ011/OBJ011_093.jpg,images_OBJ011,10
images_OBJ004/OBJ004_099.jpg,images_OBJ004,3
images_OBJ024/OBJ024_040.jpg,images_OBJ024,23
images_OBJ029/OBJ029_bg_001.jpg,images_OBJ029,28
images_OBJ056/OBJ056_081.jpg,images_OBJ056,55
images_OBJ009/OBJ009_048.jpg,images_OBJ009,8
images_OBJ065/OBJ065_089.jpg,images_OBJ065,64
images_OBJ036/OBJ036_077.jpg,images_OBJ036,35
images_OBJ032/OBJ032_081.jpg,images_OBJ032,31
images_OBJ031/OBJ031_081.jpg,images_OBJ031,30
images_OBJ010/OBJ010_061.jpg,images_OBJ010,9
images_OBJ050/OBJ050_026.jpg,images_OBJ050,49
images_OBJ039/OBJ039_029.jpg,images_OBJ039,38
images_OBJ005/OBJ005_072.jpg,images_OBJ005,4
images_OBJ048/OBJ048_090.jpg,images_OBJ048,47
images_OBJ020/OBJ020_009.jpg,images_OBJ020,19
images_OBJ007/OBJ007_069.jpg,images_OBJ007,6
images_OBJ070/OBJ070_085.jpg,images_OBJ070,69
images_OBJ015/OBJ015_081.jpg,images_OBJ015,14
images_OBJ005/OBJ005_bg_006.jpg,images_OBJ005,4
images_OBJ033/OBJ033_083.jpg,images_OBJ033,32
images_OBJ007/OBJ007_043.jpg,images_OBJ007,6
images_OBJ033/OBJ033_080.jpg,images_OBJ033,32
images_OBJ002/OBJ002_065.jpg,images_OBJ002,1
images_OBJ004/OBJ004_067.jpg,images_OBJ004,3
images_OBJ038/OBJ038_044.jpg,images_OBJ038,37
images_OBJ013/OBJ013_013.jpg,images_OBJ013,12
images_OBJ004/OBJ004_068.jpg,images_OBJ004,3
images_OBJ009/OBJ009_081.jpg,images_OBJ009,8
images_OBJ067/OBJ067_0093.jpg,images_OBJ067,66
images_OBJ039/OBJ039_063.jpg,images_OBJ039,38
images_OBJ057/OBJ057_089.jpg,images_OBJ057,56
images_OBJ072/OBJ072_009.jpg,images_OBJ072,71
images_OBJ066/OBJ066_088.jpg,images_OBJ066,65
images_OBJ015/OBJ015_064.jpg,images_OBJ015,14
images_OBJ003/OBJ003_022.jpg,images_OBJ003,2
images_OBJ016/OBJ016_072.jpg,images_OBJ016,15
images_OBJ052/OBJ052_026.jpg,images_OBJ052,51
images_OBJ025/OBJ025_045.jpg,images_OBJ025,24
images_OBJ050/OBJ050_080.jpg,images_OBJ050,49
images_OBJ012/OBJ012_050.jpg,images_OBJ012,11
images_OBJ022/OBJ022_044.jpeg,images_OBJ022,21
images_OBJ001/OBJ001_010.jpg,images_OBJ001,0
images_OBJ063/OBJ063_062.jpg,images_OBJ063,62
images_OBJ016/OBJ016_029.jpg,images_OBJ016,15
images_OBJ010/OBJ010_072.jpg,images_OBJ010,9
images_OBJ042/OBJ042_060.jpg,images_OBJ042,41
images_OBJ048/OBJ048_017.jpg,images_OBJ048,47
images_OBJ058/OBJ058_010.jpg,images_OBJ058,57
images_OBJ061/OBJ061_030.jpg,images_OBJ061,60
images_OBJ047/OBJ047_056.jpg,images_OBJ047,46
images_OBJ066/OBJ066_037.jpg,images_OBJ066,65
images_OBJ060/OBJ060_59.JPG,images_OBJ060,59
images_OBJ044/OBJ044_007.jpg,images_OBJ044,43
images_OBJ072/OBJ072_017.jpg,images_OBJ072,71
images_OBJ063/OBJ063_001.jpg,images_OBJ063,62
images_OBJ048/OBJ048_045.jpg,images_OBJ048,47
images_OBJ042/OBJ042_051.jpg,images_OBJ042,41
images_OBJ002/OBJ002_055.jpg,images_OBJ002,1
images_OBJ001/OBJ001_061.jpg,images_OBJ001,0
images_OBJ035/OBJ035_054.jpg,images_OBJ035,34
images_OBJ049/OBJ049_024.jpg,images_OBJ049,48
images_OBJ012/OBJ012_068.jpg,images_OBJ012,11
images_OBJ069/OBJ069_080.jpg,images_OBJ069,68
images_OBJ033/OBJ033_052.jpg,images_OBJ033,32
images_OBJ057/OBJ057_035.jpg,images_OBJ057,56
images_OBJ069/OBJ069_077.jpg,images_OBJ069,68
images_OBJ003/OBJ003_092.jpg,images_OBJ003,2
images_OBJ009/OBJ009_021.jpg,images_OBJ009,8
images_OBJ021/OBJ021_018.jpg,images_OBJ021,20
images_OBJ015/OBJ015_006.jpg,images_OBJ015,14
images_OBJ033/OBJ033_072.jpg,images_OBJ033,32
images_OBJ003/OBJ003_040.jpg,images_OBJ003,2
images_OBJ068/OBJ068_039.jpg,images_OBJ068,67
images_OBJ061/OBJ061_004.jpg,images_OBJ061,60
images_OBJ058/OBJ058_066.jpg,images_OBJ058,57
images_OBJ013/OBJ013_007.jpg,images_OBJ013,12
images_OBJ032/OBJ032_046.jpg,images_OBJ032,31
images_OBJ004/OBJ004_064.jpg,images_OBJ004,3
images_OBJ006/OBJ006_082.jpg,images_OBJ006,5
images_OBJ014/sunglasses_030.jpeg,images_OBJ014,13
images_OBJ052/OBJ052_079.jpg,images_OBJ052,51
images_OBJ020/OBJ020_078.jpg,images_OBJ020,19
images_OBJ062/OBJ062_040.jpg,images_OBJ062,61
images_OBJ033/OBJ033_011.jpg,images_OBJ033,32
images_OBJ012/OBJ012_059.jpg,images_OBJ012,11
images_OBJ019/OBJ019_009.jpg,images_OBJ019,18
images_OBJ001/OBJ001_009.jpg,images_OBJ001,0
images_OBJ024/OBJ024_037.jpg,images_OBJ024,23
images_OBJ046/OBJ046_027.jpg,images_OBJ046,45
images_OBJ002/OBJ002_004.jpg,images_OBJ002,1
images_OBJ041/OBJ041_061.jpg,images_OBJ041,40
images_OBJ057/OBJ057_021.jpg,images_OBJ057,56
images_OBJ042/OBJ042_bg_003.jpg,images_OBJ042,41
images_OBJ025/OBJ025_047.jpg,images_OBJ025,24
images_OBJ006/OBJ006_010.jpg,images_OBJ006,5
images_OBJ061/OBJ061_079.jpg,images_OBJ061,60
images_OBJ046/OBJ046_044.jpg,images_OBJ046,45
images_OBJ070/OBJ070_055.jpg,images_OBJ070,69
images_OBJ026/OBJ026_029.jpg,images_OBJ026,25
images_OBJ044/OBJ044_092.jpg,images_OBJ044,43
images_OBJ040/OBJ040_057.JPG,images_OBJ040,39
images_OBJ044/OBJ044_031.jpg,images_OBJ044,43
images_OBJ069/OBJ069_060.jpg,images_OBJ069,68
images_OBJ034/OBJ034_bg_003.jpg,images_OBJ034,33
images_OBJ027/OBJ027_003.jpg,images_OBJ027,26
images_OBJ054/OBJ054_080.jpg,images_OBJ054,53
images_OBJ047/OBJ047_037.jpg,images_OBJ047,46
images_OBJ033/OBJ033_087.jpg,images_OBJ033,32
images_OBJ028/OBJ028_067.jpg,images_OBJ028,27
images_OBJ040/OBJ040_007.JPG,images_OBJ040,39
images_OBJ045/OBJ045_054.jpg,images_OBJ045,44
images_OBJ023/OBJ023_069.JPG,images_OBJ023,22
images_OBJ026/OBJ026_008.jpg,images_OBJ026,25
images_OBJ005/OBJ005_065.jpg,images_OBJ005,4
images_OBJ018/OBJ018_068.jpg,images_OBJ018,17
images_OBJ006/OBJ006_008.jpg,images_OBJ006,5
images_OBJ071/OBJ071_041.jpg,images_OBJ071,70
images_OBJ017/OBJ017_096.jpg,images_OBJ017,16
images_OBJ001/OBJ001_087.jpg,images_OBJ001,0
images_OBJ055/OBJ055_093.jpg,images_OBJ055,54
images_OBJ008/OBJ008_043.jpg,images_OBJ008,7
images_OBJ064/OBJ064_014.jpg,images_OBJ064,63
images_OBJ004/OBJ004_001.jpg,images_OBJ004,3
images_OBJ012/OBJ012_bg_001.jpg,images_OBJ012,11
images_OBJ015/OBJ015_023.jpg,images_OBJ015,14
images_OBJ063/OBJ063_046.jpg,images_OBJ063,62
images_OBJ053/OBJ053_084.jpg,images_OBJ053,52
images_OBJ067/OBJ067_0027.jpg,images_OBJ067,66
images_OBJ019/OBJ019_016.jpg,images_OBJ019,18
images_OBJ070/OBJ070_037.jpg,images_OBJ070,69
images_OBJ043/OBJ043_062.jpg,images_OBJ043,42
images_OBJ063/OBJ063_041.jpg,images_OBJ063,62
images_OBJ011/OBJ011_001.jpg,images_OBJ011,10
images_OBJ072/OBJ072_050.jpg,images_OBJ072,71
images_OBJ019/OBJ019_027.jpg,images_OBJ019,18
images_OBJ069/OBJ069_085.jpg,images_OBJ069,68
images_OBJ053/OBJ053_050.jpg,images_OBJ053,52
images_OBJ019/OBJ019_045.jpg,images_OBJ019,18
images_OBJ036/OBJ036_049.jpg,images_OBJ036,35
images_OBJ051/OBJ051_060.jpg,images_OBJ051,50
images_OBJ018/OBJ018_048.jpg,images_OBJ018,17
images_OBJ063/OBJ063_063.jpg,images_OBJ063,62
images_OBJ050/OBJ050_bg_002.jpg,images_OBJ050,49
images_OBJ031/OBJ031_095.jpg,images_OBJ031,30
images_OBJ035/OBJ035_001.jpg,images_OBJ035,34
images_OBJ059/OBJ059_080.jpg,images_OBJ059,58
images_OBJ053/OBJ053_049.jpg,images_OBJ053,52
images_OBJ034/OBJ034_008.jpg,images_OBJ034,33
images_OBJ052/OBJ052_020.jpg,images_OBJ052,51
images_OBJ067/OBJ067_0075.jpg,images_OBJ067,66
images_OBJ042/OBJ042_066.jpg,images_OBJ042,41
images_OBJ012/OBJ012_048.jpg,images_OBJ012,11
images_OBJ040/OBJ040_044.JPG,images_OBJ040,39
images_OBJ066/OBJ066_075.jpg,images_OBJ066,65
images_OBJ023/OBJ023_001.JPG,images_OBJ023,22
images_OBJ008/OBJ008_081.jpg,images_OBJ008,7
images_OBJ034/OBJ034_082.jpg,images_OBJ034,33
images_OBJ037/OBJ037_075.jpg,images_OBJ037,36
images_OBJ033/OBJ033_007.jpg,images_OBJ033,32
images_OBJ033/OBJ033_090.jpg,images_OBJ033,32
images_OBJ067/OBJ067_0092.jpg,images_OBJ067,66
images_OBJ059/OBJ059_002.jpg,images_OBJ059,58
images_OBJ011/OBJ011_065.jpg,images_OBJ011,10
images_OBJ061/OBJ061_072.jpg,images_OBJ061,60
images_OBJ017/OBJ017_101.jpg,images_OBJ017,16
images_OBJ018/OBJ018_bg_001.jpg,images_OBJ018,17
images_OBJ044/OBJ044_bg_003.jpg,images_OBJ044,43
images_OBJ009/OBJ009_011.jpg,images_OBJ009,8
images_OBJ027/OBJ027_080.jpg,images_OBJ027,26
images_OBJ036/OBJ036_082.jpg,images_OBJ036,35
images_OBJ055/OBJ055_027.jpg,images_OBJ055,54
images_OBJ056/OBJ056_056.jpg,images_OBJ056,55
images_OBJ011/OBJ011_075.jpg,images_OBJ011,10
images_OBJ003/OBJ003_047.jpg,images_OBJ003,2
images_OBJ004/OBJ004_046.jpg,images_OBJ004,3
images_OBJ057/OBJ057_088.jpg,images_OBJ057,56
images_OBJ059/OBJ059_032.jpg,images_OBJ059,58
images_OBJ004/OBJ004_083.jpg,images_OBJ004,3
images_OBJ020/OBJ020_024.jpg,images_OBJ020,19
images_OBJ055/OBJ055_055.jpg,images_OBJ055,54
images_OBJ073/OBJ073_015.jpg,images_OBJ073,72
images_OBJ011/OBJ011_003.jpg,images_OBJ011,10
images_OBJ048/OBJ048_051.jpg,images_OBJ048,47
images_OBJ047/OBJ047_032.jpg,images_OBJ047,46
images_OBJ006/OBJ006_055.jpg,images_OBJ006,5
images_OBJ047/OBJ047_049.jpg,images_OBJ047,46
images_OBJ059/OBJ059_059.jpg,images_OBJ059,58
images_OBJ028/OBJ028_009.jpg,images_OBJ028,27
images_OBJ072/OBJ072_006.jpg,images_OBJ072,71
images_OBJ068/OBJ068_052.jpg,images_OBJ068,67
images_OBJ055/OBJ055_002.jpg,images_OBJ055,54
images_OBJ064/OBJ064_041.jpg,images_OBJ064,63
images_OBJ058/OBJ058_006.jpg,images_OBJ058,57
images_OBJ021/OBJ021_086.jpg,images_OBJ021,20
images_OBJ021/OBJ021_034.jpg,images_OBJ021,20
images_OBJ022/OBJ022_090.jpeg,images_OBJ022,21
images_OBJ002/OBJ002_016.jpg,images_OBJ002,1
images_OBJ027/OBJ027_031.jpg,images_OBJ027,26
images_OBJ026/OBJ026_001.jpg,images_OBJ026,25
images_OBJ015/OBJ015_bg_005.jpg,images_OBJ015,14
images_OBJ026/OBJ026_002.jpg,images_OBJ026,25
images_OBJ034/OBJ034_049.jpg,images_OBJ034,33
images_OBJ063/OBJ063_074.jpg,images_OBJ063,62
images_OBJ011/OBJ011_067.jpg,images_OBJ011,10
images_OBJ060/OBJ060_37.JPG,images_OBJ060,59
images_OBJ025/OBJ025_079.jpg,images_OBJ025,24
images_OBJ024/OBJ024_074.jpg,images_OBJ024,23
images_OBJ004/OBJ004_031.jpg,images_OBJ004,3
images_OBJ005/OBJ005_006.jpg,images_OBJ005,4
images_OBJ064/OBJ064_019.jpg,images_OBJ064,63
images_OBJ046/OBJ046_008.jpg,images_OBJ046,45
images_OBJ044/OBJ044_001.jpg,images_OBJ044,43
images_OBJ005/OBJ005_007.jpg,images_OBJ005,4
images_OBJ018/OBJ018_064.jpg,images_OBJ018,17
images_OBJ016/OBJ016_070.jpg,images_OBJ016,15
images_OBJ024/OBJ024_049.jpg,images_OBJ024,23
images_OBJ052/OBJ052_033.jpg,images_OBJ052,51
images_OBJ020/OBJ020_020.jpg,images_OBJ020,19
images_OBJ005/OBJ005_077.jpg,images_OBJ005,4
images_OBJ031/OBJ031_052.jpg,images_OBJ031,30
images_OBJ045/OBJ045_025.jpg,images_OBJ045,44
images_OBJ050/OBJ050_028.jpg,images_OBJ050,49
images_OBJ041/OBJ041_089.jpg,images_OBJ041,40
images_OBJ053/OBJ053_081.jpg,images_OBJ053,52
images_OBJ023/OBJ023_006.JPG,images_OBJ023,22
images_OBJ028/OBJ028_094.jpg,images_OBJ028,27
images_OBJ012/OBJ012_022.jpg,images_OBJ012,11
images_OBJ004/OBJ004_084.jpg,images_OBJ004,3
images_OBJ032/OBJ032_091.jpg,images_OBJ032,31
images_OBJ012/OBJ012_052.jpg,images_OBJ012,11
images_OBJ016/OBJ016_bg_001.jpg,images_OBJ016,15
images_OBJ004/OBJ004_094.jpg,images_OBJ004,3
images_OBJ017/OBJ017_070.jpg,images_OBJ017,16
images_OBJ019/OBJ019_088.jpg,images_OBJ019,18
images_OBJ037/OBJ037_034.jpg,images_OBJ037,36
images_OBJ030/OBJ030_081.jpg,images_OBJ030,29
images_OBJ073/OBJ073_037.jpg,images_OBJ073,72
images_OBJ027/OBJ027_088.jpg,images_OBJ027,26
images_OBJ058/OBJ058_bg_002.jpg,images_OBJ058,57
images_OBJ035/OBJ035_087.jpg,images_OBJ035,34
images_OBJ066/OBJ066_053.jpg,images_OBJ066,65
images_OBJ025/OBJ025_088.jpg,images_OBJ025,24
images_OBJ014/sunglasses_085.jpeg,images_OBJ014,13
images_OBJ041/OBJ041_091.jpg,images_OBJ041,40
images_OBJ051/OBJ051_088.jpg,images_OBJ051,50
images_OBJ057/OBJ057_018.jpg,images_OBJ057,56
images_OBJ013/OBJ013_051.jpg,images_OBJ013,12
images_OBJ057/OBJ057_028.jpg,images_OBJ057,56
images_OBJ018/OBJ018_063.jpg,images_OBJ018,17
images_OBJ023/OBJ023_070.JPG,images_OBJ023,22
images_OBJ028/OBJ028_047.jpg,images_OBJ028,27
images_OBJ004/OBJ004_078.jpg,images_OBJ004,3
images_OBJ015/OBJ015_060.jpg,images_OBJ015,14
images_OBJ035/OBJ035_091.jpg,images_OBJ035,34
images_OBJ055/OBJ055_090.jpg,images_OBJ055,54
images_OBJ013/OBJ013_056.jpg,images_OBJ013,12
images_OBJ070/OBJ070_060.jpg,images_OBJ070,69
images_OBJ018/OBJ018_065.jpg,images_OBJ018,17
images_OBJ057/OBJ057_030.jpg,images_OBJ057,56
images_OBJ026/OBJ026_061.jpg,images_OBJ026,25
images_OBJ060/OBJ060_10.JPG,images_OBJ060,59
images_OBJ035/OBJ035_013.jpg,images_OBJ035,34
images_OBJ046/OBJ046_087.jpg,images_OBJ046,45
images_OBJ020/OBJ020_004.jpg,images_OBJ020,19
images_OBJ029/OBJ029_087.jpg,images_OBJ029,28
images_OBJ022/OBJ022_032.jpeg,images_OBJ022,21
images_OBJ053/OBJ053_070.jpg,images_OBJ053,52
images_OBJ067/OBJ067_0001.jpg,images_OBJ067,66
images_OBJ040/OBJ040_085.JPG,images_OBJ040,39
images_OBJ059/OBJ059_034.jpg,images_OBJ059,58
images_OBJ021/OBJ021_078.jpg,images_OBJ021,20
images_OBJ051/OBJ051_002.jpg,images_OBJ051,50
images_OBJ036/OBJ036_032.jpg,images_OBJ036,35
images_OBJ064/OBJ064_034.jpg,images_OBJ064,63
images_OBJ047/OBJ047_005.jpg,images_OBJ047,46
images_OBJ028/OBJ028_045.jpg,images_OBJ028,27
images_OBJ046/OBJ046_055.jpg,images_OBJ046,45
images_OBJ043/OBJ043_076.jpg,images_OBJ043,42
images_OBJ062/OBJ062_093.jpg,images_OBJ062,61
images_OBJ044/OBJ044_084.jpg,images_OBJ044,43
images_OBJ011/OBJ011_017.jpg,images_OBJ011,10
images_OBJ048/OBJ048_004.jpg,images_OBJ048,47
images_OBJ021/OBJ021_092.jpg,images_OBJ021,20
images_OBJ019/OBJ019_095.jpg,images_OBJ019,18
images_OBJ010/OBJ010_039.jpg,images_OBJ010,9
images_OBJ030/OBJ030_060.jpg,images_OBJ030,29
images_OBJ046/OBJ046_010.jpg,images_OBJ046,45
images_OBJ034/OBJ034_087.jpg,images_OBJ034,33
images_OBJ005/OBJ005_059.jpg,images_OBJ005,4
images_OBJ020/OBJ020_088.jpg,images_OBJ020,19
images_OBJ019/OBJ019_010.jpg,images_OBJ019,18
images_OBJ015/OBJ015_050.jpg,images_OBJ015,14
images_OBJ033/OBJ033_031.jpg,images_OBJ033,32
images_OBJ059/OBJ059_049.jpg,images_OBJ059,58
images_OBJ051/OBJ051_100.jpg,images_OBJ051,50
images_OBJ057/OBJ057_044.jpg,images_OBJ057,56
images_OBJ051/OBJ051_057.jpg,images_OBJ051,50
images_OBJ034/OBJ034_061.jpg,images_OBJ034,33
images_OBJ048/OBJ048_062.jpg,images_OBJ048,47
images_OBJ031/OBJ031_083.jpg,images_OBJ031,30
images_OBJ009/OBJ009_bg_010.jpg,images_OBJ009,8
images_OBJ059/OBJ059_088.jpg,images_OBJ059,58
images_OBJ058/OBJ058_024.jpg,images_OBJ058,57
images_OBJ071/OBJ071_031.jpg,images_OBJ071,70
images_OBJ060/OBJ060_23.JPG,images_OBJ060,59
images_OBJ047/OBJ047_082.jpg,images_OBJ047,46
images_OBJ054/OBJ054_074.jpg,images_OBJ054,53
images_OBJ035/OBJ035_080.jpg,images_OBJ035,34
images_OBJ055/OBJ055_030.jpg,images_OBJ055,54
images_OBJ067/OBJ067_0026.jpg,images_OBJ067,66
images_OBJ038/OBJ038_008.jpg,images_OBJ038,37
images_OBJ031/OBJ031_011.jpg,images_OBJ031,30
images_OBJ010/OBJ010_bg_001.jpg,images_OBJ010,9
images_OBJ011/OBJ011_052.jpg,images_OBJ011,10
images_OBJ051/OBJ051_050.jpg,images_OBJ051,50
images_OBJ028/OBJ028_056.jpg,images_OBJ028,27
images_OBJ054/OBJ054_051.jpg,images_OBJ054,53
images_OBJ029/OBJ029_009.jpg,images_OBJ029,28
images_OBJ028/OBJ028_065.jpg,images_OBJ028,27
images_OBJ069/OBJ069_bg_003.jpg,images_OBJ069,68
images_OBJ035/OBJ035_077.jpg,images_OBJ035,34
images_OBJ044/OBJ044_055.jpg,images_OBJ044,43
images_OBJ010/OBJ010_095.jpg,images_OBJ010,9
images_OBJ020/OBJ020_077.jpg,images_OBJ020,19
images_OBJ019/OBJ019_089.jpg,images_OBJ019,18
images_OBJ012/OBJ012_070.jpg,images_OBJ012,11
images_OBJ062/OBJ062_089.jpg,images_OBJ062,61
images_OBJ034/OBJ034_057.jpg,images_OBJ034,33
images_OBJ005/OBJ005_089.jpg,images_OBJ005,4
images_OBJ045/OBJ045_020.jpg,images_OBJ045,44
images_OBJ072/OBJ072_004.jpg,images_OBJ072,71
images_OBJ047/OBJ047_030.jpg,images_OBJ047,46
images_OBJ025/OBJ025_046.jpg,images_OBJ025,24
images_OBJ014/sunglasses_084.jpeg,images_OBJ014,13
images_OBJ071/OBJ071_070.jpg,images_OBJ071,70
images_OBJ054/OBJ054_011.jpg,images_OBJ054,53
images_OBJ019/OBJ019_081.jpg,images_OBJ019,18
images_OBJ068/OBJ068_076.jpg,images_OBJ068,67
images_OBJ034/OBJ034_081.jpg,images_OBJ034,33
images_OBJ069/OBJ069_056.jpg,images_OBJ069,68
images_OBJ004/OBJ004_053.jpg,images_OBJ004,3
images_OBJ042/OBJ042_084.jpg,images_OBJ042,41
images_OBJ042/OBJ042_034.jpg,images_OBJ042,41
images_OBJ048/OBJ048_076.jpg,images_OBJ048,47
images_OBJ048/OBJ048_bg_002.jpg,images_OBJ048,47
images_OBJ020/OBJ020_027.jpg,images_OBJ020,19
images_OBJ061/OBJ061_041.jpg,images_OBJ061,60
images_OBJ066/OBJ066_067.jpg,images_OBJ066,65
images_OBJ044/OBJ044_029.jpg,images_OBJ044,43
images_OBJ021/OBJ021_041.jpg,images_OBJ021,20
images_OBJ014/sunglasses_051.jpeg,images_OBJ014,13
images_OBJ017/OBJ017_008.jpg,images_OBJ017,16
images_OBJ071/OBJ071_065.jpg,images_OBJ071,70
images_OBJ010/OBJ010_093.jpg,images_OBJ010,9
images_OBJ017/OBJ017_062.jpg,images_OBJ017,16
images_OBJ033/OBJ033_019.jpg,images_OBJ033,32
images_OBJ039/OBJ039_024.jpg,images_OBJ039,38
images_OBJ022/OBJ022_073.jpeg,images_OBJ022,21
images_OBJ070/OBJ070_035.jpg,images_OBJ070,69
images_OBJ043/OBJ043_092.jpg,images_OBJ043,42
images_OBJ006/OBJ006_091.jpg,images_OBJ006,5
images_OBJ021/OBJ021_082.jpg,images_OBJ021,20
images_OBJ062/OBJ062_079.jpg,images_OBJ062,61
images_OBJ027/OBJ027_009.jpg,images_OBJ027,26
images_OBJ018/OBJ018_069.jpg,images_OBJ018,17
images_OBJ044/OBJ044_021.jpg,images_OBJ044,43
images_OBJ009/OBJ009_062.jpg,images_OBJ009,8
images_OBJ059/OBJ059_066.jpg,images_OBJ059,58
images_OBJ031/OBJ031_069.jpg,images_OBJ031,30
images_OBJ071/OBJ071_072.jpg,images_OBJ071,70
images_OBJ070/OBJ070_036.jpg,images_OBJ070,69
images_OBJ022/OBJ022_046.jpeg,images_OBJ022,21
images_OBJ060/OBJ060_27.JPG,images_OBJ060,59
images_OBJ046/OBJ046_085.jpg,images_OBJ046,45
images_OBJ038/OBJ038_074.jpg,images_OBJ038,37
images_OBJ042/OBJ042_021.jpg,images_OBJ042,41
images_OBJ008/OBJ008_058.jpg,images_OBJ008,7
images_OBJ040/OBJ040_012.JPG,images_OBJ040,39
images_OBJ004/OBJ004_091.jpg,images_OBJ004,3
images_OBJ043/OBJ043_075.jpg,images_OBJ043,42
images_OBJ064/OBJ064_056.jpg,images_OBJ064,63
images_OBJ065/OBJ065_073.jpg,images_OBJ065,64
images_OBJ066/OBJ066_048.jpg,images_OBJ066,65
images_OBJ010/OBJ010_031.jpg,images_OBJ010,9
images_OBJ070/OBJ070_074.jpg,images_OBJ070,69
images_OBJ021/OBJ021_064.jpg,images_OBJ021,20
images_OBJ006/OBJ006_062.jpg,images_OBJ006,5
images_OBJ053/OBJ053_077.jpg,images_OBJ053,52
images_OBJ008/OBJ008_015.jpg,images_OBJ008,7
images_OBJ029/OBJ029_030.jpg,images_OBJ029,28
images_OBJ070/OBJ070_bg_001.jpg,images_OBJ070,69
images_OBJ029/OBJ029_078.jpg,images_OBJ029,28
images_OBJ019/OBJ019_024.jpg,images_OBJ019,18
images_OBJ016/OBJ016_035.jpg,images_OBJ016,15
images_OBJ064/OBJ064_029.jpg,images_OBJ064,63
images_OBJ017/OBJ017_055.jpg,images_OBJ017,16
images_OBJ012/OBJ012_bg_003.jpg,images_OBJ012,11
images_OBJ051/OBJ051_032.jpg,images_OBJ051,50
images_OBJ029/OBJ029_025.jpg,images_OBJ029,28
images_OBJ006/OBJ006_068.jpg,images_OBJ006,5
images_OBJ054/OBJ054_031.jpg,images_OBJ054,53
images_OBJ017/OBJ017_bg_005.jpg,images_OBJ017,16
images_OBJ016/OBJ016_061.jpg,images_OBJ016,15
images_OBJ008/OBJ008_bg_004.jpg,images_OBJ008,7
images_OBJ018/OBJ018_070.jpg,images_OBJ018,17
images_OBJ015/OBJ015_026.jpg,images_OBJ015,14
images_OBJ065/OBJ065_088.jpg,images_OBJ065,64
images_OBJ057/OBJ057_080.jpg,images_OBJ057,56
images_OBJ001/OBJ001_013.jpg,images_OBJ001,0
images_OBJ055/OBJ055_072.jpg,images_OBJ055,54
images_OBJ005/OBJ005_087.jpg,images_OBJ005,4
images_OBJ065/OBJ065_002.jpg,images_OBJ065,64
images_OBJ014/sunglasses_071.jpeg,images_OBJ014,13
images_OBJ064/OBJ064_083.jpg,images_OBJ064,63
images_OBJ051/OBJ051_026.jpg,images_OBJ051,50
images_OBJ042/OBJ042_bg_005.jpg,images_OBJ042,41
images_OBJ025/OBJ025_082.jpg,images_OBJ025,24
images_OBJ051/OBJ051_034.jpg,images_OBJ051,50
images_OBJ013/OBJ013_062.jpg,images_OBJ013,12
images_OBJ025/OBJ025_036.jpg,images_OBJ025,24
images_OBJ063/OBJ063_076.jpg,images_OBJ063,62
images_OBJ008/OBJ008_095.jpg,images_OBJ008,7
images_OBJ070/OBJ070_092.jpg,images_OBJ070,69
images_OBJ048/OBJ048_071.jpg,images_OBJ048,47
images_OBJ047/OBJ047_081.jpg,images_OBJ047,46
images_OBJ017/OBJ017_045.jpg,images_OBJ017,16
images_OBJ021/OBJ021_061.jpg,images_OBJ021,20
images_OBJ053/OBJ053_028.jpg,images_OBJ053,52
images_OBJ067/OBJ067_0038.jpg,images_OBJ067,66
images_OBJ022/OBJ022_062.jpeg,images_OBJ022,21
images_OBJ043/OBJ043_094.jpg,images_OBJ043,42
images_OBJ042/OBJ042_041.jpg,images_OBJ042,41
images_OBJ001/OBJ001_011.jpg,images_OBJ001,0
images_OBJ055/OBJ055_095.jpg,images_OBJ055,54
images_OBJ047/OBJ047_bg_001.jpg,images_OBJ047,46
images_OBJ004/OBJ004_081.jpg,images_OBJ004,3
images_OBJ033/OBJ033_081.jpg,images_OBJ033,32
images_OBJ046/OBJ046_042.jpg,images_OBJ046,45
images_OBJ049/OBJ049_048.jpg,images_OBJ049,48
images_OBJ053/OBJ053_063.jpg,images_OBJ053,52
images_OBJ024/OBJ024_041.jpg,images_OBJ024,23
images_OBJ071/OBJ071_078.jpg,images_OBJ071,70
images_OBJ039/OBJ039_091.jpg,images_OBJ039,38
images_OBJ024/OBJ024_003.jpg,images_OBJ024,23
images_OBJ014/sunglasses_043.jpeg,images_OBJ014,13
images_OBJ052/OBJ052_018.jpg,images_OBJ052,51
images_OBJ006/OBJ006_043.jpg,images_OBJ006,5
images_OBJ064/OBJ064_047.jpg,images_OBJ064,63
images_OBJ015/OBJ015_021.jpg,images_OBJ015,14
images_OBJ051/OBJ051_086.jpg,images_OBJ051,50
images_OBJ056/OBJ056_033.jpg,images_OBJ056,55
images_OBJ067/OBJ067_0087.jpg,images_OBJ067,66
images_OBJ042/OBJ042_094.jpg,images_OBJ042,41
images_OBJ042/OBJ042_010.jpg,images_OBJ042,41
images_OBJ030/OBJ030_048.jpg,images_OBJ030,29
images_OBJ051/OBJ051_051.jpg,images_OBJ051,50
images_OBJ013/OBJ013_057.jpg,images_OBJ013,12
images_OBJ037/OBJ037_069.jpg,images_OBJ037,36
images_OBJ002/OBJ002_002.jpg,images_OBJ002,1
images_OBJ026/OBJ026_052.jpg,images_OBJ026,25
images_OBJ045/OBJ045_074.jpg,images_OBJ045,44
images_OBJ057/OBJ057_008.jpg,images_OBJ057,56
images_OBJ005/OBJ005_082.jpg,images_OBJ005,4
images_OBJ030/OBJ030_065.jpg,images_OBJ030,29
images_OBJ056/OBJ056_039.jpg,images_OBJ056,55
images_OBJ046/OBJ046_033.jpg,images_OBJ046,45
images_OBJ008/OBJ008_074.jpg,images_OBJ008,7
images_OBJ050/OBJ050_018.jpg,images_OBJ050,49
images_OBJ041/OBJ041_063.jpg,images_OBJ041,40
images_OBJ073/OBJ073_005.jpg,images_OBJ073,72
images_OBJ025/OBJ025_032.jpg,images_OBJ025,24
images_OBJ038/OBJ038_086.jpg,images_OBJ038,37
images_OBJ039/OBJ039_072.jpg,images_OBJ039,38
images_OBJ011/OBJ011_022.jpg,images_OBJ011,10
images_OBJ054/OBJ054_040.jpg,images_OBJ054,53
images_OBJ047/OBJ047_035.jpg,images_OBJ047,46
images_OBJ017/OBJ017_036.jpg,images_OBJ017,16
images_OBJ004/OBJ004_012.jpg,images_OBJ004,3
images_OBJ036/OBJ036_028.jpg,images_OBJ036,35
images_OBJ072/OBJ072_046.jpg,images_OBJ072,71
images_OBJ033/OBJ033_001.jpg,images_OBJ033,32
images_OBJ041/OBJ041_094.jpg,images_OBJ041,40
images_OBJ018/OBJ018_084.jpg,images_OBJ018,17
images_OBJ016/OBJ016_007.jpg,images_OBJ016,15
images_OBJ065/OBJ065_071.jpg,images_OBJ065,64
images_OBJ062/OBJ062_056.jpg,images_OBJ062,61
images_OBJ024/OBJ024_036.jpg,images_OBJ024,23
images_OBJ016/OBJ016_054.jpg,images_OBJ016,15
images_OBJ066/OBJ066_030.jpg,images_OBJ066,65
images_OBJ058/OBJ058_073.jpg,images_OBJ058,57
images_OBJ071/OBJ071_030.jpg,images_OBJ071,70
images_OBJ026/OBJ026_062.jpg,images_OBJ026,25
images_OBJ033/OBJ033_091.jpg,images_OBJ033,32
images_OBJ054/OBJ054_052.jpg,images_OBJ054,53
images_OBJ068/OBJ068_089.jpg,images_OBJ068,67
images_OBJ055/OBJ055_050.jpg,images_OBJ055,54
images_OBJ041/OBJ041_015.jpg,images_OBJ041,40
images_OBJ030/OBJ030_014.jpg,images_OBJ030,29
images_OBJ021/OBJ021_024.jpg,images_OBJ021,20
images_OBJ071/OBJ071_045.jpg,images_OBJ071,70
images_OBJ019/OBJ019_bg_005.jpg,images_OBJ019,18
images_OBJ015/OBJ015_009.jpg,images_OBJ015,14
images_OBJ057/OBJ057_046.jpg,images_OBJ057,56
images_OBJ064/OBJ064_022.jpg,images_OBJ064,63
images_OBJ026/OBJ026_034.jpg,images_OBJ026,25
images_OBJ007/OBJ007_092.jpg,images_OBJ007,6
images_OBJ013/OBJ013_082.jpg,images_OBJ013,12
images_OBJ012/OBJ012_007.jpg,images_OBJ012,11
images_OBJ068/OBJ068_034.jpg,images_OBJ068,67
images_OBJ037/OBJ037_074.jpg,images_OBJ037,36
images_OBJ009/OBJ009_036.jpg,images_OBJ009,8
images_OBJ015/OBJ015_022.jpg,images_OBJ015,14
images_OBJ040/OBJ040_028.JPG,images_OBJ040,39
images_OBJ022/OBJ022_043.jpeg,images_OBJ022,21
images_OBJ029/OBJ029_052.jpg,images_OBJ029,28
images_OBJ028/OBJ028_091.jpg,images_OBJ028,27
images_OBJ014/sunglasses_005.jpeg,images_OBJ014,13
images_OBJ016/OBJ016_017.jpg,images_OBJ016,15
images_OBJ026/OBJ026_056.jpg,images_OBJ026,25
images_OBJ036/OBJ036_050.jpg,images_OBJ036,35
images_OBJ041/OBJ041_003.jpg,images_OBJ041,40
images_OBJ035/OBJ035_057.jpg,images_OBJ035,34
images_OBJ032/OBJ032_053.jpg,images_OBJ032,31
images_OBJ044/OBJ044_086.jpg,images_OBJ044,43
images_OBJ030/OBJ030_bg_002.jpg,images_OBJ030,29
images_OBJ006/OBJ006_003.jpg,images_OBJ006,5
images_OBJ072/OBJ072_007.jpg,images_OBJ072,71
images_OBJ007/OBJ007_012.jpg,images_OBJ007,6
images_OBJ054/OBJ054_043.jpg,images_OBJ054,53
images_OBJ015/OBJ015_086.jpg,images_OBJ015,14
images_OBJ047/OBJ047_050.jpg,images_OBJ047,46
images_OBJ063/OBJ063_038.jpg,images_OBJ063,62
images_OBJ060/OBJ060_bg_3.JPG,images_OBJ060,59
images_OBJ067/OBJ067_0060.jpg,images_OBJ067,66
images_OBJ049/OBJ049_067.jpg,images_OBJ049,48
images_OBJ059/OBJ059_010.jpg,images_OBJ059,58
images_OBJ012/OBJ012_086.jpg,images_OBJ012,11
images_OBJ022/OBJ022_061.jpeg,images_OBJ022,21
images_OBJ015/OBJ015_033.jpg,images_OBJ015,14
images_OBJ040/OBJ040_080.JPG,images_OBJ040,39
images_OBJ039/OBJ039_044.jpg,images_OBJ039,38
images_OBJ010/OBJ010_012.jpg,images_OBJ010,9
images_OBJ047/OBJ047_070.jpg,images_OBJ047,46
images_OBJ041/OBJ041_074.jpg,images_OBJ041,40
images_OBJ070/OBJ070_058.jpg,images_OBJ070,69
images_OBJ014/sunglasses_077.jpeg,images_OBJ014,13
images_OBJ008/OBJ008_040.jpg,images_OBJ008,7
images_OBJ005/OBJ005_026.jpg,images_OBJ005,4
images_OBJ008/OBJ008_bg_005.jpg,images_OBJ008,7
images_OBJ004/OBJ004_056.jpg,images_OBJ004,3
images_OBJ028/OBJ028_014.jpg,images_OBJ028,27
images_OBJ033/OBJ033_bg_004.jpg,images_OBJ033,32
images_OBJ026/OBJ026_014.jpg,images_OBJ026,25
images_OBJ046/OBJ046_007.jpg,images_OBJ046,45
images_OBJ051/OBJ051_047.jpg,images_OBJ051,50
images_OBJ073/OBJ073_041.jpg,images_OBJ073,72
images_OBJ021/OBJ021_069.jpg,images_OBJ021,20
images_OBJ036/OBJ036_020.jpg,images_OBJ036,35
images_OBJ041/OBJ041_064.jpg,images_OBJ041,40
images_OBJ035/OBJ035_076.jpg,images_OBJ035,34
images_OBJ018/OBJ018_031.jpg,images_OBJ018,17
images_OBJ029/OBJ029_056.jpg,images_OBJ029,28
images_OBJ061/OBJ061_023.jpg,images_OBJ061,60
images_OBJ019/OBJ019_057.jpg,images_OBJ019,18
images_OBJ035/OBJ035_090.jpg,images_OBJ035,34
images_OBJ014/sunglasses_006.jpeg,images_OBJ014,13
images_OBJ057/OBJ057_079.jpg,images_OBJ057,56
images_OBJ001/OBJ001_016.jpg,images_OBJ001,0
images_OBJ012/OBJ012_044.jpg,images_OBJ012,11
images_OBJ040/OBJ040_074.JPG,images_OBJ040,39
images_OBJ025/OBJ025_026.jpg,images_OBJ025,24
images_OBJ007/OBJ007_009.jpg,images_OBJ007,6
images_OBJ015/OBJ015_008.jpg,images_OBJ015,14
images_OBJ043/OBJ043_063.jpg,images_OBJ043,42
images_OBJ024/OBJ024_bg_002.jpg,images_OBJ024,23
images_OBJ050/OBJ050_043.jpg,images_OBJ050,49
images_OBJ064/OBJ064_021.jpg,images_OBJ064,63
images_OBJ029/OBJ029_082.jpg,images_OBJ029,28
images_OBJ010/OBJ010_056.jpg,images_OBJ010,9
images_OBJ059/OBJ059_063.jpg,images_OBJ059,58
images_OBJ042/OBJ042_018.jpg,images_OBJ042,41
images_OBJ005/OBJ005_071.jpg,images_OBJ005,4
images_OBJ014/sunglasses_002.jpeg,images_OBJ014,13
images_OBJ065/OBJ065_087.jpg,images_OBJ065,64
images_OBJ020/OBJ020_082.jpg,images_OBJ020,19
images_OBJ052/OBJ052_072.jpg,images_OBJ052,51
images_OBJ060/OBJ060_52.JPG,images_OBJ060,59
images_OBJ013/OBJ013_090.jpg,images_OBJ013,12
images_OBJ040/OBJ040_023.JPG,images_OBJ040,39
images_OBJ009/OBJ009_051.jpg,images_OBJ009,8
images_OBJ066/OBJ066_069.jpg,images_OBJ066,65
images_OBJ020/OBJ020_089.jpg,images_OBJ020,19
images_OBJ001/OBJ001_043.jpg,images_OBJ001,0
images_OBJ053/OBJ053_019.jpg,images_OBJ053,52
images_OBJ010/OBJ010_006.jpg,images_OBJ010,9
images_OBJ057/OBJ057_013.jpg,images_OBJ057,56
images_OBJ072/OBJ072_074.jpg,images_OBJ072,71
images_OBJ009/OBJ009_bg_001.jpg,images_OBJ009,8
images_OBJ016/OBJ016_018.jpg,images_OBJ016,15
images_OBJ006/OBJ006_001.jpg,images_OBJ006,5
images_OBJ031/OBJ031_050.jpg,images_OBJ031,30
images_OBJ046/OBJ046_011.jpg,images_OBJ046,45
images_OBJ033/OBJ033_022.jpg,images_OBJ033,32
images_OBJ040/OBJ040_003.JPG,images_OBJ040,39
images_OBJ034/OBJ034_019.jpg,images_OBJ034,33
images_OBJ048/OBJ048_053.jpg,images_OBJ048,47
images_OBJ002/OBJ002_094.jpg,images_OBJ002,1
images_OBJ026/OBJ026_049.jpg,images_OBJ026,25
images_OBJ037/OBJ037_001.jpg,images_OBJ037,36
images_OBJ039/OBJ039_055.jpg,images_OBJ039,38
images_OBJ072/OBJ072_094.jpg,images_OBJ072,71
images_OBJ050/OBJ050_020.jpg,images_OBJ050,49
images_OBJ023/OBJ023_075.JPG,images_OBJ023,22
images_OBJ062/OBJ062_019.jpg,images_OBJ062,61
images_OBJ008/OBJ008_011.jpg,images_OBJ008,7
images_OBJ044/OBJ044_069.jpg,images_OBJ044,43
images_OBJ044/OBJ044_024.jpg,images_OBJ044,43
images_OBJ062/OBJ062_051.jpg,images_OBJ062,61
images_OBJ021/OBJ021_045.jpg,images_OBJ021,20
images_OBJ041/OBJ041_024.jpg,images_OBJ041,40
images_OBJ064/OBJ064_bg_005.jpg,images_OBJ064,63
images_OBJ057/OBJ057_078.jpg,images_OBJ057,56
images_OBJ021/OBJ021_007.jpg,images_OBJ021,20
images_OBJ055/OBJ055_051.jpg,images_OBJ055,54
images_OBJ020/OBJ020_010.jpg,images_OBJ020,19
images_OBJ018/OBJ018_078.jpg,images_OBJ018,17
images_OBJ067/OBJ067_0004.jpg,images_OBJ067,66
images_OBJ028/OBJ028_063.jpg,images_OBJ028,27
images_OBJ032/OBJ032_062.jpg,images_OBJ032,31
images_OBJ018/OBJ018_089.jpg,images_OBJ018,17
images_OBJ054/OBJ054_069.jpg,images_OBJ054,53
images_OBJ011/OBJ011_014.jpg,images_OBJ011,10
images_OBJ065/OBJ065_016.jpg,images_OBJ065,64
images_OBJ031/OBJ031_070.jpg,images_OBJ031,30
images_OBJ065/OBJ065_044.jpg,images_OBJ065,64
images_OBJ027/OBJ027_027.jpg,images_OBJ027,26
images_OBJ005/OBJ005_099.jpg,images_OBJ005,4
images_OBJ070/OBJ070_024.jpg,images_OBJ070,69
images_OBJ012/OBJ012_033.jpg,images_OBJ012,11
images_OBJ039/OBJ039_030.jpg,images_OBJ039,38
images_OBJ015/OBJ015_040.jpg,images_OBJ015,14
images_OBJ001/OBJ001_077.jpg,images_OBJ001,0
images_OBJ056/OBJ056_085.jpg,images_OBJ056,55
images_OBJ022/OBJ022_013.jpeg,images_OBJ022,21
images_OBJ061/OBJ061_075.jpg,images_OBJ061,60
images_OBJ006/OBJ006_088.jpg,images_OBJ006,5
images_OBJ021/OBJ021_017.jpg,images_OBJ021,20
images_OBJ046/OBJ046_039.jpg,images_OBJ046,45
images_OBJ017/OBJ017_102.jpg,images_OBJ017,16
images_OBJ019/OBJ019_020.jpg,images_OBJ019,18
images_OBJ065/OBJ065_057.jpg,images_OBJ065,64
images_OBJ005/OBJ005_017.jpg,images_OBJ005,4
images_OBJ030/OBJ030_078.jpg,images_OBJ030,29
images_OBJ053/OBJ053_024.jpg,images_OBJ053,52
images_OBJ061/OBJ061_024.jpg,images_OBJ061,60
images_OBJ014/sunglasses_042.jpeg,images_OBJ014,13
images_OBJ002/OBJ002_060.jpg,images_OBJ002,1
images_OBJ063/OBJ063_003.jpg,images_OBJ063,62
images_OBJ005/OBJ005_053.jpg,images_OBJ005,4
images_OBJ047/OBJ047_063.jpg,images_OBJ047,46
images_OBJ034/OBJ034_021.jpg,images_OBJ034,33
images_OBJ037/OBJ037_084.jpg,images_OBJ037,36
images_OBJ010/OBJ010_030.jpg,images_OBJ010,9
images_OBJ040/OBJ040_090.JPG,images_OBJ040,39
images_OBJ042/OBJ042_031.jpg,images_OBJ042,41
images_OBJ039/OBJ039_036.jpg,images_OBJ039,38
images_OBJ031/OBJ031_047.jpg,images_OBJ031,30
images_OBJ018/OBJ018_087.jpg,images_OBJ018,17
images_OBJ004/OBJ004_027.jpg,images_OBJ004,3
images_OBJ013/OBJ013_043.jpg,images_OBJ013,12
images_OBJ045/OBJ045_082.jpg,images_OBJ045,44
images_OBJ002/OBJ002_010.jpg,images_OBJ002,1
images_OBJ022/OBJ022_069.jpeg,images_OBJ022,21
images_OBJ004/OBJ004_040.jpg,images_OBJ004,3
images_OBJ054/OBJ054_072.jpg,images_OBJ054,53
images_OBJ022/OBJ022_005.jpeg,images_OBJ022,21
images_OBJ067/OBJ067_0048.jpg,images_OBJ067,66
images_OBJ039/OBJ039_081.jpg,images_OBJ039,38
images_OBJ009/OBJ009_091.jpg,images_OBJ009,8
images_OBJ014/sunglasses_001.jpeg,images_OBJ014,13
images_OBJ014/sunglasses_075.jpeg,images_OBJ014,13
images_OBJ019/OBJ019_050.jpg,images_OBJ019,18
images_OBJ057/OBJ057_032.jpg,images_OBJ057,56
images_OBJ016/OBJ016_074.jpg,images_OBJ016,15
images_OBJ024/OBJ024_058.jpg,images_OBJ024,23
images_OBJ057/OBJ057_038.jpg,images_OBJ057,56
images_OBJ023/OBJ023_083.JPG,images_OBJ023,22
images_OBJ029/OBJ029_062.jpg,images_OBJ029,28
images_OBJ047/OBJ047_078.jpg,images_OBJ047,46
images_OBJ026/OBJ026_058.jpg,images_OBJ026,25
images_OBJ016/OBJ016_052.jpg,images_OBJ016,15
images_OBJ028/OBJ028_015.jpg,images_OBJ028,27
images_OBJ047/OBJ047_083.jpg,images_OBJ047,46
images_OBJ002/OBJ002_050.jpg,images_OBJ002,1
images_OBJ010/OBJ010_052.jpg,images_OBJ010,9
images_OBJ038/OBJ038_019.jpg,images_OBJ038,37
images_OBJ020/OBJ020_086.jpg,images_OBJ020,19
images_OBJ068/OBJ068_028.jpg,images_OBJ068,67
images_OBJ036/OBJ036_003.jpg,images_OBJ036,35
images_OBJ011/OBJ011_054.jpg,images_OBJ011,10
images_OBJ025/OBJ025_050.jpg,images_OBJ025,24
images_OBJ054/OBJ054_022.jpg,images_OBJ054,53
images_OBJ043/OBJ043_052.jpg,images_OBJ043,42
images_OBJ054/OBJ054_087.jpg,images_OBJ054,53
images_OBJ046/OBJ046_012.jpg,images_OBJ046,45
images_OBJ012/OBJ012_015.jpg,images_OBJ012,11
images_OBJ060/OBJ060_78.JPG,images_OBJ060,59
images_OBJ026/OBJ026_035.jpg,images_OBJ026,25
images_OBJ059/OBJ059_016.jpg,images_OBJ059,58
images_OBJ026/OBJ026_093.jpg,images_OBJ026,25
images_OBJ039/OBJ039_025.jpg,images_OBJ039,38
images_OBJ068/OBJ068_075.jpg,images_OBJ068,67
images_OBJ044/OBJ044_044.jpg,images_OBJ044,43
images_OBJ061/OBJ061_001.jpg,images_OBJ061,60
images_OBJ043/OBJ043_072.jpg,images_OBJ043,42
images_OBJ028/OBJ028_066.jpg,images_OBJ028,27
images_OBJ031/OBJ031_002.jpg,images_OBJ031,30
images_OBJ056/OBJ056_080.jpg,images_OBJ056,55
images_OBJ066/OBJ066_092.jpg,images_OBJ066,65
images_OBJ067/OBJ067_0028.jpg,images_OBJ067,66
images_OBJ008/OBJ008_bg_001.jpg,images_OBJ008,7
images_OBJ006/OBJ006_090.jpg,images_OBJ006,5
images_OBJ062/OBJ062_001.jpg,images_OBJ062,61
images_OBJ061/OBJ061_070.jpg,images_OBJ061,60
images_OBJ061/OBJ061_bg_001.jpg,images_OBJ061,60
images_OBJ035/OBJ035_063.jpg,images_OBJ035,34
images_OBJ028/OBJ028_050.jpg,images_OBJ028,27
images_OBJ010/OBJ010_021.jpg,images_OBJ010,9
images_OBJ064/OBJ064_058.jpg,images_OBJ064,63
images_OBJ065/OBJ065_023.jpg,images_OBJ065,64
images_OBJ057/OBJ057_bg_005.jpg,images_OBJ057,56
images_OBJ019/OBJ019_043.jpg,images_OBJ019,18
images_OBJ068/OBJ068_086.jpg,images_OBJ068,67
images_OBJ020/OBJ020_075.jpg,images_OBJ020,19
images_OBJ042/OBJ042_079.jpg,images_OBJ042,41
images_OBJ024/OBJ024_073.jpg,images_OBJ024,23
images_OBJ019/OBJ019_019.jpg,images_OBJ019,18
images_OBJ064/OBJ064_007.jpg,images_OBJ064,63
images_OBJ035/OBJ035_bg_004.jpg,images_OBJ035,34
images_OBJ062/OBJ062_016.jpg,images_OBJ062,61
images_OBJ007/OBJ007_005.jpg,images_OBJ007,6
images_OBJ053/OBJ053_035.jpg,images_OBJ053,52
images_OBJ029/OBJ029_011.jpg,images_OBJ029,28
images_OBJ054/OBJ054_046.jpg,images_OBJ054,53
images_OBJ063/OBJ063_059.jpg,images_OBJ063,62
images_OBJ066/OBJ066_035.jpg,images_OBJ066,65
images_OBJ009/OBJ009_070.jpg,images_OBJ009,8
images_OBJ031/OBJ031_012.jpg,images_OBJ031,30
images_OBJ009/OBJ009_073.jpg,images_OBJ009,8
images_OBJ039/OBJ039_068.jpg,images_OBJ039,38
images_OBJ027/OBJ027_018.jpg,images_OBJ027,26
images_OBJ037/OBJ037_050.jpg,images_OBJ037,36
images_OBJ066/OBJ066_bg_002.jpg,images_OBJ066,65
images_OBJ029/OBJ029_058.jpg,images_OBJ029,28
images_OBJ040/OBJ040_038.JPG,images_OBJ040,39
images_OBJ071/OBJ071_035.jpg,images_OBJ071,70
images_OBJ032/OBJ032_039.jpg,images_OBJ032,31
images_OBJ012/OBJ012_064.jpg,images_OBJ012,11
images_OBJ005/OBJ005_018.jpg,images_OBJ005,4
images_OBJ030/OBJ030_002.jpg,images_OBJ030,29
images_OBJ022/OBJ022_041.jpeg,images_OBJ022,21
images_OBJ056/OBJ056_076.jpg,images_OBJ056,55
images_OBJ013/OBJ013_064.jpg,images_OBJ013,12
images_OBJ021/OBJ021_076.jpg,images_OBJ021,20
images_OBJ026/OBJ026_045.jpg,images_OBJ026,25
images_OBJ045/OBJ045_014.jpg,images_OBJ045,44
images_OBJ029/OBJ029_080.jpg,images_OBJ029,28
images_OBJ050/OBJ050_030.jpg,images_OBJ050,49
images_OBJ010/OBJ010_086.jpg,images_OBJ010,9
images_OBJ056/OBJ056_035.jpg,images_OBJ056,55
images_OBJ011/OBJ011_043.jpg,images_OBJ011,10
images_OBJ020/OBJ020_032.jpg,images_OBJ020,19
images_OBJ065/OBJ065_043.jpg,images_OBJ065,64
images_OBJ001/OBJ001_051.jpg,images_OBJ001,0
images_OBJ024/OBJ024_061.jpg,images_OBJ024,23
images_OBJ035/OBJ035_017.jpg,images_OBJ035,34
images_OBJ061/OBJ061_095.jpg,images_OBJ061,60
images_OBJ059/OBJ059_027.jpg,images_OBJ059,58
images_OBJ059/OBJ059_008.jpg,images_OBJ059,58
images_OBJ003/OBJ003_039.jpg,images_OBJ003,2
images_OBJ012/OBJ012_065.jpg,images_OBJ012,11
images_OBJ021/OBJ021_002.jpg,images_OBJ021,20
images_OBJ020/OBJ020_081.jpg,images_OBJ020,19
images_OBJ007/OBJ007_084.jpg,images_OBJ007,6
images_OBJ034/OBJ034_065.jpg,images_OBJ034,33
images_OBJ039/OBJ039_064.jpg,images_OBJ039,38
images_OBJ070/OBJ070_041.jpg,images_OBJ070,69
images_OBJ054/OBJ054_084.jpg,images_OBJ054,53
images_OBJ023/OBJ023_095.JPG,images_OBJ023,22
images_OBJ065/OBJ065_013.jpg,images_OBJ065,64
images_OBJ056/OBJ056_012.jpg,images_OBJ056,55
images_OBJ040/OBJ040_093.JPG,images_OBJ040,39
images_OBJ065/OBJ065_015.jpg,images_OBJ065,64
images_OBJ066/OBJ066_039.jpg,images_OBJ066,65
images_OBJ031/OBJ031_041.jpg,images_OBJ031,30
images_OBJ008/OBJ008_019.jpg,images_OBJ008,7
images_OBJ015/OBJ015_011.jpg,images_OBJ015,14
images_OBJ033/OBJ033_086.jpg,images_OBJ033,32
images_OBJ014/sunglasses_091.jpeg,images_OBJ014,13
images_OBJ028/OBJ028_034.jpg,images_OBJ028,27
images_OBJ056/OBJ056_028.jpg,images_OBJ056,55
images_OBJ016/OBJ016_065.jpg,images_OBJ016,15
images_OBJ016/OBJ016_010.jpg,images_OBJ016,15
images_OBJ056/OBJ056_062.jpg,images_OBJ056,55
images_OBJ051/OBJ051_082.jpg,images_OBJ051,50
images_OBJ013/OBJ013_035.jpg,images_OBJ013,12
images_OBJ007/OBJ007_023.jpg,images_OBJ007,6
images_OBJ044/OBJ044_076.jpg,images_OBJ044,43
images_OBJ060/OBJ060_25.JPG,images_OBJ060,59
images_OBJ022/OBJ022_068.jpeg,images_OBJ022,21
images_OBJ021/OBJ021_020.jpg,images_OBJ021,20
images_OBJ031/OBJ031_029.jpg,images_OBJ031,30
images_OBJ005/OBJ005_036.jpg,images_OBJ005,4
images_OBJ073/OBJ073_057.jpg,images_OBJ073,72
images_OBJ028/OBJ028_058.jpg,images_OBJ028,27
images_OBJ019/OBJ019_022.jpg,images_OBJ019,18
images_OBJ002/OBJ002_013.jpg,images_OBJ002,1
images_OBJ011/OBJ011_063.jpg,images_OBJ011,10
images_OBJ048/OBJ048_088.jpg,images_OBJ048,47
images_OBJ073/OBJ073_049.jpg,images_OBJ073,72
images_OBJ031/OBJ031_043.jpg,images_OBJ031,30
images_OBJ069/OBJ069_035.jpg,images_OBJ069,68
images_OBJ010/OBJ010_033.jpg,images_OBJ010,9
images_OBJ036/OBJ036_046.jpg,images_OBJ036,35
images_OBJ015/OBJ015_052.jpg,images_OBJ015,14
images_OBJ024/OBJ024_004.jpg,images_OBJ024,23
images_OBJ060/OBJ060_50.JPG,images_OBJ060,59
images_OBJ058/OBJ058_077.jpg,images_OBJ058,57
images_OBJ021/OBJ021_050.jpg,images_OBJ021,20
images_OBJ053/OBJ053_054.jpg,images_OBJ053,52
images_OBJ006/OBJ006_084.jpg,images_OBJ006,5
images_OBJ047/OBJ047_065.jpg,images_OBJ047,46
images_OBJ045/OBJ045_071.jpg,images_OBJ045,44
images_OBJ030/OBJ030_084.jpg,images_OBJ030,29
images_OBJ017/OBJ017_005.jpg,images_OBJ017,16
images_OBJ008/OBJ008_039.jpg,images_OBJ008,7
images_OBJ049/OBJ049_011.jpg,images_OBJ049,48
images_OBJ067/OBJ067_0085.jpg,images_OBJ067,66
images_OBJ004/OBJ004_052.jpg,images_OBJ004,3
images_OBJ008/OBJ008_021.jpg,images_OBJ008,7
images_OBJ061/OBJ061_065.jpg,images_OBJ061,60
images_OBJ053/OBJ053_071.jpg,images_OBJ053,52
images_OBJ033/OBJ033_008.jpg,images_OBJ033,32
images_OBJ048/OBJ048_058.jpg,images_OBJ048,47
images_OBJ011/OBJ011_073.jpg,images_OBJ011,10
images_OBJ022/OBJ022_087.jpeg,images_OBJ022,21
images_OBJ029/OBJ029_067.jpg,images_OBJ029,28
images_OBJ037/OBJ037_bg_002.jpg,images_OBJ037,36
images_OBJ042/OBJ042_015.jpg,images_OBJ042,41
images_OBJ072/OBJ072_005.jpg,images_OBJ072,71
images_OBJ004/OBJ004_096.jpg,images_OBJ004,3
images_OBJ061/OBJ061_bg_005.jpg,images_OBJ061,60
images_OBJ002/OBJ002_082.jpg,images_OBJ002,1
images_OBJ023/OBJ023_053.JPG,images_OBJ023,22
images_OBJ009/OBJ009_094.jpg,images_OBJ009,8
images_OBJ019/OBJ019_084.jpg,images_OBJ019,18
images_OBJ068/OBJ068_bg_003.jpg,images_OBJ068,67
images_OBJ035/OBJ035_044.jpg,images_OBJ035,34
images_OBJ015/OBJ015_051.jpg,images_OBJ015,14
images_OBJ031/OBJ031_018.jpg,images_OBJ031,30
images_OBJ023/OBJ023_051.JPG,images_OBJ023,22
images_OBJ022/OBJ022_093.jpeg,images_OBJ022,21
images_OBJ061/OBJ061_077.jpg,images_OBJ061,60
images_OBJ039/OBJ039_076.jpg,images_OBJ039,38
images_OBJ034/OBJ034_002.jpg,images_OBJ034,33
images_OBJ031/OBJ031_010.jpg,images_OBJ031,30
images_OBJ017/OBJ017_064.jpg,images_OBJ017,16
images_OBJ009/OBJ009_009.jpg,images_OBJ009,8
images_OBJ073/OBJ073_082.jpg,images_OBJ073,72
images_OBJ052/OBJ052_087.jpg,images_OBJ052,51
images_OBJ063/OBJ063_052.jpg,images_OBJ063,62
images_OBJ049/OBJ049_083.jpg,images_OBJ049,48
images_OBJ023/OBJ023_046.JPG,images_OBJ023,22
images_OBJ038/OBJ038_093.jpg,images_OBJ038,37
images_OBJ027/OBJ027_029.jpg,images_OBJ027,26
images_OBJ023/OBJ023_018.jpg,images_OBJ023,22
images_OBJ025/OBJ025_023.jpg,images_OBJ025,24
images_OBJ065/OBJ065_040.jpg,images_OBJ065,64
images_OBJ029/OBJ029_026.jpg,images_OBJ029,28
images_OBJ030/OBJ030_075.jpg,images_OBJ030,29
images_OBJ008/OBJ008_032.jpg,images_OBJ008,7
images_OBJ047/OBJ047_067.jpg,images_OBJ047,46
images_OBJ044/OBJ044_015.jpg,images_OBJ044,43
images_OBJ020/OBJ020_062.jpg,images_OBJ020,19
images_OBJ026/OBJ026_072.jpg,images_OBJ026,25
images_OBJ010/OBJ010_047.jpg,images_OBJ010,9
images_OBJ037/OBJ037_063.jpg,images_OBJ037,36
images_OBJ063/OBJ063_070.jpg,images_OBJ063,62
images_OBJ024/OBJ024_065.jpg,images_OBJ024,23
images_OBJ057/OBJ057_033.jpg,images_OBJ057,56
images_OBJ036/OBJ036_064.jpg,images_OBJ036,35
images_OBJ003/OBJ003_005.jpg,images_OBJ003,2
images_OBJ032/OBJ032_bg_05.jpg,images_OBJ032,31
images_OBJ052/OBJ052_bg_001.jpg,images_OBJ052,51
images_OBJ030/OBJ030_074.jpg,images_OBJ030,29
images_OBJ054/OBJ054_037.jpg,images_OBJ054,53
images_OBJ069/OBJ069_020.jpg,images_OBJ069,68
images_OBJ032/OBJ032_052.jpg,images_OBJ032,31
images_OBJ044/OBJ044_057.jpg,images_OBJ044,43
images_OBJ005/OBJ005_070.jpg,images_OBJ005,4
images_OBJ016/OBJ016_038.jpg,images_OBJ016,15
images_OBJ022/OBJ022_017.jpeg,images_OBJ022,21
images_OBJ016/OBJ016_047.jpg,images_OBJ016,15
images_OBJ035/OBJ035_042.jpg,images_OBJ035,34
images_OBJ019/OBJ019_048.jpg,images_OBJ019,18
images_OBJ023/OBJ023_052.JPG,images_OBJ023,22
images_OBJ060/OBJ060_38.JPG,images_OBJ060,59
images_OBJ025/OBJ025_057.jpg,images_OBJ025,24
images_OBJ040/OBJ040_006.JPG,images_OBJ040,39
images_OBJ058/OBJ058_043.jpg,images_OBJ058,57
images_OBJ019/OBJ019_080.jpg,images_OBJ019,18
images_OBJ029/OBJ029_089.jpg,images_OBJ029,28
images_OBJ052/OBJ052_091.jpg,images_OBJ052,51
images_OBJ069/OBJ069_063.jpg,images_OBJ069,68
images_OBJ058/OBJ058_052.jpg,images_OBJ058,57
images_OBJ022/OBJ022_066.jpeg,images_OBJ022,21
images_OBJ023/OBJ023_076.JPG,images_OBJ023,22
images_OBJ052/OBJ052_041.jpg,images_OBJ052,51
images_OBJ067/OBJ067_0012.jpg,images_OBJ067,66
images_OBJ070/OBJ070_088.jpg,images_OBJ070,69
images_OBJ036/OBJ036_086.jpg,images_OBJ036,35
images_OBJ042/OBJ042_001.jpg,images_OBJ042,41
images_OBJ027/OBJ027_065.jpg,images_OBJ027,26
images_OBJ020/OBJ020_085.jpg,images_OBJ020,19
images_OBJ059/OBJ059_068.jpg,images_OBJ059,58
images_OBJ060/OBJ060_77.JPG,images_OBJ060,59
images_OBJ051/OBJ051_012.jpg,images_OBJ051,50
images_OBJ047/OBJ047_028.jpg,images_OBJ047,46
images_OBJ058/OBJ058_007.jpg,images_OBJ058,57
images_OBJ018/OBJ018_024.jpg,images_OBJ018,17
images_OBJ020/OBJ020_069.jpg,images_OBJ020,19
images_OBJ035/OBJ035_094.jpg,images_OBJ035,34
images_OBJ012/OBJ012_085.jpg,images_OBJ012,11
images_OBJ033/OBJ033_046.jpg,images_OBJ033,32
images_OBJ015/OBJ015_017.jpg,images_OBJ015,14
images_OBJ053/OBJ053_bg_003.jpg,images_OBJ053,52
images_OBJ012/OBJ012_053.jpg,images_OBJ012,11
images_OBJ023/OBJ023_061.JPG,images_OBJ023,22
images_OBJ068/OBJ068_bg_004.jpg,images_OBJ068,67
images_OBJ049/OBJ049_096.jpg,images_OBJ049,48
images_OBJ005/OBJ005_083.jpg,images_OBJ005,4
images_OBJ009/OBJ009_bg_006.jpg,images_OBJ009,8
images_OBJ001/OBJ001_045.jpg,images_OBJ001,0
images_OBJ025/OBJ025_086.jpg,images_OBJ025,24
images_OBJ067/OBJ067_0064.jpg,images_OBJ067,66
images_OBJ072/OBJ072_037.jpg,images_OBJ072,71
images_OBJ017/OBJ017_085.jpg,images_OBJ017,16
images_OBJ043/OBJ043_035.jpg,images_OBJ043,42
images_OBJ037/OBJ037_080.jpg,images_OBJ037,36
images_OBJ042/OBJ042_036.jpg,images_OBJ042,41
images_OBJ056/OBJ056_014.jpg,images_OBJ056,55
images_OBJ016/OBJ016_004.jpg,images_OBJ016,15
images_OBJ005/OBJ005_092.jpg,images_OBJ005,4
images_OBJ016/OBJ016_076.jpg,images_OBJ016,15
images_OBJ053/OBJ053_058.jpg,images_OBJ053,52
images_OBJ068/OBJ068_005.jpg,images_OBJ068,67
images_OBJ018/OBJ018_bg_002.jpg,images_OBJ018,17
images_OBJ011/OBJ011_030.jpg,images_OBJ011,10
images_OBJ042/OBJ042_045.jpg,images_OBJ042,41
images_OBJ047/OBJ047_038.jpg,images_OBJ047,46
images_OBJ027/OBJ027_084.jpg,images_OBJ027,26
images_OBJ058/OBJ058_093.jpg,images_OBJ058,57
images_OBJ023/OBJ023_035.JPG,images_OBJ023,22
images_OBJ053/OBJ053_027.jpg,images_OBJ053,52
images_OBJ029/OBJ029_bg_002.jpg,images_OBJ029,28
images_OBJ062/OBJ062_057.jpg,images_OBJ062,61
images_OBJ037/OBJ037_088.jpg,images_OBJ037,36
images_OBJ048/OBJ048_068.jpg,images_OBJ048,47
images_OBJ033/OBJ033_061.jpg,images_OBJ033,32
images_OBJ064/OBJ064_080.jpg,images_OBJ064,63
images_OBJ061/OBJ061_050.jpg,images_OBJ061,60
images_OBJ065/OBJ065_050.jpg,images_OBJ065,64
images_OBJ012/OBJ012_093.jpg,images_OBJ012,11
images_OBJ055/OBJ055_019.jpg,images_OBJ055,54
images_OBJ012/OBJ012_075.jpg,images_OBJ012,11
images_OBJ008/OBJ008_025.jpg,images_OBJ008,7
images_OBJ042/OBJ042_058.jpg,images_OBJ042,41
images_OBJ073/OBJ073_055.jpg,images_OBJ073,72
images_OBJ066/OBJ066_045.jpg,images_OBJ066,65
images_OBJ021/OBJ021_032.jpg,images_OBJ021,20
images_OBJ048/OBJ048_064.jpg,images_OBJ048,47
images_OBJ055/OBJ055_045.jpg,images_OBJ055,54
images_OBJ009/OBJ009_060.jpg,images_OBJ009,8
images_OBJ022/OBJ022_091.jpeg,images_OBJ022,21
images_OBJ030/OBJ030_053.jpg,images_OBJ030,29
images_OBJ049/OBJ049_006.jpg,images_OBJ049,48
images_OBJ033/OBJ033_037.jpg,images_OBJ033,32
images_OBJ062/OBJ062_005.jpg,images_OBJ062,61
images_OBJ021/OBJ021_073.jpg,images_OBJ021,20
images_OBJ029/OBJ029_001.jpg,images_OBJ029,28
images_OBJ064/OBJ064_025.jpg,images_OBJ064,63
images_OBJ003/OBJ003_008.jpg,images_OBJ003,2
images_OBJ007/OBJ007_032.jpg,images_OBJ007,6
images_OBJ047/OBJ047_015.jpg,images_OBJ047,46
images_OBJ041/OBJ041_014.jpg,images_OBJ041,40
images_OBJ065/OBJ065_039.jpg,images_OBJ065,64
images_OBJ047/OBJ047_009.jpg,images_OBJ047,46
images_OBJ064/OBJ064_068.jpg,images_OBJ064,63
images_OBJ056/OBJ056_075.jpg,images_OBJ056,55
images_OBJ046/OBJ046_088.jpg,images_OBJ046,45
images_OBJ054/OBJ054_092.jpg,images_OBJ054,53
images_OBJ032/OBJ032_007.jpg,images_OBJ032,31
images_OBJ007/OBJ007_045.jpg,images_OBJ007,6
images_OBJ003/OBJ003_023.jpg,images_OBJ003,2
images_OBJ040/OBJ040_047.JPG,images_OBJ040,39
images_OBJ071/OBJ071_005.jpg,images_OBJ071,70
images_OBJ003/OBJ003_082.jpg,images_OBJ003,2
images_OBJ013/OBJ013_039.jpg,images_OBJ013,12
images_OBJ008/OBJ008_089.jpg,images_OBJ008,7
images_OBJ014/sunglasses_013.jpeg,images_OBJ014,13
images_OBJ004/OBJ004_005.jpg,images_OBJ004,3
images_OBJ053/OBJ053_030.jpg,images_OBJ053,52
images_OBJ019/OBJ019_007.jpg,images_OBJ019,18
images_OBJ002/OBJ002_091.jpg,images_OBJ002,1
images_OBJ063/OBJ063_060.jpg,images_OBJ063,62
images_OBJ069/OBJ069_072.jpg,images_OBJ069,68
images_OBJ033/OBJ033_089.jpg,images_OBJ033,32
images_OBJ033/OBJ033_060.jpg,images_OBJ033,32
images_OBJ049/OBJ049_071.jpg,images_OBJ049,48
images_OBJ044/OBJ044_005.jpg,images_OBJ044,43
images_OBJ015/OBJ015_044.jpg,images_OBJ015,14
images_OBJ050/OBJ050_093.jpg,images_OBJ050,49
images_OBJ068/OBJ068_059.jpg,images_OBJ068,67
images_OBJ006/OBJ006_056.jpg,images_OBJ006,5
images_OBJ010/OBJ010_092.jpg,images_OBJ010,9
images_OBJ044/OBJ044_070.jpg,images_OBJ044,43
images_OBJ051/OBJ051_009.jpg,images_OBJ051,50
images_OBJ069/OBJ069_011.jpg,images_OBJ069,68
images_OBJ031/OBJ031_093.jpg,images_OBJ031,30
images_OBJ008/OBJ008_002.jpg,images_OBJ008,7
images_OBJ046/OBJ046_024.jpg,images_OBJ046,45
images_OBJ061/OBJ061_009.jpg,images_OBJ061,60
images_OBJ004/OBJ004_041.jpg,images_OBJ004,3
images_OBJ018/OBJ018_037.jpg,images_OBJ018,17
images_OBJ057/OBJ057_042.jpg,images_OBJ057,56
images_OBJ041/OBJ041_067.jpg,images_OBJ041,40
images_OBJ009/OBJ009_065.jpg,images_OBJ009,8
images_OBJ014/sunglasses_031.jpeg,images_OBJ014,13
images_OBJ043/OBJ043_056.jpg,images_OBJ043,42
images_OBJ051/OBJ051_030.jpg,images_OBJ051,50
images_OBJ066/OBJ066_059.jpg,images_OBJ066,65
images_OBJ061/OBJ061_048.jpg,images_OBJ061,60
images_OBJ062/OBJ062_068.jpg,images_OBJ062,61
images_OBJ057/OBJ057_007.jpg,images_OBJ057,56
images_OBJ016/OBJ016_084.jpg,images_OBJ016,15
images_OBJ040/OBJ040_082.JPG,images_OBJ040,39
images_OBJ029/OBJ029_091.jpg,images_OBJ029,28
images_OBJ009/OBJ009_019.jpg,images_OBJ009,8
images_OBJ063/OBJ063_072.jpg,images_OBJ063,62
images_OBJ042/OBJ042_011.jpg,images_OBJ042,41
images_OBJ071/OBJ071_029.jpg,images_OBJ071,70
images_OBJ039/OBJ039_019.jpg,images_OBJ039,38
images_OBJ048/OBJ048_029.jpg,images_OBJ048,47
images_OBJ038/OBJ038_061.jpg,images_OBJ038,37
images_OBJ007/OBJ007_054.jpg,images_OBJ007,6
images_OBJ031/OBJ031_086.jpg,images_OBJ031,30
images_OBJ064/OBJ064_046.jpg,images_OBJ064,63
images_OBJ058/OBJ058_058.jpg,images_OBJ058,57
images_OBJ060/OBJ060_28.JPG,images_OBJ060,59
images_OBJ045/OBJ045_001.jpg,images_OBJ045,44
images_OBJ016/OBJ016_bg_005.jpg,images_OBJ016,15
images_OBJ030/OBJ030_040.jpg,images_OBJ030,29
images_OBJ044/OBJ044_025.jpg,images_OBJ044,43
images_OBJ027/OBJ027_019.jpg,images_OBJ027,26
images_OBJ035/OBJ035_092.jpg,images_OBJ035,34
images_OBJ059/OBJ059_007.jpg,images_OBJ059,58
images_OBJ032/OBJ032_037.jpg,images_OBJ032,31
images_OBJ015/OBJ015_093.jpg,images_OBJ015,14
images_OBJ068/OBJ068_030.jpg,images_OBJ068,67
images_OBJ061/OBJ061_062.jpg,images_OBJ061,60
images_OBJ005/OBJ005_067.jpg,images_OBJ005,4
images_OBJ028/OBJ028_040.jpg,images_OBJ028,27
images_OBJ005/OBJ005_043.jpg,images_OBJ005,4
images_OBJ004/OBJ004_085.jpg,images_OBJ004,3
images_OBJ052/OBJ052_078.jpg,images_OBJ052,51
images_OBJ014/sunglasses_010.jpeg,images_OBJ014,13
images_OBJ066/OBJ066_087.jpg,images_OBJ066,65
images_OBJ036/OBJ036_018.jpg,images_OBJ036,35
images_OBJ037/OBJ037_048.jpg,images_OBJ037,36
images_OBJ047/OBJ047_080.jpg,images_OBJ047,46
images_OBJ008/OBJ008_034.jpg,images_OBJ008,7
images_OBJ023/OBJ023_032.JPG,images_OBJ023,22
images_OBJ031/OBJ031_053.jpg,images_OBJ031,30
images_OBJ014/sunglasses_020.jpeg,images_OBJ014,13
images_OBJ049/OBJ049_018.jpg,images_OBJ049,48
images_OBJ056/OBJ056_bg_004.jpg,images_OBJ056,55
images_OBJ039/OBJ039_002.jpg,images_OBJ039,38
images_OBJ040/OBJ040_070.JPG,images_OBJ040,39
images_OBJ050/OBJ050_bg_005.jpg,images_OBJ050,49
images_OBJ051/OBJ051_007.jpg,images_OBJ051,50
images_OBJ039/OBJ039_016.jpg,images_OBJ039,38
images_OBJ028/OBJ028_003.jpg,images_OBJ028,27
images_OBJ035/OBJ035_086.jpg,images_OBJ035,34
images_OBJ054/OBJ054_055.jpg,images_OBJ054,53
images_OBJ003/OBJ003_081.jpg,images_OBJ003,2
images_OBJ012/OBJ012_080.jpg,images_OBJ012,11
images_OBJ030/OBJ030_093.jpg,images_OBJ030,29
images_OBJ002/OBJ002_008.jpg,images_OBJ002,1
images_OBJ002/OBJ002_018.jpg,images_OBJ002,1
images_OBJ039/OBJ039_089.jpg,images_OBJ039,38
images_OBJ069/OBJ069_065.jpg,images_OBJ069,68
images_OBJ039/OBJ039_007.jpg,images_OBJ039,38
images_OBJ012/OBJ012_054.jpg,images_OBJ012,11
images_OBJ066/OBJ066_084.jpg,images_OBJ066,65
images_OBJ055/OBJ055_015.jpg,images_OBJ055,54
images_OBJ020/OBJ020_067.jpg,images_OBJ020,19
images_OBJ041/OBJ041_043.jpg,images_OBJ041,40
images_OBJ044/OBJ044_068.jpg,images_OBJ044,43
images_OBJ031/OBJ031_063.jpg,images_OBJ031,30
images_OBJ055/OBJ055_067.jpg,images_OBJ055,54
images_OBJ001/OBJ001_070.jpg,images_OBJ001,0
images_OBJ054/OBJ054_039.jpg,images_OBJ054,53
images_OBJ071/OBJ071_047.jpg,images_OBJ071,70
images_OBJ056/OBJ056_082.jpg,images_OBJ056,55
images_OBJ026/OBJ026_038.jpg,images_OBJ026,25
images_OBJ071/OBJ071_050.jpg,images_OBJ071,70
images_OBJ027/OBJ027_051.jpg,images_OBJ027,26
images_OBJ059/OBJ059_086.jpg,images_OBJ059,58
images_OBJ039/OBJ039_090.jpg,images_OBJ039,38
images_OBJ017/OBJ017_025.jpg,images_OBJ017,16
images_OBJ069/OBJ069_019.jpg,images_OBJ069,68
images_OBJ057/OBJ057_074.jpg,images_OBJ057,56
images_OBJ034/OBJ034_063.jpg,images_OBJ034,33
images_OBJ023/OBJ023_062.JPG,images_OBJ023,22
images_OBJ040/OBJ040_050.JPG,images_OBJ040,39
images_OBJ040/OBJ040_042.JPG,images_OBJ040,39
images_OBJ036/OBJ036_084.jpg,images_OBJ036,35
images_OBJ037/OBJ037_031.jpg,images_OBJ037,36
images_OBJ036/OBJ036_059.jpg,images_OBJ036,35
images_OBJ056/OBJ056_008.jpg,images_OBJ056,55
images_OBJ016/OBJ016_024.jpg,images_OBJ016,15
images_OBJ072/OBJ072_048.jpg,images_OBJ072,71
images_OBJ037/OBJ037_014.jpg,images_OBJ037,36
images_OBJ054/OBJ054_089.jpg,images_OBJ054,53
images_OBJ032/OBJ032_029.jpg,images_OBJ032,31
images_OBJ057/OBJ057_062.jpg,images_OBJ057,56
images_OBJ028/OBJ028_052.jpg,images_OBJ028,27
images_OBJ031/OBJ031_067.jpg,images_OBJ031,30
images_OBJ042/OBJ042_077.jpg,images_OBJ042,41
images_OBJ028/OBJ028_072.jpg,images_OBJ028,27
images_OBJ008/OBJ008_048.jpg,images_OBJ008,7
images_OBJ008/OBJ008_061.jpg,images_OBJ008,7
images_OBJ057/OBJ057_055.jpg,images_OBJ057,56
images_OBJ070/OBJ070_005.jpg,images_OBJ070,69
images_OBJ003/OBJ003_058.jpg,images_OBJ003,2
images_OBJ010/OBJ010_bg_003.jpg,images_OBJ010,9
images_OBJ049/OBJ049_034.jpg,images_OBJ049,48
images_OBJ057/OBJ057_069.jpg,images_OBJ057,56
images_OBJ017/OBJ017_093.jpg,images_OBJ017,16
images_OBJ022/OBJ022_bg_004.jpeg,images_OBJ022,21
images_OBJ007/OBJ007_057.jpg,images_OBJ007,6
images_OBJ039/OBJ039_003.jpg,images_OBJ039,38
images_OBJ027/OBJ027_087.jpg,images_OBJ027,26
images_OBJ015/OBJ015_080.jpg,images_OBJ015,14
images_OBJ052/OBJ052_088.jpg,images_OBJ052,51
images_OBJ053/OBJ053_036.jpg,images_OBJ053,52
images_OBJ011/OBJ011_080.jpg,images_OBJ011,10
images_OBJ035/OBJ035_003.jpg,images_OBJ035,34
images_OBJ065/OBJ065_004.jpg,images_OBJ065,64
images_OBJ051/OBJ051_065.jpg,images_OBJ051,50
images_OBJ004/OBJ004_070.jpg,images_OBJ004,3
images_OBJ012/OBJ012_024.jpg,images_OBJ012,11
images_OBJ036/OBJ036_026.jpg,images_OBJ036,35
images_OBJ017/OBJ017_bg_002.jpg,images_OBJ017,16
images_OBJ020/OBJ020_064.jpg,images_OBJ020,19
images_OBJ037/OBJ037_054.jpg,images_OBJ037,36
images_OBJ036/OBJ036_010.jpg,images_OBJ036,35
images_OBJ059/OBJ059_092.jpg,images_OBJ059,58
images_OBJ061/OBJ061_019.jpg,images_OBJ061,60
images_OBJ001/OBJ001_065.jpg,images_OBJ001,0
images_OBJ061/OBJ061_053.jpg,images_OBJ061,60
images_OBJ073/OBJ073_063.jpg,images_OBJ073,72
images_OBJ041/OBJ041_033.jpg,images_OBJ041,40
images_OBJ029/OBJ029_044.jpg,images_OBJ029,28
images_OBJ027/OBJ027_028.jpg,images_OBJ027,26
images_OBJ005/OBJ005_098.jpg,images_OBJ005,4
images_OBJ026/OBJ026_020.jpg,images_OBJ026,25
images_OBJ068/OBJ068_bg_005.jpg,images_OBJ068,67
images_OBJ017/OBJ017_030.jpg,images_OBJ017,16
images_OBJ012/OBJ012_034.jpg,images_OBJ012,11
images_OBJ012/OBJ012_042.jpg,images_OBJ012,11
images_OBJ049/OBJ049_025.jpg,images_OBJ049,48
images_OBJ073/OBJ073_030.jpg,images_OBJ073,72
images_OBJ066/OBJ066_bg_005.jpg,images_OBJ066,65
images_OBJ045/OBJ045_008.jpg,images_OBJ045,44
images_OBJ071/OBJ071_087.jpg,images_OBJ071,70
images_OBJ005/OBJ005_055.jpg,images_OBJ005,4
images_OBJ070/OBJ070_065.jpg,images_OBJ070,69
images_OBJ017/OBJ017_035.jpg,images_OBJ017,16
images_OBJ034/OBJ034_066.jpg,images_OBJ034,33
images_OBJ062/OBJ062_048.jpg,images_OBJ062,61
images_OBJ014/sunglasses_066.jpeg,images_OBJ014,13
images_OBJ003/OBJ003_010.jpg,images_OBJ003,2
images_OBJ051/OBJ051_096.jpg,images_OBJ051,50
images_OBJ070/OBJ070_073.jpg,images_OBJ070,69
images_OBJ037/OBJ037_061.jpg,images_OBJ037,36
images_OBJ072/OBJ072_022.jpg,images_OBJ072,71
images_OBJ040/OBJ040_037.JPG,images_OBJ040,39
images_OBJ069/OBJ069_bg_007.jpg,images_OBJ069,68
images_OBJ057/OBJ057_009.jpg,images_OBJ057,56
images_OBJ029/OBJ029_090.jpg,images_OBJ029,28
images_OBJ005/OBJ005_041.jpg,images_OBJ005,4
images_OBJ046/OBJ046_bg_004.jpg,images_OBJ046,45
images_OBJ044/OBJ044_095.jpg,images_OBJ044,43
images_OBJ056/OBJ056_031.jpg,images_OBJ056,55
images_OBJ019/OBJ019_068.jpg,images_OBJ019,18
images_OBJ068/OBJ068_033.jpg,images_OBJ068,67
images_OBJ010/OBJ010_008.jpg,images_OBJ010,9
images_OBJ046/OBJ046_082.jpg,images_OBJ046,45
images_OBJ034/OBJ034_023.jpg,images_OBJ034,33
images_OBJ008/OBJ008_062.jpg,images_OBJ008,7
images_OBJ052/OBJ052_005.jpg,images_OBJ052,51
images_OBJ060/OBJ060_71.JPG,images_OBJ060,59
images_OBJ033/OBJ033_068.jpg,images_OBJ033,32
images_OBJ049/OBJ049_051.jpg,images_OBJ049,48
images_OBJ063/OBJ063_082.jpg,images_OBJ063,62
images_OBJ016/OBJ016_055.jpg,images_OBJ016,15
images_OBJ055/OBJ055_062.jpg,images_OBJ055,54
images_OBJ038/OBJ038_001.jpg,images_OBJ038,37
images_OBJ006/OBJ006_052.jpg,images_OBJ006,5
images_OBJ047/OBJ047_041.jpg,images_OBJ047,46
images_OBJ063/OBJ063_075.jpg,images_OBJ063,62
images_OBJ059/OBJ059_038.jpg,images_OBJ059,58
images_OBJ051/OBJ051_087.jpg,images_OBJ051,50
images_OBJ011/OBJ011_bg_005.jpg,images_OBJ011,10
images_OBJ002/OBJ002_026.jpg,images_OBJ002,1
images_OBJ029/OBJ029_042.jpg,images_OBJ029,28
images_OBJ066/OBJ066_076.jpg,images_OBJ066,65
images_OBJ071/OBJ071_032.jpg,images_OBJ071,70
images_OBJ071/OBJ071_049.jpg,images_OBJ071,70
images_OBJ005/OBJ005_021.jpg,images_OBJ005,4
images_OBJ034/OBJ034_032.jpg,images_OBJ034,33
images_OBJ030/OBJ030_036.jpg,images_OBJ030,29
images_OBJ067/OBJ067_0091.jpg,images_OBJ067,66
images_OBJ073/OBJ073_026.jpg,images_OBJ073,72
images_OBJ041/OBJ041_053.jpg,images_OBJ041,40
images_OBJ061/OBJ061_010.jpg,images_OBJ061,60
images_OBJ017/OBJ017_009.jpg,images_OBJ017,16
images_OBJ002/OBJ002_053.jpg,images_OBJ002,1
images_OBJ060/OBJ060_58.JPG,images_OBJ060,59
images_OBJ049/OBJ049_032.jpg,images_OBJ049,48
images_OBJ039/OBJ039_048.jpg,images_OBJ039,38
images_OBJ006/OBJ006_026.jpg,images_OBJ006,5
images_OBJ071/OBJ071_068.jpg,images_OBJ071,70
images_OBJ048/OBJ048_011.jpg,images_OBJ048,47
images_OBJ046/OBJ046_092.jpg,images_OBJ046,45
images_OBJ017/OBJ017_053.jpg,images_OBJ017,16
images_OBJ040/OBJ040_052.JPG,images_OBJ040,39
images_OBJ032/OBJ032_063.jpg,images_OBJ032,31
images_OBJ050/OBJ050_004.jpg,images_OBJ050,49
images_OBJ051/OBJ051_038.jpg,images_OBJ051,50
images_OBJ015/OBJ015_042.jpg,images_OBJ015,14
images_OBJ032/OBJ032_016.jpg,images_OBJ032,31
images_OBJ055/OBJ055_059.jpg,images_OBJ055,54
images_OBJ035/OBJ035_041.jpg,images_OBJ035,34
images_OBJ067/OBJ067_0057.jpg,images_OBJ067,66
images_OBJ037/OBJ037_035.jpg,images_OBJ037,36
images_OBJ019/OBJ019_055.jpg,images_OBJ019,18
images_OBJ030/OBJ030_042.jpg,images_OBJ030,29
images_OBJ035/OBJ035_021.jpg,images_OBJ035,34
images_OBJ021/OBJ021_065.jpg,images_OBJ021,20
images_OBJ026/OBJ026_004.jpg,images_OBJ026,25
images_OBJ022/OBJ022_084.jpeg,images_OBJ022,21
images_OBJ041/OBJ041_080.jpg,images_OBJ041,40
images_OBJ023/OBJ023_038.JPG,images_OBJ023,22
images_OBJ036/OBJ036_069.jpg,images_OBJ036,35
images_OBJ015/OBJ015_007.jpg,images_OBJ015,14
images_OBJ010/OBJ010_043.jpg,images_OBJ010,9
images_OBJ028/OBJ028_028.jpg,images_OBJ028,27
images_OBJ042/OBJ042_087.jpg,images_OBJ042,41
images_OBJ060/OBJ060_8.JPG,images_OBJ060,59
images_OBJ027/OBJ027_013.jpg,images_OBJ027,26
images_OBJ016/OBJ016_094.jpg,images_OBJ016,15
images_OBJ022/OBJ022_039.jpeg,images_OBJ022,21
images_OBJ036/OBJ036_041.jpg,images_OBJ036,35
images_OBJ040/OBJ040_061.JPG,images_OBJ040,39
images_OBJ049/OBJ049_070.jpg,images_OBJ049,48
images_OBJ016/OBJ016_071.jpg,images_OBJ016,15
images_OBJ041/OBJ041_065.jpg,images_OBJ041,40
images_OBJ025/OBJ025_069.jpg,images_OBJ025,24
images_OBJ006/OBJ006_022.jpg,images_OBJ006,5
images_OBJ030/OBJ030_045.jpg,images_OBJ030,29
images_OBJ014/sunglasses_045.jpeg,images_OBJ014,13
images_OBJ028/OBJ028_079.jpg,images_OBJ028,27
images_OBJ048/OBJ048_070.jpg,images_OBJ048,47
images_OBJ033/OBJ033_036.jpg,images_OBJ033,32
images_OBJ019/OBJ019_067.jpg,images_OBJ019,18
images_OBJ049/OBJ049_069.jpg,images_OBJ049,48
images_OBJ068/OBJ068_095.jpg,images_OBJ068,67
images_OBJ003/OBJ003_041.jpg,images_OBJ003,2
images_OBJ053/OBJ053_003.jpg,images_OBJ053,52
images_OBJ054/OBJ054_073.jpg,images_OBJ054,53
images_OBJ005/OBJ005_044.jpg,images_OBJ005,4
images_OBJ070/OBJ070_079.jpg,images_OBJ070,69
images_OBJ008/OBJ008_070.jpg,images_OBJ008,7
images_OBJ012/OBJ012_009.jpg,images_OBJ012,11
images_OBJ011/OBJ011_004.jpg,images_OBJ011,10
images_OBJ028/OBJ028_006.jpg,images_OBJ028,27
images_OBJ027/OBJ027_041.jpg,images_OBJ027,26
images_OBJ059/OBJ059_058.jpg,images_OBJ059,58
images_OBJ024/OBJ024_062.jpg,images_OBJ024,23
images_OBJ005/OBJ005_bg_008.jpg,images_OBJ005,4
images_OBJ032/OBJ032_090.jpg,images_OBJ032,31
images_OBJ029/OBJ029_072.jpg,images_OBJ029,28
images_OBJ034/OBJ034_014.jpg,images_OBJ034,33
images_OBJ040/OBJ040_043.JPG,images_OBJ040,39
images_OBJ003/OBJ003_021.jpg,images_OBJ003,2
images_OBJ057/OBJ057_037.jpg,images_OBJ057,56
images_OBJ050/OBJ050_042.jpg,images_OBJ050,49
images_OBJ065/OBJ065_011.jpg,images_OBJ065,64
images_OBJ016/OBJ016_075.jpg,images_OBJ016,15
images_OBJ040/OBJ040_005.JPG,images_OBJ040,39
images_OBJ011/OBJ011_090.jpg,images_OBJ011,10
images_OBJ065/OBJ065_005.jpg,images_OBJ065,64
images_OBJ022/OBJ022_042.jpeg,images_OBJ022,21
images_OBJ067/OBJ067_0025.jpg,images_OBJ067,66
images_OBJ009/OBJ009_047.jpg,images_OBJ009,8
images_OBJ004/OBJ004_093.jpg,images_OBJ004,3
images_OBJ043/OBJ043_044.jpg,images_OBJ043,42
images_OBJ063/OBJ063_022.jpg,images_OBJ063,62
images_OBJ015/OBJ015_074.jpg,images_OBJ015,14
images_OBJ034/OBJ034_078.jpg,images_OBJ034,33
images_OBJ005/OBJ005_009.jpg,images_OBJ005,4
images_OBJ052/OBJ052_023.jpg,images_OBJ052,51
images_OBJ010/OBJ010_079.jpg,images_OBJ010,9
images_OBJ046/OBJ046_067.jpg,images_OBJ046,45
images_OBJ008/OBJ008_007.jpg,images_OBJ008,7
images_OBJ034/OBJ034_016.jpg,images_OBJ034,33
images_OBJ037/OBJ037_059.jpg,images_OBJ037,36
images_OBJ013/OBJ013_016.jpg,images_OBJ013,12
images_OBJ032/OBJ032_056.jpg,images_OBJ032,31
images_OBJ006/OBJ006_081.jpg,images_OBJ006,5
images_OBJ058/OBJ058_092.jpg,images_OBJ058,57
images_OBJ056/OBJ056_043.jpg,images_OBJ056,55
images_OBJ039/OBJ039_067.jpg,images_OBJ039,38
images_OBJ058/OBJ058_041.jpg,images_OBJ058,57
images_OBJ015/OBJ015_016.jpg,images_OBJ015,14
images_OBJ062/OBJ062_076.jpg,images_OBJ062,61
images_OBJ068/OBJ068_060.jpg,images_OBJ068,67
images_OBJ017/OBJ017_054.jpg,images_OBJ017,16
images_OBJ049/OBJ049_058.jpg,images_OBJ049,48
images_OBJ008/OBJ008_076.jpg,images_OBJ008,7
images_OBJ070/OBJ070_004.jpg,images_OBJ070,69
images_OBJ063/OBJ063_069.jpg,images_OBJ063,62
images_OBJ050/OBJ050_021.jpg,images_OBJ050,49
images_OBJ020/OBJ020_031.jpg,images_OBJ020,19
images_OBJ073/OBJ073_090.jpg,images_OBJ073,72
images_OBJ020/OBJ020_053.jpg,images_OBJ020,19
images_OBJ059/OBJ059_024.jpg,images_OBJ059,58
images_OBJ026/OBJ026_081.jpg,images_OBJ026,25
images_OBJ051/OBJ051_076.jpg,images_OBJ051,50
images_OBJ003/OBJ003_063.jpg,images_OBJ003,2
images_OBJ059/OBJ059_025.jpg,images_OBJ059,58
images_OBJ010/OBJ010_025.jpg,images_OBJ010,9
images_OBJ037/OBJ037_090.jpg,images_OBJ037,36
images_OBJ072/OBJ072_bg_01.jpg,images_OBJ072,71
images_OBJ049/OBJ049_055.jpg,images_OBJ049,48
images_OBJ014/sunglasses_007.jpeg,images_OBJ014,13
images_OBJ048/OBJ048_086.jpg,images_OBJ048,47
images_OBJ060/OBJ060_3.JPG,images_OBJ060,59
images_OBJ061/OBJ061_031.jpg,images_OBJ061,60
images_OBJ002/OBJ002_031.jpg,images_OBJ002,1
images_OBJ033/OBJ033_059.jpg,images_OBJ033,32
images_OBJ058/OBJ058_085.jpg,images_OBJ058,57
images_OBJ072/OBJ072_041.jpg,images_OBJ072,71
images_OBJ027/OBJ027_050.jpg,images_OBJ027,26
images_OBJ004/OBJ004_079.jpg,images_OBJ004,3
images_OBJ048/OBJ048_050.jpg,images_OBJ048,47
images_OBJ056/OBJ056_065.jpg,images_OBJ056,55
images_OBJ058/OBJ058_047.jpg,images_OBJ058,57
images_OBJ052/OBJ052_064.jpg,images_OBJ052,51
images_OBJ007/OBJ007_062.jpg,images_OBJ007,6
images_OBJ051/OBJ051_011.jpg,images_OBJ051,50
images_OBJ032/OBJ032_094.jpg,images_OBJ032,31
images_OBJ048/OBJ048_003.jpg,images_OBJ048,47
images_OBJ051/OBJ051_025.jpg,images_OBJ051,50
images_OBJ041/OBJ041_004.jpg,images_OBJ041,40
images_OBJ036/OBJ036_087.jpg,images_OBJ036,35
images_OBJ052/OBJ052_003.jpg,images_OBJ052,51
images_OBJ045/OBJ045_068.jpg,images_OBJ045,44
images_OBJ060/OBJ060_bg_001.JPG,images_OBJ060,59
images_OBJ017/OBJ017_073.jpg,images_OBJ017,16
images_OBJ059/OBJ059_079.jpg,images_OBJ059,58
images_OBJ002/OBJ002_021.jpg,images_OBJ002,1
images_OBJ045/OBJ045_033.jpg,images_OBJ045,44
images_OBJ055/OBJ055_087.jpg,images_OBJ055,54
images_OBJ013/OBJ013_020.jpg,images_OBJ013,12
images_OBJ018/OBJ018_021.jpg,images_OBJ018,17
images_OBJ039/OBJ039_008.jpg,images_OBJ039,38
images_OBJ021/OBJ021_049.jpg,images_OBJ021,20
images_OBJ020/OBJ020_040.jpg,images_OBJ020,19
images_OBJ057/OBJ057_070.jpg,images_OBJ057,56
images_OBJ007/OBJ007_068.jpg,images_OBJ007,6
images_OBJ062/OBJ062_014.jpg,images_OBJ062,61
images_OBJ058/OBJ058_022.jpg,images_OBJ058,57
images_OBJ059/OBJ059_093.jpg,images_OBJ059,58
images_OBJ044/OBJ044_041.jpg,images_OBJ044,43
images_OBJ070/OBJ070_015.jpg,images_OBJ070,69
images_OBJ060/OBJ060_11.JPG,images_OBJ060,59
images_OBJ008/OBJ008_068.jpg,images_OBJ008,7
images_OBJ009/OBJ009_083.jpg,images_OBJ009,8
images_OBJ055/OBJ055_bg_004.jpg,images_OBJ055,54
images_OBJ006/OBJ006_086.jpg,images_OBJ006,5
images_OBJ001/OBJ001_069.jpg,images_OBJ001,0
images_OBJ013/OBJ013_023.jpg,images_OBJ013,12
images_OBJ036/OBJ036_037.jpg,images_OBJ036,35
images_OBJ060/OBJ060_85.JPG,images_OBJ060,59
images_OBJ001/OBJ001_056.jpg,images_OBJ001,0
images_OBJ006/OBJ006_045.jpg,images_OBJ006,5
images_OBJ006/OBJ006_054.jpg,images_OBJ006,5
images_OBJ064/OBJ064_bg_001.jpg,images_OBJ064,63
images_OBJ030/OBJ030_017.jpg,images_OBJ030,29
images_OBJ044/OBJ044_079.jpg,images_OBJ044,43
images_OBJ029/OBJ029_018.jpg,images_OBJ029,28
images_OBJ003/OBJ003_bg_004.jpg,images_OBJ003,2
images_OBJ032/OBJ032_023.jpg,images_OBJ032,31
images_OBJ062/OBJ062_064.jpg,images_OBJ062,61
images_OBJ045/OBJ045_086.jpg,images_OBJ045,44
images_OBJ058/OBJ058_bg_003.jpg,images_OBJ058,57
images_OBJ048/OBJ048_007.jpg,images_OBJ048,47
images_OBJ056/OBJ056_006.jpg,images_OBJ056,55
images_OBJ056/OBJ056_095.jpg,images_OBJ056,55
images_OBJ027/OBJ027_044.jpg,images_OBJ027,26
images_OBJ019/OBJ019_094.jpg,images_OBJ019,18
images_OBJ009/OBJ009_046.jpg,images_OBJ009,8
images_OBJ011/OBJ011_015.jpg,images_OBJ011,10
images_OBJ044/OBJ044_087.jpg,images_OBJ044,43
images_OBJ010/OBJ010_011.jpg,images_OBJ010,9
images_OBJ050/OBJ050_083.jpg,images_OBJ050,49
images_OBJ066/OBJ066_074.jpg,images_OBJ066,65
images_OBJ073/OBJ073_076.jpg,images_OBJ073,72
images_OBJ049/OBJ049_045.jpg,images_OBJ049,48
images_OBJ045/OBJ045_083.jpg,images_OBJ045,44
images_OBJ069/OBJ069_022.jpg,images_OBJ069,68
images_OBJ055/OBJ055_082.jpg,images_OBJ055,54
